Task_ID,Task_Date,Machine_ID,Machine_Type,Machine_Age_yrs,Machine_Maintenance_Status,Operator_ID,Operator_Skill,Operator_Fatigue_Level,Task_Type,Task_Volume,Load_Weight_tons,Travel_Distance_m,Fuel_Consumption_L,Idle_Time_during_task_min,Site_Terrain,Site_Condition,Weather,Temperature_C,Humidity_Percent,Visibility,Shift_Time,Estimated_Time_min,Breakdown_During_Task,Delay_Reason,Actual_Time_min,Time_Deviation_Percent
TASK00001,2025-01-22,MC1010,Excavator,10,Due Soon,OP1011,Intermediate,2.4,Demolition,71.8,0.69,369.5,2.48,15.0,Muddy,Normal,Clear,28.9,55.8,Poor,Morning,74.0,No,None,143.6,94.05
TASK00002,2025-02-21,MC1001,Excavator,1,Due Soon,OP1001,Beginner,8.5,Demolition,135.2,1.35,294.6,2.66,12.0,Rocky,Normal,Cloudy,30.5,79.7,Good,Night,123.4,No,None,220.8,78.93
TASK00003,2025-01-27,MC1010,Excavator,10,Good,OP1019,Expert,1.6,Earth Excavation,292.4,4.67,554.2,7.98,17.0,Flat,Wet,Clear,33.5,51.5,Good,Afternoon,164.1,No,Weather,223.0,35.89
TASK00004,2025-05-20,MC1007,Bulldozer,7,Due Soon,OP1012,Intermediate,4.8,Trenching,253.9,2.98,504.7,7.22,8.7,Rolling,,Cloudy,25.8,68.2,Moderate,Afternoon,187.6,No,None,246.0,31.13
TASK00005,2025-08-15,MC1003,Excavator,4,Due Soon,OP1009,Intermediate,5.4,Demolition,155.4,1.91,553.3,4.52,21.4,Steep,Normal,Cloudy,32.0,71.7,Good,Morning,139.2,No,None,197.7,42.03
TASK00006,2025-11-16,MC1003,Excavator,4,Good,OP1009,Intermediate,2.5,Material Loading,354.7,7.89,522.4,9.25,15.4,Rolling,Loose,Windy,28.5,51.0,Good,Afternoon,144.8,No,None,240.1,65.81
TASK00007,2025-03-15,MC1005,Loader,6,Good,OP1012,Intermediate,1.1,Earth Excavation,82.0,1.39,144.8,2.02,25.2,Flat,Normal,Windy,22.5,40.7,Good,Night,54.7,No,None,106.9,95.43
TASK00008,2025-01-26,MC1001,Excavator,1,Good,OP1016,Expert,3.1,Earth Excavation,228.7,1.37,229.2,3.37,6.6,Flat,Dry,Rainy,19.4,83.9,Moderate,Morning,130.9,No,None,143.5,9.63
TASK00009,2025-02-09,MC1007,Bulldozer,7,Due Soon,OP1019,Expert,2.4,Grading,871.0,7.54,566.6,17.74,1.3,Flat,Normal,Cloudy,27.7,49.6,Good,Afternoon,405.9,No,None,379.4,-6.53
TASK00010,2025-08-02,MC1008,Bulldozer,8,Good,OP1013,Intermediate,5.1,Trenching,73.9,0.6,211.2,1.99,9.5,Flat,Dry,Cloudy,24.7,68.6,Good,Afternoon,65.3,Yes,Equipment Fault,148.8,127.87
TASK00011,2025-09-19,MC1004,Loader,5,Due Soon,OP1010,Intermediate,4.8,Trenching,199.0,1.7,722.7,5.4,3.8,Muddy,Dry,Windy,26.8,61.2,Poor,Afternoon,150.3,No,None,282.5,87.96
TASK00012,2025-01-08,MC1005,Loader,6,Good,OP1013,Intermediate,4.8,Material Loading,128.8,1.92,268.4,3.1,16.4,Rolling,,Hot,31.5,54.7,Moderate,Afternoon,59.0,No,,94.3,59.83
TASK00013,2025-09-07,MC1009,Bulldozer,9,Good,OP1010,Intermediate,2.0,Trenching,190.1,0.81,419.6,4.48,5.7,Rolling,Wet,Clear,,35.5,Poor,Morning,144.3,No,None,215.3,49.2
TASK00014,2025-10-28,MC1005,Loader,6,Good,OP1003,Beginner,2.6,Trenching,135.2,1.34,419.5,3.33,27.5,Rocky,Normal,Rainy,28.5,76.1,Good,Afternoon,107.0,No,,206.1,92.62
TASK00015,2025-11-30,MC1006,Loader,3,Good,OP1006,Beginner,1.1,Material Loading,184.2,5.06,326.4,5.68,20.0,Muddy,Dry,Hot,34.4,,Good,Afternoon,80.0,No,None,156.0,95.0
TASK00016,2025-02-16,MC1001,Excavator,1,Good,OP1013,Intermediate,1.6,Earth Excavation,145.7,,247.9,3.98,2.5,Rolling,Normal,Hot,36.3,55.0,Good,Afternoon,87.7,No,None,112.4,28.16
TASK00017,2025-10-26,MC1010,Excavator,10,Good,OP1002,Beginner,2.4,Grading,345.6,0.77,539.0,6.23,41.7,Muddy,Normal,Rainy,24.9,77.4,Good,Afternoon,169.5,No,None,564.7,233.16
TASK00018,2025-05-09,MC1010,Excavator,10,Good,OP1005,Beginner,4.9,Demolition,182.2,2.57,313.5,4.29,6.9,Steep,Normal,Clear,20.7,60.8,Moderate,Morning,160.1,No,None,284.6,77.76
TASK00019,2025-08-30,MC1008,Bulldozer,8,Good,OP1006,Beginner,,Trenching,160.6,1.07,414.5,3.99,4.2,Flat,,Windy,26.7,39.8,Moderate,Afternoon,124.2,No,,194.1,56.28
TASK00020,2025-06-29,MC1001,Excavator,1,Good,OP1013,Intermediate,3.2,Trenching,246.1,,237.6,3.51,3.9,Rocky,Dry,Hot,35.0,45.0,Poor,Morning,182.4,No,None,292.0,60.09
TASK00021,2025-06-04,MC1009,Bulldozer,9,Good,OP1011,Intermediate,3.2,Earth Excavation,215.9,2.69,191.3,5.24,7.9,Muddy,Wet,Clear,27.6,77.8,Poor,Afternoon,124.3,No,None,246.6,98.39
TASK00022,2025-10-03,MC1002,Excavator,2,Good,OP1013,Intermediate,4.3,Trenching,226.0,1.64,621.0,,5.0,Steep,Normal,Clear,27.4,79.2,Good,Afternoon,168.6,No,None,229.2,35.94
TASK00023,2025-10-18,MC1009,Bulldozer,9,Good,OP1003,Beginner,4.6,Grading,745.3,4.62,966.0,16.03,2.3,Muddy,Normal,Clear,26.3,82.5,Good,Afternoon,349.4,No,None,663.2,89.81
TASK00024,2025-05-14,MC1005,Loader,6,Due Soon,OP1007,Intermediate,1.0,Demolition,201.7,2.73,128.3,3.75,44.2,Rolling,Muddy,Cloudy,20.6,67.8,Good,Afternoon,175.3,No,None,292.0,66.57
TASK00025,2025-02-09,MC1004,Loader,5,Due Soon,OP1004,Beginner,5.6,Grading,699.0,4.32,535.1,11.08,23.7,Rocky,Muddy,Windy,27.2,72.4,Good,Afternoon,328.5,No,None,732.6,123.01
TASK00026,2025-02-14,MC1001,Excavator,1,Good,OP1013,Intermediate,5.8,Trenching,67.0,0.5,473.9,1.81,9.5,Rocky,Normal,Clear,23.2,61.2,Moderate,Morning,60.6,No,None,104.8,72.94
TASK00027,2025-08-13,MC1010,Excavator,10,Good,OP1007,Intermediate,1.3,Demolition,219.7,2.19,189.4,5.29,7.3,Flat,Dry,Rainy,24.0,91.6,Good,Morning,189.4,No,None,283.8,49.84
TASK00028,2025-05-27,MC1009,Bulldozer,9,Good,OP1002,Beginner,5.0,Grading,287.8,1.64,718.8,6.55,6.7,Rocky,Normal,Cloudy,23.4,,Good,Afternoon,143.5,No,None,250.9,74.84
TASK00029,2025-04-13,MC1002,Excavator,2,Overdue,OP1015,Expert,1.4,Demolition,174.0,1.37,217.3,3.23,29.9,Flat,Normal,Clear,28.0,87.5,Good,Morning,153.7,No,None,162.0,5.4
TASK00030,2025-09-05,MC1005,Loader,6,Due Soon,OP1003,Beginner,1.5,Grading,382.8,2.16,,6.82,7.8,Rocky,Muddy,Cloudy,27.7,81.5,Good,Morning,186.3,No,None,406.5,118.2
TASK00031,2025-12-12,MC1006,Loader,3,Due Soon,OP1012,Intermediate,4.3,Earth Excavation,104.2,1.65,271.8,,,Muddy,Normal,Clear,29.8,79.8,Poor,Night,66.2,No,None,130.8,97.58
TASK00032,2025-08-26,MC1005,Loader,6,Good,OP1012,Intermediate,2.5,Demolition,68.0,0.56,82.8,1.29,30.5,Rolling,Dry,Cloudy,23.3,68.5,,Morning,71.1,No,None,113.1,59.07
TASK00033,2025-07-24,MC1009,Bulldozer,9,Good,OP1007,Intermediate,2.1,Material Loading,559.4,9.09,316.0,16.07,64.6,Rocky,Normal,Rainy,26.0,63.4,Good,Morning,222.6,No,None,469.6,110.96
TASK00034,2025-11-05,MC1005,Loader,6,Due Soon,OP1013,Intermediate,6.3,Trenching,81.0,0.94,1019.6,3.96,3.1,Flat,Dry,Clear,31.0,51.8,Good,Night,70.1,No,None,101.7,45.08
TASK00035,2025-06-13,MC1005,Loader,6,Good,OP1017,Expert,5.8,Material Loading,549.4,13.54,290.1,14.31,5.3,Rocky,Normal,Clear,28.3,46.8,,Afternoon,218.8,Yes,Equipment Fault,460.8,110.6
TASK00036,2025-06-05,MC1006,Loader,3,Good,OP1017,Expert,3.5,Demolition,121.2,0.77,413.0,2.3,75.0,Rocky,Wet,Windy,32.6,77.1,Good,Night,112.6,No,None,242.3,115.19
TASK00037,2025-10-01,MC1008,Bulldozer,8,Due Soon,OP1002,Beginner,4.3,Earth Excavation,308.4,2.19,247.1,5.75,7.5,Rocky,Normal,Cloudy,29.4,75.4,Moderate,Morning,172.4,No,None,321.6,86.54
TASK00038,2025-09-17,MC1008,Bulldozer,8,Overdue,OP1005,Beginner,3.1,Demolition,171.3,1.09,218.4,3.78,7.4,Rolling,Wet,Clear,26.1,72.3,Moderate,Afternoon,151.6,No,None,292.0,92.61
TASK00039,2025-05-17,MC1002,Excavator,2,Due Soon,OP1006,Beginner,1.7,Trenching,75.5,0.7,,2.32,14.1,Steep,Normal,Clear,28.7,47.6,Moderate,Afternoon,66.4,No,None,114.3,72.14
TASK00040,2025-02-12,MC1005,Loader,6,Due Soon,OP1002,Beginner,1.0,Trenching,227.6,1.98,197.8,,2.1,Flat,Wet,Clear,26.5,61.1,Moderate,Morning,169.8,No,None,252.7,48.82
TASK00041,2025-04-24,MC1008,Bulldozer,8,Good,OP1006,Beginner,6.6,Demolition,204.5,2.02,164.1,4.35,54.6,Rocky,Normal,Cloudy,24.3,68.7,Moderate,Night,177.5,No,None,342.3,92.85
TASK00042,2025-02-26,MC1009,Bulldozer,9,Overdue,OP1018,Expert,4.8,Grading,222.6,1.35,836.4,6.43,45.0,Flat,Normal,Rainy,24.2,83.7,Good,Morning,114.2,No,,179.9,57.53
TASK00043,2025-01-03,MC1009,Bulldozer,9,Good,OP1009,Intermediate,1.2,Material Loading,487.9,5.09,306.2,11.8,28.7,Rolling,Wet,Rainy,24.8,88.9,Good,Morning,195.4,No,None,385.2,97.13
TASK00044,2025-05-31,MC1003,Excavator,4,Good,OP1012,Intermediate,4.8,Demolition,121.8,1.69,566.4,3.65,17.0,Muddy,Wet,Clear,21.6,73.0,Moderate,Afternoon,113.0,No,None,215.0,90.27
TASK00045,2025-10-27,MC1008,Bulldozer,8,Overdue,OP1011,Intermediate,6.1,Demolition,206.0,2.19,241.2,5.5,22.7,Rolling,Normal,Windy,28.0,67.7,Moderate,Afternoon,178.7,No,,301.9,68.94
TASK00046,2025-09-21,MC1010,Excavator,10,Good,OP1013,Intermediate,7.9,Material Loading,512.9,14.28,240.0,16.95,3.8,Rocky,Normal,Clear,23.8,48.3,Good,Night,204.9,No,None,406.0,98.15
TASK00047,2025-08-17,MC1007,Bulldozer,7,Good,OP1010,Intermediate,2.8,Earth Excavation,304.6,3.47,239.3,7.33,14.1,Steep,Normal,Windy,29.7,61.4,Moderate,Morning,170.4,No,None,270.8,58.92
TASK00048,2025-01-19,MC1001,Excavator,1,Good,OP1010,Intermediate,1.0,Grading,301.4,2.36,844.1,6.88,3.5,Rocky,Muddy,Hot,28.2,46.7,Moderate,Morning,149.6,No,None,263.2,75.94
TASK00049,2025-06-02,MC1009,Bulldozer,9,Good,OP1012,Intermediate,4.4,Material Loading,262.2,3.6,165.1,6.98,10.8,Flat,Normal,Windy,26.1,67.8,Good,Morning,109.6,No,None,156.4,42.7
TASK00050,2025-09-14,MC1008,Bulldozer,8,Good,OP1004,Beginner,3.4,Material Loading,375.8,9.3,455.5,13.23,9.3,Muddy,Wet,Clear,28.0,45.3,Moderate,Afternoon,152.8,Yes,Equipment Fault,409.0,167.67
TASK00051,2025-03-11,MC1004,Loader,5,Overdue,OP1015,Expert,3.2,Demolition,159.0,1.06,135.2,2.64,26.0,Flat,Normal,Rainy,28.6,79.8,Good,Night,142.0,No,None,185.2,30.42
TASK00052,2025-04-25,MC1002,Excavator,2,Good,OP1012,Intermediate,6.4,Grading,347.0,2.62,936.9,7.93,6.6,Flat,Wet,Windy,26.7,73.5,Good,Afternoon,170.1,No,None,229.2,34.74
TASK00053,2025-07-20,MC1002,Excavator,2,Good,OP1014,Expert,5.8,Earth Excavation,201.5,3.2,581.4,4.94,21.9,Flat,Wet,Cloudy,24.0,69.7,Poor,Morning,116.8,No,Weather,186.3,59.5
TASK00054,2025-04-27,MC1003,Excavator,4,Good,OP1016,Expert,5.2,Material Loading,288.4,3.11,566.9,6.7,5.3,,Loose,Clear,30.5,50.8,Good,Afternoon,119.6,No,None,143.5,19.98
TASK00055,2025-09-02,MC1009,Bulldozer,9,Good,OP1009,Intermediate,3.8,Material Loading,548.5,6.89,258.5,12.5,8.8,,Dry,Cloudy,,70.0,Good,Morning,218.4,No,None,249.5,14.24
TASK00056,2025-07-28,MC1001,Excavator,1,Good,OP1004,Beginner,2.0,Demolition,108.0,1.21,94.7,1.91,16.0,Flat,Dry,Cloudy,28.4,75.0,Good,Morning,102.3,No,Site Condition,146.6,43.3
TASK00057,2025-09-09,MC1006,Loader,3,Good,OP1014,Expert,5.8,Demolition,218.9,3.25,340.0,4.39,36.0,Muddy,Wet,Clear,33.3,68.8,Poor,Morning,188.7,No,,311.3,64.97
TASK00058,2025-09-14,MC1006,Loader,3,Good,OP1002,Beginner,3.2,Demolition,67.0,0.92,266.6,1.62,13.5,Rocky,Dry,Windy,23.0,60.9,Moderate,Afternoon,70.3,No,None,136.9,94.74
TASK00059,2025-03-15,MC1004,Loader,5,Due Soon,OP1020,Expert,2.9,Earth Excavation,416.8,4.11,424.5,7.75,6.9,Muddy,Muddy,Cloudy,24.0,67.0,Moderate,Morning,228.7,No,None,355.8,55.57
TASK00060,2025-12-12,MC1001,Excavator,1,Good,OP1005,Beginner,2.9,Grading,464.2,2.0,,8.18,6.7,Rolling,Muddy,Cloudy,25.1,64.0,Good,Night,222.9,No,None,430.9,93.32
TASK00061,2025-10-15,MC1010,Excavator,10,Due Soon,OP1019,Expert,2.9,Demolition,159.0,1.95,243.1,,17.2,Flat,Muddy,Clear,34.0,42.3,Moderate,,142.0,No,None,216.8,52.68
TASK00062,2025-10-17,MC1006,Loader,3,Good,OP1019,Expert,3.4,Earth Excavation,98.4,1.51,551.0,2.66,7.5,Rocky,Loose,Clear,31.7,49.9,Moderate,Morning,63.2,No,None,53.9,-14.72
TASK00063,2025-01-24,MC1009,Bulldozer,9,Good,OP1014,Expert,1.2,Earth Excavation,115.7,1.87,249.6,3.78,2.6,Flat,Loose,Rainy,22.8,77.6,Moderate,Morning,72.2,No,None,102.4,41.83
TASK00064,2025-01-15,MC1010,Excavator,10,Good,OP1004,Beginner,6.7,Earth Excavation,371.1,,188.3,8.94,23.1,Rocky,Muddy,Cloudy,24.7,57.3,Good,Night,205.0,No,None,536.1,161.51
TASK00065,2025-12-19,MC1006,Loader,3,Good,OP1017,Expert,1.7,Material Loading,393.5,10.65,358.4,10.37,31.7,Steep,Loose,Cloudy,29.6,72.6,Good,Morning,159.5,No,None,242.8,52.23
TASK00066,2025-09-24,MC1001,Excavator,1,Good,OP1017,Expert,7.0,Grading,754.9,3.7,436.9,12.0,28.3,Flat,Muddy,Clear,30.5,55.5,Good,Night,353.7,No,Material Availability,566.8,60.25
TASK00067,2025-08-14,MC1006,Loader,3,Due Soon,OP1013,Intermediate,,Material Loading,114.2,2.36,322.3,3.08,7.2,Rolling,Dry,Clear,22.4,55.3,Good,Morning,53.4,No,None,71.4,33.71
TASK00068,2025-07-23,MC1005,Loader,6,Good,OP1010,Intermediate,1.3,Grading,705.3,3.88,581.9,11.0,6.7,Rocky,Normal,Cloudy,28.6,51.4,Moderate,Afternoon,331.4,No,None,428.5,29.3
TASK00069,2025-02-05,MC1009,Bulldozer,9,Overdue,OP1013,Intermediate,3.6,Demolition,68.0,0.5,232.7,2.1,31.4,Muddy,Normal,Rainy,24.9,79.0,Good,Afternoon,71.1,No,None,171.7,141.49
TASK00070,2025-01-20,MC1001,Excavator,1,Good,OP1009,Intermediate,1.0,Demolition,210.6,1.9,211.1,3.26,34.1,Flat,Normal,Cloudy,20.8,74.1,Good,Morning,182.3,No,None,204.7,12.29
TASK00071,2025-02-25,MC1010,Excavator,10,Due Soon,OP1017,Expert,4.7,Demolition,169.4,1.81,336.0,4.25,16.6,Steep,Wet,Clear,33.3,52.5,Moderate,Afternoon,150.1,No,None,206.0,37.24
TASK00072,2025-05-16,MC1008,Bulldozer,8,Good,OP1006,Beginner,5.5,Grading,373.0,2.53,662.9,8.71,5.4,Flat,,Windy,30.5,68.4,Good,Night,181.8,No,None,307.7,69.25
TASK00073,2025-09-08,MC1009,Bulldozer,9,Good,OP1012,Intermediate,1.0,Grading,405.7,2.62,483.0,8.82,8.9,Rocky,Normal,Clear,31.0,55.3,Good,Morning,196.6,No,None,265.9,35.25
TASK00074,2025-01-08,MC1004,Loader,5,Good,OP1017,Expert,,Demolition,107.8,0.65,385.2,2.27,13.6,Muddy,Muddy,Cloudy,25.2,70.1,Good,Afternoon,102.1,No,,164.5,61.12
TASK00075,2025-01-04,MC1001,Excavator,1,Due Soon,OP1002,Beginner,7.0,Material Loading,224.3,3.11,256.8,4.48,2.8,Rolling,Dry,Clear,27.8,53.2,Moderate,Night,95.2,No,None,172.9,81.62
TASK00076,2025-06-09,MC1002,Excavator,2,Overdue,OP1017,Expert,3.6,Demolition,121.8,1.89,311.0,3.47,20.4,Muddy,Loose,Clear,23.6,47.0,Good,Morning,113.0,No,None,177.7,57.26
TASK00077,2025-09-16,MC1007,Bulldozer,7,Due Soon,OP1001,Beginner,4.2,Demolition,48.9,0.5,326.1,2.02,27.6,Flat,,Cloudy,,71.1,Moderate,Night,56.2,No,None,101.5,80.6
TASK00078,2025-01-25,MC1010,Excavator,10,Good,OP1018,Expert,5.5,Trenching,182.6,0.88,451.3,4.01,5.8,,Wet,Clear,30.2,52.1,Good,Morning,139.2,No,None,217.8,56.47
TASK00079,2025-07-02,MC1001,Excavator,1,Due Soon,OP1018,Expert,4.7,Material Loading,513.4,11.15,214.1,,21.0,Flat,Loose,Cloudy,30.1,42.9,Good,Afternoon,205.1,No,None,259.2,26.38
TASK00080,2025-04-05,MC1006,Loader,3,Good,OP1007,Intermediate,1.2,Earth Excavation,437.5,6.73,142.8,9.12,24.3,Steep,Dry,Rainy,24.7,83.2,Moderate,Morning,239.5,No,None,397.5,65.97
TASK00081,2025-01-28,MC1001,Excavator,1,Good,OP1017,Expert,5.1,Earth Excavation,302.5,5.64,382.4,6.06,8.7,Flat,Loose,Clear,26.4,59.3,Good,,169.3,No,None,184.9,9.21
TASK00082,2025-04-21,MC1004,Loader,5,Good,OP1002,Beginner,,Material Loading,591.7,9.86,199.6,10.42,25.8,,Muddy,Clear,36.7,51.4,Moderate,Afternoon,234.8,No,None,411.9,75.43
TASK00083,2025-02-23,MC1002,Excavator,2,Good,OP1004,Beginner,1.0,Grading,492.4,1.1,383.9,6.53,8.7,Flat,Normal,Clear,37.0,83.5,Good,Morning,235.6,No,None,293.8,24.7
TASK00084,2025-11-07,MC1009,Bulldozer,9,Good,OP1019,Expert,3.5,Grading,364.3,1.1,686.0,8.49,4.5,Muddy,Normal,Hot,37.9,57.3,Good,Morning,177.9,No,None,223.5,25.63
TASK00085,2025-12-08,MC1003,Excavator,4,Due Soon,OP1020,Expert,1.3,Material Loading,486.7,12.43,504.1,12.57,8.5,Rocky,Dry,Clear,29.5,45.0,Poor,Morning,195.0,No,None,321.3,64.77
TASK00086,2025-02-02,MC1009,Bulldozer,9,Good,OP1010,Intermediate,2.5,Trenching,137.4,0.91,714.5,4.24,7.8,Muddy,Wet,Cloudy,22.5,64.0,Moderate,Morning,108.4,No,,193.0,78.04
TASK00087,2025-07-13,MC1004,Loader,5,Good,OP1001,Beginner,7.0,Demolition,131.3,1.01,252.7,2.56,29.1,Flat,Wet,Windy,21.6,78.2,Moderate,Afternoon,120.4,No,None,209.2,73.75
TASK00088,2025-10-31,MC1008,Bulldozer,8,Good,OP1002,Beginner,1.4,Earth Excavation,352.8,6.0,530.2,9.25,10.1,Rolling,Muddy,Clear,26.5,65.8,Good,Morning,195.5,No,,288.4,47.52
TASK00089,2025-12-03,MC1002,Excavator,2,Good,OP1019,Expert,3.4,Trenching,166.4,0.69,491.4,3.23,13.7,Muddy,Muddy,Windy,31.6,36.8,Good,Morning,128.1,No,None,206.0,60.81
TASK00090,2025-01-13,MC1009,Bulldozer,9,Good,OP1008,Intermediate,4.5,Demolition,92.5,,398.0,2.77,35.1,Flat,Loose,Hot,33.4,34.9,Good,Morning,90.1,No,None,135.5,50.39
TASK00091,2025-08-23,MC1004,Loader,5,Due Soon,OP1003,Beginner,5.2,Trenching,213.5,,229.3,3.47,4.2,Flat,Wet,Hot,39.2,60.1,Moderate,Morning,160.2,No,None,270.8,69.04
TASK00092,2025-04-29,MC1009,Bulldozer,9,Good,OP1020,Expert,6.5,Earth Excavation,369.5,4.36,219.3,9.37,27.3,Muddy,Loose,Windy,,76.6,Moderate,Night,204.2,No,None,406.5,99.07
TASK00093,2025-09-25,MC1003,Excavator,4,Good,OP1015,Expert,2.5,Trenching,196.5,1.35,304.9,,11.7,Rolling,Normal,Clear,28.3,34.4,Good,Morning,148.6,No,None,158.3,6.53
TASK00094,2025-09-22,MC1010,Excavator,10,Good,OP1001,Beginner,1.1,Trenching,191.4,0.96,,4.06,6.6,Steep,Wet,Clear,,62.8,Good,Afternoon,145.1,No,None,230.0,58.51
TASK00095,2025-09-20,MC1002,Excavator,2,Due Soon,OP1004,Beginner,1.0,Material Loading,288.3,,407.9,8.3,9.3,Rocky,Loose,Clear,33.5,56.6,Good,Morning,119.5,Yes,Equipment Fault,274.3,129.54
TASK00096,2025-12-02,MC1008,Bulldozer,8,Good,OP1010,Intermediate,7.1,Material Loading,130.0,1.92,510.3,4.05,6.6,Muddy,Muddy,Clear,26.6,54.8,Good,Night,59.4,No,None,132.2,122.56
TASK00097,2025-04-22,MC1001,Excavator,1,Good,OP1012,Intermediate,7.1,Trenching,81.2,0.5,855.9,3.07,10.8,Muddy,Wet,Windy,26.6,60.7,Moderate,Night,70.2,No,,309.1,340.31
TASK00098,2025-03-02,MC1005,Loader,6,Good,OP1020,Expert,3.0,Material Loading,466.6,9.23,109.9,,6.9,Rolling,Loose,Clear,26.6,65.8,Good,Morning,187.3,No,None,218.2,16.5
TASK00099,2025-10-15,MC1006,Loader,3,Overdue,OP1003,Beginner,3.6,Demolition,118.6,0.69,224.1,2.13,6.2,Steep,Wet,Cloudy,26.0,66.9,Good,Morning,110.5,No,None,195.5,76.92
TASK00100,2025-09-20,MC1006,Loader,3,Good,OP1001,Beginner,3.7,Earth Excavation,354.9,4.19,528.5,6.9,8.2,Rolling,Dry,Hot,34.1,35.1,Good,Afternoon,196.6,No,None,274.0,39.37
TASK00101,2025-09-06,MC1010,Excavator,10,Due Soon,OP1016,Expert,6.2,Demolition,158.7,1.39,235.3,3.75,31.6,Rocky,Normal,Rainy,19.5,89.2,Good,Afternoon,141.7,No,None,264.9,86.94
TASK00102,2025-02-19,MC1009,Bulldozer,9,Due Soon,OP1010,Intermediate,,Trenching,77.3,0.5,268.9,2.33,1.0,Rocky,Normal,Rainy,20.2,87.7,Good,,67.6,No,None,111.2,64.5
TASK00103,2025-05-03,MC1005,Loader,6,Due Soon,OP1013,Intermediate,3.6,Trenching,113.1,0.5,341.2,2.53,6.0,Rolling,Loose,Rainy,23.6,71.9,,Morning,91.9,No,None,118.2,28.62
TASK00104,2025-06-18,MC1003,Excavator,4,Good,OP1005,Beginner,,Grading,839.8,6.9,1191.0,16.96,37.3,Rolling,Wet,Rainy,20.2,73.7,Good,Morning,391.9,No,None,751.0,91.63
TASK00105,2025-08-20,MC1010,Excavator,10,Good,OP1002,Beginner,3.9,Material Loading,487.1,10.97,414.5,14.07,7.7,Rocky,Normal,Clear,33.0,55.0,Good,Afternoon,195.1,No,None,314.0,60.94
TASK00106,2025-05-11,MC1009,Bulldozer,9,Good,OP1018,Expert,2.3,Material Loading,330.0,4.11,171.0,8.03,11.9,Rolling,Dry,Cloudy,31.5,62.1,,Afternoon,135.4,No,None,168.8,24.67
TASK00107,2025-04-30,MC1005,Loader,6,Good,OP1004,Beginner,5.2,Earth Excavation,120.2,1.15,,2.57,6.6,,Dry,Hot,37.4,61.2,Good,Night,74.5,No,None,117.5,57.72
TASK00108,2025-12-30,MC1007,Bulldozer,7,Good,OP1015,Expert,1.0,Material Loading,385.8,7.37,280.3,10.91,14.8,Steep,Normal,Windy,21.1,55.7,Good,Morning,156.6,No,None,244.6,56.19
TASK00109,2025-06-11,MC1005,Loader,6,Good,OP1019,Expert,2.7,Earth Excavation,390.8,6.07,285.2,9.26,11.6,Muddy,Normal,Clear,37.6,,Moderate,Afternoon,215.2,No,None,310.7,44.38
TASK00110,2025-07-24,MC1001,Excavator,1,Overdue,OP1017,Expert,3.5,Grading,394.9,1.75,699.3,6.44,6.1,Steep,Loose,Clear,32.7,70.2,Moderate,Afternoon,191.7,No,None,279.4,45.75
TASK00111,2025-04-15,MC1008,Bulldozer,8,Good,OP1008,Intermediate,4.6,Grading,783.6,5.12,596.5,14.56,10.9,Rocky,Loose,Cloudy,28.7,49.5,,Afternoon,366.6,No,None,584.7,59.49
TASK00112,2025-04-07,MC1002,Excavator,2,Good,OP1019,Expert,5.3,Earth Excavation,232.0,3.04,273.8,4.69,19.1,Muddy,Wet,Clear,26.7,42.8,Good,Night,132.6,No,None,229.1,72.78
TASK00113,2025-11-20,MC1010,Excavator,10,Due Soon,OP1006,Beginner,2.6,Material Loading,391.6,8.45,252.7,10.32,15.7,Flat,Muddy,Cloudy,25.5,66.1,Good,Afternoon,158.8,No,None,261.1,64.42
TASK00114,2025-03-31,MC1004,Loader,5,Overdue,OP1002,Beginner,4.8,Demolition,69.7,0.54,184.1,1.54,51.5,Flat,Wet,Clear,26.6,59.2,Good,Night,72.4,Yes,Equipment Fault,262.8,262.98
TASK00115,2025-12-07,MC1007,Bulldozer,7,Overdue,OP1020,Expert,7.5,Earth Excavation,407.9,,181.5,8.06,19.4,Rocky,,Clear,,39.9,Moderate,Morning,224.1,No,None,325.2,45.11
TASK00116,2025-02-01,MC1006,Loader,3,Good,OP1016,Expert,5.7,Grading,791.3,4.35,735.9,10.23,9.9,Rocky,Dry,Cloudy,21.7,80.9,Good,Afternoon,370.1,No,None,522.7,41.23
TASK00117,2025-02-13,MC1004,Loader,5,Overdue,OP1012,Intermediate,5.6,Material Loading,513.6,10.16,379.2,12.9,19.1,,Normal,Hot,34.2,35.4,Poor,Morning,205.2,No,None,365.8,78.27
TASK00118,2025-04-11,MC1003,Excavator,4,Good,OP1014,Expert,2.4,Material Loading,239.9,4.1,240.3,5.52,15.6,Rolling,Dry,Clear,20.6,58.2,,Afternoon,101.2,No,None,121.7,20.26
TASK00119,2025-01-19,MC1010,Excavator,10,Good,OP1019,Expert,3.1,Grading,667.7,1.78,891.8,11.08,4.5,Steep,Normal,Cloudy,26.0,55.5,Good,Night,314.5,No,None,412.7,31.22
TASK00120,2025-05-10,MC1010,Excavator,10,Due Soon,OP1018,Expert,2.3,Grading,883.3,8.3,838.0,17.68,17.3,Muddy,Wet,Clear,29.8,48.5,Moderate,Morning,411.5,No,None,720.0,74.97
TASK00121,2025-04-03,MC1006,Loader,3,Good,OP1011,Intermediate,2.5,Earth Excavation,132.1,1.69,618.6,3.47,5.5,Flat,,Cloudy,22.3,63.8,Good,Morning,80.7,No,None,94.4,16.98
TASK00122,2025-11-26,MC1006,Loader,3,Due Soon,OP1017,Expert,4.1,Demolition,162.3,2.85,307.6,3.86,26.3,Rolling,Loose,Clear,26.4,81.9,,,144.6,No,None,220.7,52.63
TASK00123,2025-01-30,MC1005,Loader,6,Due Soon,OP1016,Expert,1.2,Demolition,151.6,2.16,232.3,3.45,31.3,Rocky,Normal,Windy,31.1,69.5,Good,Morning,136.2,Yes,Equipment Fault,312.7,129.59
TASK00124,2025-04-30,MC1001,Excavator,1,Overdue,OP1004,Beginner,4.0,Grading,437.7,3.72,531.7,8.8,13.7,Rocky,Muddy,Clear,27.5,,Good,Afternoon,211.0,No,None,431.0,104.27
TASK00125,2025-07-17,MC1002,Excavator,2,Good,OP1020,Expert,5.1,Earth Excavation,705.7,15.49,323.9,18.87,13.9,Rocky,Dry,Rainy,23.6,82.8,Moderate,Afternoon,379.0,No,Material Availability,569.0,50.13
TASK00126,2025-01-03,MC1006,Loader,3,Due Soon,OP1019,Expert,3.7,Material Loading,277.9,4.22,303.8,5.5,,Rocky,Dry,Clear,29.3,65.1,Good,Afternoon,115.6,No,None,168.0,45.33
TASK00127,2025-03-28,MC1008,Bulldozer,8,Good,OP1013,Intermediate,7.0,Material Loading,398.4,4.66,355.0,8.55,21.3,Rocky,Loose,Rainy,26.9,76.9,Good,Afternoon,161.4,No,,298.2,84.76
TASK00128,2025-05-10,MC1005,Loader,6,Due Soon,OP1008,Intermediate,1.9,Earth Excavation,349.1,4.69,174.9,7.26,17.9,Flat,Normal,Rainy,23.7,81.5,Good,Morning,193.5,No,None,284.5,47.03
TASK00129,2025-05-01,MC1002,Excavator,2,Due Soon,OP1001,Beginner,6.9,Material Loading,435.6,4.8,248.6,7.71,55.2,Rocky,Muddy,Clear,31.3,81.7,Poor,Morning,175.5,No,None,415.7,136.87
TASK00130,2025-02-20,MC1004,Loader,5,Due Soon,OP1006,Beginner,2.8,Trenching,218.3,0.73,448.0,3.71,13.9,Flat,Wet,Clear,26.5,65.2,Moderate,Afternoon,163.5,No,None,292.8,79.08
TASK00131,2025-04-01,MC1009,Bulldozer,9,Good,OP1006,Beginner,2.7,Demolition,132.0,0.87,258.3,,8.4,Muddy,Dry,Clear,36.7,57.8,Good,Afternoon,120.9,No,Material Availability,223.0,84.45
TASK00132,2025-12-27,MC1009,Bulldozer,9,Overdue,OP1016,Expert,6.3,Material Loading,509.8,12.24,196.7,19.01,21.6,Steep,Normal,Windy,27.7,39.3,Good,Night,203.7,No,None,373.1,83.16
TASK00133,2025-05-14,MC1002,Excavator,2,Due Soon,OP1002,Beginner,5.7,Trenching,269.7,1.53,411.8,4.89,2.5,,Dry,Clear,,68.0,Poor,Night,198.4,No,None,347.9,75.35
TASK00134,2025-11-07,MC1004,Loader,5,Due Soon,OP1014,Expert,3.6,Earth Excavation,390.1,5.99,179.1,7.76,20.3,Rolling,Dry,Cloudy,,60.8,Good,Afternoon,214.8,No,None,281.2,30.91
TASK00135,2025-12-14,MC1010,Excavator,10,Due Soon,OP1008,Intermediate,1.0,Trenching,90.5,0.5,792.0,3.51,8.5,Flat,Muddy,Clear,24.9,59.4,Poor,Morning,76.6,No,None,119.8,56.4
TASK00136,2025-07-12,MC1010,Excavator,10,Good,OP1005,Beginner,6.0,Demolition,53.6,0.5,147.7,1.42,15.9,Flat,Muddy,Windy,24.9,69.0,Good,Afternoon,59.8,No,None,126.8,112.04
TASK00137,2025-09-01,MC1010,Excavator,10,Due Soon,OP1011,Intermediate,4.4,Grading,476.2,2.01,565.4,8.97,10.2,Rocky,,Hot,,25.0,Good,Morning,228.3,No,None,362.2,58.65
TASK00138,2025-03-17,MC1006,Loader,3,Due Soon,OP1011,Intermediate,4.7,Demolition,136.7,0.85,201.0,2.49,6.9,Rolling,Dry,Cloudy,23.7,74.9,Good,Night,124.6,No,,153.0,22.79
TASK00139,2025-07-26,MC1010,Excavator,10,Good,OP1004,Beginner,2.4,Material Loading,549.1,13.57,432.1,17.66,37.4,Flat,Normal,Rainy,24.6,79.2,Moderate,Afternoon,218.7,No,,383.5,75.35
TASK00140,2025-09-06,MC1007,Bulldozer,7,Due Soon,OP1003,Beginner,6.1,Earth Excavation,132.1,1.32,400.8,,3.0,Muddy,Dry,Windy,32.0,47.1,Good,Afternoon,80.7,No,None,166.2,105.95
TASK00141,2025-01-14,MC1002,Excavator,2,Overdue,OP1002,Beginner,8.2,Material Loading,574.2,6.54,430.0,10.07,15.1,Rocky,Normal,Clear,22.9,54.4,Good,Night,228.2,No,Site Condition,498.3,118.36
TASK00142,2025-10-05,MC1005,Loader,6,Good,OP1006,Beginner,1.7,Trenching,242.1,1.88,278.8,4.32,3.8,Rolling,Normal,Windy,24.3,57.9,Good,Morning,179.6,No,None,264.6,47.33
TASK00143,2025-07-03,MC1004,Loader,5,Good,OP1005,Beginner,6.0,Grading,884.8,4.78,471.7,12.82,14.3,Flat,Loose,Clear,24.4,69.0,Poor,Night,412.2,No,None,728.3,76.69
TASK00144,2025-11-11,MC1001,Excavator,1,Good,OP1002,Beginner,5.7,Grading,275.3,2.12,861.0,5.95,12.4,Steep,Wet,Cloudy,22.1,57.5,Good,Night,137.9,No,None,286.9,108.05
TASK00145,2025-06-21,MC1001,Excavator,1,Due Soon,OP1013,Intermediate,1.0,Material Loading,148.0,2.29,139.3,2.96,24.8,Rolling,Normal,Windy,25.0,50.3,Good,Morning,66.2,No,None,114.6,73.11
TASK00146,2025-04-30,MC1006,Loader,3,Good,OP1013,Intermediate,3.5,Grading,565.6,2.45,805.6,8.0,47.8,Flat,Dry,Cloudy,26.3,57.9,Good,Afternoon,268.5,No,None,302.0,12.48
TASK00147,2025-07-11,MC1005,Loader,6,Good,OP1013,Intermediate,4.4,Earth Excavation,330.4,7.16,395.1,8.59,18.0,Rolling,Normal,Clear,32.1,60.9,Moderate,Afternoon,183.8,No,Weather,279.1,51.85
TASK00148,2025-10-26,MC1008,Bulldozer,8,Good,OP1003,Beginner,3.4,Grading,527.9,3.07,604.9,11.53,2.8,Flat,,Cloudy,29.0,66.2,Good,Morning,251.6,No,None,361.9,43.84
TASK00149,2025-03-05,MC1007,Bulldozer,7,Good,OP1015,Expert,2.9,Grading,508.5,3.12,792.9,10.06,10.7,Flat,Muddy,Clear,26.5,53.6,Good,Afternoon,242.8,No,None,261.9,7.87
TASK00150,2025-01-21,MC1003,Excavator,4,Good,OP1007,Intermediate,1.0,Trenching,207.9,1.62,304.0,4.54,11.7,Steep,Dry,Hot,38.2,30.9,Good,Morning,156.4,No,None,218.1,39.45
TASK00151,2025-02-17,MC1009,Bulldozer,9,Good,OP1012,Intermediate,3.7,Earth Excavation,247.0,2.97,201.5,5.6,5.0,Muddy,Normal,Clear,25.2,66.8,Good,Afternoon,140.4,No,None,234.1,66.74
TASK00152,2025-01-18,MC1009,Bulldozer,9,Good,OP1008,Intermediate,1.0,Trenching,132.1,0.88,430.5,3.46,9.4,Flat,Wet,Clear,26.9,71.6,Good,Morning,104.8,No,None,143.3,36.74
TASK00153,2025-09-06,MC1003,Excavator,4,Due Soon,OP1020,Expert,2.7,Grading,706.8,7.12,361.6,13.81,5.8,Flat,Wet,Clear,26.7,69.3,,Morning,332.1,No,None,349.2,5.15
TASK00154,2025-11-10,MC1006,Loader,3,Overdue,OP1019,Expert,2.3,Demolition,145.3,0.82,336.8,2.81,31.8,Muddy,Normal,Rainy,19.5,76.2,Good,,131.4,No,None,230.2,75.19
TASK00155,2025-06-18,MC1001,Excavator,1,Overdue,OP1009,Intermediate,3.3,Earth Excavation,240.2,2.39,657.8,5.71,10.5,Flat,Muddy,Windy,27.3,47.8,Good,Morning,136.9,No,None,211.8,54.71
TASK00156,2025-08-09,MC1003,Excavator,4,Overdue,OP1014,Expert,6.3,Material Loading,317.9,7.15,191.2,8.47,29.1,Rolling,Muddy,Cloudy,20.1,58.2,Good,Afternoon,130.8,No,None,226.5,73.17
TASK00157,2025-07-21,MC1001,Excavator,1,Good,OP1016,Expert,6.5,Trenching,270.9,1.81,605.1,4.73,11.3,Rolling,Dry,Cloudy,26.4,43.2,Moderate,Night,199.2,No,None,273.0,37.05
TASK00158,2025-02-27,MC1006,Loader,3,Good,OP1015,Expert,2.8,Earth Excavation,367.9,,205.3,7.21,16.4,Flat,Muddy,Rainy,25.7,88.3,Good,Morning,203.3,No,None,273.8,34.68
TASK00159,2025-11-02,MC1003,Excavator,4,Good,OP1010,Intermediate,4.7,Material Loading,220.3,6.41,398.4,6.78,37.4,Rolling,Wet,Hot,34.8,66.6,Good,Afternoon,93.7,No,,175.5,87.3
TASK00160,2025-05-07,MC1009,Bulldozer,9,Overdue,OP1003,Beginner,5.0,Material Loading,237.7,4.05,389.5,8.75,48.6,Rolling,Normal,Windy,25.1,67.2,Moderate,Afternoon,100.3,No,None,246.5,145.76
TASK00161,2025-06-05,MC1008,Bulldozer,8,Good,OP1006,Beginner,,Material Loading,262.7,6.39,238.3,8.29,15.2,Flat,Normal,Hot,30.4,41.4,Poor,Night,109.8,No,None,236.7,115.57
TASK00162,2025-05-07,MC1006,Loader,3,Good,OP1009,Intermediate,,Grading,271.5,0.75,970.9,5.32,13.0,Rolling,Normal,Cloudy,,81.8,Good,Afternoon,136.2,No,None,188.2,38.18
TASK00163,2025-06-09,MC1009,Bulldozer,9,Due Soon,OP1020,Expert,5.4,Material Loading,537.4,10.4,480.5,13.67,11.8,Rolling,Normal,Clear,31.7,71.8,Good,Afternoon,214.2,Yes,Equipment Fault,346.0,61.53
TASK00164,2025-08-26,MC1001,Excavator,1,Good,OP1010,Intermediate,1.0,Grading,403.0,1.89,377.6,6.41,4.2,Muddy,Loose,Clear,36.9,42.3,Good,Morning,195.4,No,None,309.7,58.5
TASK00165,2025-03-22,MC1004,Loader,5,Due Soon,OP1007,Intermediate,4.5,Trenching,292.5,2.96,,6.72,10.7,Muddy,Wet,Clear,24.9,54.9,Good,Morning,213.9,No,None,282.8,32.21
TASK00166,2025-02-19,MC1004,Loader,5,Good,OP1011,Intermediate,4.7,Material Loading,202.4,2.59,331.0,,54.3,Flat,Wet,Windy,23.1,50.0,Good,Night,86.9,No,None,172.3,98.27
TASK00167,2025-01-08,MC1002,Excavator,2,Good,OP1016,Expert,4.5,Material Loading,278.3,3.62,562.2,7.03,16.4,Flat,Normal,Windy,25.3,59.8,Good,Afternoon,115.8,No,None,140.3,21.16
TASK00168,2025-09-12,MC1002,Excavator,2,Good,OP1015,Expert,4.4,Grading,664.8,5.28,1287.5,14.82,8.3,Muddy,Loose,Hot,34.5,41.3,Moderate,Afternoon,313.2,No,None,504.9,61.21
TASK00169,2025-08-30,MC1002,Excavator,2,Good,OP1003,Beginner,2.8,Demolition,155.1,1.58,465.8,3.69,4.4,Rocky,Wet,Cloudy,27.6,72.8,Good,Morning,139.0,No,None,238.5,71.58
TASK00170,2025-12-04,MC1007,Bulldozer,7,Due Soon,OP1019,Expert,1.6,Demolition,199.0,2.88,621.4,6.79,8.3,Flat,,Rainy,23.2,68.9,Good,Morning,173.2,No,None,228.4,31.87
TASK00171,2025-06-27,MC1001,Excavator,1,Overdue,OP1012,Intermediate,,Demolition,160.1,1.95,306.4,3.98,8.1,Rolling,Muddy,Cloudy,29.7,74.8,Good,Afternoon,142.9,No,None,266.3,86.35
TASK00172,2025-05-23,MC1005,Loader,6,Good,OP1013,Intermediate,2.7,Grading,839.9,4.64,411.6,12.91,18.1,Flat,Wet,Cloudy,29.9,66.5,Moderate,Morning,392.0,No,None,473.9,20.89
TASK00173,2025-04-20,MC1005,Loader,6,Good,OP1008,Intermediate,1.0,Grading,560.9,,1125.8,9.56,31.8,Rocky,Muddy,Clear,39.8,55.9,Good,Morning,266.4,No,None,485.7,82.32
TASK00174,2025-05-19,MC1008,Bulldozer,8,Good,OP1018,Expert,3.3,Trenching,283.5,1.98,332.1,6.66,7.0,Rolling,Wet,Cloudy,27.4,89.2,Good,Afternoon,207.8,No,None,264.2,27.14
TASK00175,2025-05-19,MC1003,Excavator,4,Good,OP1015,Expert,1.4,Grading,206.2,0.5,,4.88,4.2,Rolling,Muddy,Cloudy,29.3,63.6,Good,Morning,106.8,No,None,125.2,17.23
TASK00176,2025-06-29,MC1009,Bulldozer,9,Good,OP1014,Expert,5.1,Demolition,184.9,1.44,188.2,3.81,8.8,Rocky,Wet,Windy,18.2,54.6,Good,Afternoon,162.2,No,None,281.7,73.67
TASK00177,2025-11-10,MC1003,Excavator,4,Due Soon,OP1012,Intermediate,5.1,Material Loading,134.0,1.92,204.5,3.04,16.9,Flat,Wet,Clear,25.5,42.9,Good,Afternoon,60.9,No,None,96.8,58.95
TASK00178,2025-01-14,MC1004,Loader,5,Good,OP1020,Expert,3.6,Grading,427.4,4.35,1381.5,10.88,7.9,Flat,Normal,Clear,24.9,,Good,Night,206.3,No,None,241.6,17.11
TASK00179,2025-12-07,MC1006,Loader,3,Due Soon,OP1009,Intermediate,4.7,Grading,261.6,1.62,442.7,4.46,17.4,Flat,Normal,Cloudy,29.7,55.7,Good,Afternoon,131.7,No,None,175.8,33.49
TASK00180,2025-01-13,MC1002,Excavator,2,Overdue,OP1019,Expert,6.7,Earth Excavation,248.2,1.66,240.9,4.4,5.4,Rocky,Wet,Clear,22.0,54.1,Good,Night,141.1,No,None,196.8,39.48
TASK00181,2025-04-06,MC1003,Excavator,4,Good,OP1006,Beginner,4.7,Demolition,81.3,1.13,179.1,1.99,18.4,Flat,Loose,Cloudy,26.5,88.6,Good,Morning,81.4,No,None,111.0,36.36
TASK00182,2025-04-04,MC1008,Bulldozer,8,Good,OP1010,Intermediate,2.8,Earth Excavation,406.4,5.27,222.9,9.41,15.5,Muddy,Wet,Clear,33.7,37.8,,Afternoon,223.3,No,None,384.5,72.19
TASK00183,2025-01-31,MC1003,Excavator,4,Good,OP1009,Intermediate,2.9,Demolition,118.4,0.86,283.9,2.74,16.0,Rocky,Normal,Rainy,26.2,69.6,Moderate,Morning,110.4,No,,176.2,59.6
TASK00184,2025-11-20,MC1006,Loader,3,Good,OP1004,Beginner,4.2,Material Loading,494.8,13.04,189.5,,6.6,Muddy,Dry,Rainy,23.6,76.6,Moderate,Night,198.0,No,None,440.9,122.68
TASK00185,2025-11-15,MC1005,Loader,6,Good,OP1019,Expert,1.9,Demolition,178.2,2.41,258.4,3.78,19.0,Flat,Normal,Cloudy,32.5,63.7,Good,Afternoon,157.0,No,None,177.4,12.99
TASK00186,2025-10-26,MC1008,Bulldozer,8,Good,OP1014,Expert,5.4,Demolition,195.6,1.65,120.3,4.31,6.7,Rolling,Dry,Hot,,46.3,Good,Night,170.6,No,None,223.3,30.89
TASK00187,2025-12-08,MC1004,Loader,5,Overdue,OP1005,Beginner,1.0,Grading,844.4,4.48,366.1,11.51,8.1,Flat,Dry,Clear,23.9,65.5,Good,Morning,394.0,No,None,504.7,28.1
TASK00188,2025-10-14,MC1010,Excavator,10,Overdue,OP1005,Beginner,2.0,Material Loading,531.2,8.67,221.4,14.68,44.6,Muddy,Loose,Clear,28.6,58.1,Good,Morning,211.9,No,,445.2,110.1
TASK00189,2025-08-18,MC1004,Loader,5,Due Soon,OP1009,Intermediate,5.9,Trenching,105.0,1.15,612.2,3.14,3.4,Muddy,Normal,Cloudy,26.3,57.3,Moderate,Night,86.4,No,None,156.8,81.48
TASK00190,2025-12-24,MC1005,Loader,6,Good,OP1009,Intermediate,1.0,Grading,740.8,,1054.3,12.67,26.6,Rolling,Wet,Clear,34.4,71.1,Moderate,Morning,347.4,No,None,543.4,56.42
TASK00191,2025-07-06,MC1006,Loader,3,Good,OP1012,Intermediate,6.8,Demolition,124.0,1.7,393.0,3.02,20.2,Rolling,Wet,Clear,30.6,60.3,Poor,Night,114.7,No,None,198.2,72.8
TASK00192,2025-09-07,MC1008,Bulldozer,8,Good,OP1017,Expert,8.2,Material Loading,511.5,9.65,608.8,15.54,38.1,Rocky,Dry,Clear,32.0,55.8,Good,Night,204.4,No,None,345.4,68.98
TASK00193,2025-12-14,MC1004,Loader,5,Good,OP1014,Expert,4.0,Demolition,205.8,2.3,302.9,4.39,20.4,Steep,Normal,Clear,31.6,55.6,Good,Afternoon,178.5,No,Weather,210.9,18.15
TASK00194,2025-02-28,MC1002,Excavator,2,Good,OP1020,Expert,2.7,Material Loading,325.7,8.37,278.9,9.36,17.9,Flat,Dry,Clear,29.5,33.3,Good,Morning,133.8,No,None,154.0,15.1
TASK00195,2025-06-18,MC1006,Loader,3,Good,OP1010,Intermediate,1.2,Grading,537.2,1.23,1423.9,9.62,4.1,Flat,Wet,Cloudy,28.9,79.2,Good,Morning,255.7,No,None,354.1,38.48
TASK00196,2025-10-23,MC1009,Bulldozer,9,Due Soon,OP1013,Intermediate,8.7,Demolition,55.1,0.77,489.6,2.78,10.7,Flat,Muddy,Windy,23.2,54.7,,Night,61.0,No,None,136.1,123.11
TASK00197,2025-12-19,MC1003,Excavator,4,Good,OP1013,Intermediate,5.6,Grading,749.0,6.26,649.1,12.31,3.4,Muddy,Dry,Clear,26.8,71.4,Good,Morning,351.1,No,None,483.0,37.57
TASK00198,2025-05-31,MC1007,Bulldozer,7,Overdue,OP1007,Intermediate,3.1,Material Loading,564.2,,292.3,18.45,,Muddy,Normal,Cloudy,27.4,,Good,Afternoon,224.4,Yes,Equipment Fault,589.4,162.66
TASK00199,2025-08-27,MC1003,Excavator,4,Due Soon,OP1001,Beginner,3.2,Earth Excavation,210.9,3.28,443.4,5.97,23.5,Rocky,Dry,Rainy,23.8,75.0,Good,Afternoon,121.7,No,None,221.9,82.33
TASK00200,2025-05-14,MC1002,Excavator,2,Due Soon,OP1014,Expert,,Material Loading,228.4,,217.1,4.9,8.9,Muddy,Normal,Hot,36.7,65.9,Good,Morning,96.8,No,Weather,167.5,73.04
TASK00201,2025-07-08,MC1006,Loader,3,Good,OP1006,Beginner,1.8,Demolition,181.8,,350.1,4.1,18.0,Rocky,Normal,Clear,28.7,68.2,Good,Morning,159.8,No,,250.3,56.63
TASK00202,2025-06-19,MC1005,Loader,6,Good,OP1005,Beginner,5.5,Demolition,143.8,1.13,316.5,2.62,10.4,Rolling,Muddy,Hot,34.5,63.8,Poor,Afternoon,130.2,No,None,230.6,77.11
TASK00203,2025-02-05,MC1005,Loader,6,Good,OP1016,Expert,7.4,Demolition,122.0,1.31,93.8,2.54,24.3,Flat,Loose,Cloudy,22.7,68.3,Moderate,Morning,113.2,No,None,163.8,44.7
TASK00204,2025-06-19,MC1007,Bulldozer,7,Due Soon,OP1017,Expert,3.5,Material Loading,481.4,8.68,462.1,13.35,2.0,Flat,Normal,Cloudy,28.5,75.2,Good,Night,192.9,No,None,211.5,9.64
TASK00205,2025-12-03,MC1005,Loader,6,Good,OP1005,Beginner,5.0,Demolition,127.1,0.78,185.0,2.26,13.6,Flat,Loose,Cloudy,22.7,66.5,Good,,117.1,No,None,180.1,53.8
TASK00206,2025-12-07,MC1009,Bulldozer,9,Good,OP1008,Intermediate,4.0,Demolition,116.0,,151.5,2.85,33.6,Flat,Normal,Cloudy,30.9,74.7,Moderate,Morning,108.5,No,,157.0,44.7
TASK00207,2025-08-14,MC1007,Bulldozer,7,Good,OP1009,Intermediate,3.6,Grading,320.6,1.21,845.8,7.73,30.2,Steep,Muddy,Cloudy,21.3,62.5,Poor,,158.3,No,None,295.7,86.8
TASK00208,2025-01-26,MC1007,Bulldozer,7,Good,OP1010,Intermediate,7.9,Trenching,111.8,0.57,374.8,3.1,16.2,Muddy,Normal,Cloudy,21.5,55.9,Good,Morning,91.0,No,None,149.8,64.62
TASK00209,2025-08-04,MC1008,Bulldozer,8,Good,OP1020,Expert,4.1,Material Loading,180.5,2.47,287.0,4.66,3.7,Rocky,Loose,Rainy,26.3,88.3,Good,Morning,78.6,No,None,131.4,67.18
TASK00210,2025-11-30,MC1008,Bulldozer,8,Due Soon,OP1004,Beginner,3.3,Grading,434.0,2.05,633.1,8.34,2.2,Flat,Wet,Clear,31.2,61.9,Moderate,Morning,209.3,No,None,308.1,47.2
TASK00211,2025-04-12,MC1005,Loader,6,Good,OP1012,Intermediate,1.0,Material Loading,139.0,3.01,296.7,3.93,16.8,Rocky,Normal,Cloudy,25.2,88.8,Poor,Morning,62.8,No,None,131.8,109.87
TASK00212,2025-06-23,MC1004,Loader,5,Good,OP1002,Beginner,3.1,Trenching,200.8,1.43,739.3,3.94,21.1,Rolling,Dry,Clear,36.0,62.0,Good,Morning,151.6,No,None,226.3,49.27
TASK00213,2025-09-09,MC1010,Excavator,10,Overdue,OP1007,Intermediate,2.7,Trenching,249.0,,282.9,5.64,7.6,Rolling,Muddy,Cloudy,26.7,44.1,Good,,184.3,No,None,324.4,76.02
TASK00214,2025-04-13,MC1001,Excavator,1,Due Soon,OP1016,Expert,3.6,Grading,663.0,5.15,847.8,12.4,7.3,Flat,,Cloudy,23.9,54.4,Good,Afternoon,312.4,No,Site Condition,363.1,16.23
TASK00215,2025-09-21,MC1004,Loader,5,Due Soon,OP1001,Beginner,1.0,Demolition,70.2,0.5,123.5,1.26,9.9,Muddy,Wet,Clear,21.5,52.1,Good,Morning,72.7,No,None,118.9,63.55
TASK00216,2025-11-14,MC1004,Loader,5,Good,OP1017,Expert,2.4,Grading,841.6,5.35,1567.6,16.04,6.9,Flat,Normal,Clear,27.5,53.2,Good,Morning,392.7,No,None,343.8,-12.45
TASK00217,2025-02-19,MC1003,Excavator,4,Good,OP1001,Beginner,6.5,Grading,707.6,3.1,445.4,11.26,1.0,Rocky,Normal,Cloudy,29.1,62.5,Moderate,Afternoon,332.4,No,None,575.2,73.04
TASK00218,2025-02-21,MC1006,Loader,3,Due Soon,OP1020,Expert,1.0,Material Loading,470.9,10.19,400.7,10.5,1.7,Flat,Loose,Cloudy,28.6,70.1,Moderate,Afternoon,189.0,No,None,233.8,23.7
TASK00219,2025-10-25,MC1010,Excavator,10,Due Soon,OP1010,Intermediate,1.0,Demolition,72.1,1.08,,2.56,40.0,Flat,Muddy,Cloudy,27.6,79.3,Moderate,Morning,74.2,No,None,135.5,82.61
TASK00220,2025-01-14,MC1002,Excavator,2,Good,OP1014,Expert,2.5,Demolition,169.4,1.04,597.8,3.77,17.4,Muddy,Wet,Clear,30.9,54.3,Moderate,Morning,150.2,No,None,220.9,47.07
TASK00221,2025-06-27,MC1010,Excavator,10,Due Soon,OP1001,Beginner,4.5,Demolition,72.2,0.9,304.3,2.49,31.4,Flat,Wet,Rainy,26.6,87.9,Poor,Afternoon,74.3,No,None,163.3,119.78
TASK00222,2025-05-11,MC1003,Excavator,4,Good,OP1010,Intermediate,2.3,Trenching,161.4,0.64,493.3,3.6,13.9,Muddy,Dry,Rainy,,71.1,Moderate,Afternoon,124.7,No,None,223.1,78.91
TASK00223,2025-07-29,MC1005,Loader,6,Good,OP1005,Beginner,4.6,Material Loading,572.2,10.38,460.0,12.06,13.8,Rocky,Wet,Clear,29.3,45.7,Moderate,Night,227.4,No,Site Condition,500.0,119.88
TASK00224,2025-02-07,MC1004,Loader,5,Good,OP1007,Intermediate,5.8,Demolition,282.4,3.11,527.5,6.06,20.9,Muddy,Loose,Hot,32.1,46.2,Good,Night,238.2,No,None,433.4,81.95
TASK00225,2025-03-24,MC1002,Excavator,2,Good,OP1017,Expert,,Earth Excavation,251.0,3.18,135.4,4.78,14.3,Muddy,Normal,Windy,27.4,62.3,Good,Morning,142.5,No,,198.2,39.09
TASK00226,2025-07-19,MC1009,Bulldozer,9,Good,OP1020,Expert,3.9,Earth Excavation,378.3,7.12,317.7,11.58,8.7,Muddy,Normal,Clear,21.6,59.0,Good,Morning,208.7,No,None,275.0,31.77
TASK00227,2025-06-18,MC1009,Bulldozer,9,Good,OP1003,Beginner,3.6,Material Loading,523.6,6.96,315.3,12.61,0.6,Flat,Wet,Clear,28.7,57.5,Moderate,Afternoon,209.0,No,None,369.6,76.84
TASK00228,2025-04-04,MC1001,Excavator,1,Good,OP1009,Intermediate,3.4,Demolition,133.5,1.7,288.9,3.21,25.8,Flat,Dry,Rainy,31.3,74.4,Moderate,Afternoon,122.2,No,None,182.4,49.26
TASK00229,2025-03-31,MC1006,Loader,3,Due Soon,OP1012,Intermediate,2.9,Demolition,155.8,1.45,309.6,,28.0,Rocky,Normal,Clear,27.1,,Good,Morning,139.5,No,None,198.8,42.51
TASK00230,2025-10-28,MC1008,Bulldozer,8,Due Soon,OP1011,Intermediate,2.5,Grading,618.4,3.56,1034.9,14.47,15.0,Rolling,Normal,Clear,26.8,50.5,,Morning,292.3,No,None,434.8,48.75
TASK00231,2025-07-01,MC1008,Bulldozer,8,Due Soon,OP1006,Beginner,1.5,Material Loading,167.5,4.7,,,,Flat,Loose,Windy,23.7,63.4,Moderate,Morning,73.7,No,None,185.1,151.15
TASK00232,2025-04-16,MC1008,Bulldozer,8,Overdue,OP1004,Beginner,1.0,Material Loading,576.9,9.34,159.6,14.46,22.1,Flat,Wet,Clear,26.6,79.4,Good,Morning,229.2,No,None,385.6,68.24
TASK00233,2025-07-31,MC1008,Bulldozer,8,Good,OP1017,Expert,2.5,Earth Excavation,393.7,3.93,221.2,9.23,21.2,,Dry,Windy,24.4,66.1,Good,Afternoon,216.7,No,None,278.8,28.66
TASK00234,2025-06-17,MC1005,Loader,6,Good,OP1014,Expert,1.0,Trenching,246.7,1.62,493.7,5.29,6.5,Muddy,Normal,Rainy,,79.7,Good,Morning,182.8,No,None,282.4,54.49
TASK00235,2025-01-20,MC1010,Excavator,10,Good,OP1011,Intermediate,2.8,Demolition,163.5,2.02,416.8,4.06,10.6,Steep,Loose,Cloudy,21.9,46.0,Moderate,Morning,145.5,No,None,224.7,54.43
TASK00236,2025-03-01,MC1006,Loader,3,Good,OP1012,Intermediate,3.8,Demolition,133.6,1.49,521.5,3.13,9.9,Rolling,Dry,Clear,,51.3,Good,Afternoon,122.2,No,None,147.7,20.87
TASK00237,2025-08-28,MC1008,Bulldozer,8,Due Soon,OP1006,Beginner,3.7,Demolition,128.2,1.94,317.0,3.79,21.5,Muddy,Wet,Clear,24.7,64.3,Good,,118.0,Yes,Equipment Fault,324.9,175.34
TASK00238,2025-05-02,MC1002,Excavator,2,Good,OP1008,Intermediate,3.6,Earth Excavation,229.6,4.05,443.6,6.34,9.5,Rocky,Normal,Clear,27.4,62.4,Good,Afternoon,131.4,No,None,187.3,42.54
TASK00239,2025-08-22,MC1001,Excavator,1,Due Soon,OP1013,Intermediate,5.2,Material Loading,139.9,2.58,401.6,4.15,25.4,Muddy,Wet,Rainy,23.9,90.9,Good,Morning,63.2,No,None,147.3,133.07
TASK00240,2025-11-30,MC1010,Excavator,10,Good,OP1018,Expert,8.3,Grading,710.7,5.39,485.5,13.48,6.2,Muddy,Normal,Clear,32.4,65.2,Poor,Night,333.8,No,None,635.0,90.23
TASK00241,2025-03-10,MC1005,Loader,6,Good,OP1015,Expert,1.0,Trenching,58.1,0.58,569.5,2.14,16.9,Muddy,,Clear,28.3,71.8,,Morning,54.5,No,None,93.8,72.11
TASK00242,2025-07-31,MC1009,Bulldozer,9,Overdue,OP1020,Expert,5.0,Demolition,51.6,0.5,293.5,1.62,8.1,Rolling,Normal,Clear,35.4,57.8,Good,Night,58.2,No,None,80.9,39.0
TASK00243,2025-09-11,MC1010,Excavator,10,Good,OP1011,Intermediate,6.5,Earth Excavation,217.2,3.1,201.6,5.49,23.1,Rocky,Wet,Clear,33.6,62.4,Good,Morning,124.9,No,None,271.4,117.29
TASK00244,2025-08-21,MC1010,Excavator,10,Due Soon,OP1016,Expert,3.7,Trenching,243.8,2.48,153.9,4.98,1.6,Flat,Wet,Clear,24.8,59.2,Good,Morning,180.8,No,None,372.6,106.08
TASK00245,2025-09-28,MC1009,Bulldozer,9,Good,OP1005,Beginner,2.3,Demolition,148.1,1.81,255.2,4.27,21.8,Rocky,Normal,Clear,32.1,51.6,Good,,133.5,No,None,234.4,75.58
TASK00246,2025-07-21,MC1006,Loader,3,Good,OP1004,Beginner,3.1,Trenching,165.8,0.82,289.8,2.46,13.1,Flat,Dry,Rainy,21.5,84.1,Moderate,Afternoon,127.8,No,Operator Delay,234.4,83.41
TASK00247,2025-07-09,MC1008,Bulldozer,8,Good,OP1013,Intermediate,5.1,Material Loading,475.9,10.23,297.4,13.31,11.3,Flat,Wet,Clear,29.9,54.8,Poor,Afternoon,190.9,No,Site Condition,340.4,78.31
TASK00248,2025-07-05,MC1005,Loader,6,Good,OP1007,Intermediate,6.5,Grading,671.3,4.19,1412.1,14.54,13.1,Muddy,Wet,Hot,37.5,39.7,Poor,Morning,316.1,No,None,629.7,99.21
TASK00249,2025-03-30,MC1009,Bulldozer,9,Due Soon,OP1016,Expert,3.7,Trenching,75.3,,441.9,2.98,13.5,Flat,Normal,Cloudy,,88.8,Poor,Afternoon,66.2,Yes,Equipment Fault,197.5,198.34
TASK00250,2025-07-13,MC1008,Bulldozer,8,Due Soon,OP1014,Expert,4.0,Grading,695.6,3.43,603.0,14.62,7.2,Flat,Wet,Windy,29.6,62.4,Poor,Afternoon,327.0,No,None,483.4,47.83
TASK00251,2025-01-12,MC1003,Excavator,4,Good,OP1011,Intermediate,,Demolition,155.2,2.28,198.4,3.41,10.7,Rocky,Dry,Cloudy,26.5,73.6,Good,Morning,139.1,No,None,193.6,39.18
TASK00252,2025-10-06,MC1003,Excavator,4,Good,OP1013,Intermediate,3.1,Trenching,82.1,0.5,726.5,2.7,3.8,Muddy,Normal,Cloudy,24.5,64.7,Good,Morning,70.8,No,None,107.3,51.55
TASK00253,2025-07-15,MC1002,Excavator,2,Good,OP1006,Beginner,7.0,Earth Excavation,447.7,6.76,258.2,8.77,42.2,Steep,Muddy,Windy,21.7,61.2,Good,Night,244.8,No,None,516.9,111.15
TASK00254,2025-11-03,MC1003,Excavator,4,Good,OP1005,Beginner,4.5,Grading,245.5,1.93,1424.8,7.05,0.9,Flat,Dry,Cloudy,,52.5,Good,Night,124.5,No,None,191.0,53.41
TASK00255,2025-09-26,MC1007,Bulldozer,7,Due Soon,OP1003,Beginner,2.3,Demolition,177.5,1.72,348.5,4.66,11.1,Rocky,Normal,Cloudy,,,Good,Night,156.5,No,None,314.5,100.96
TASK00256,2025-02-26,MC1007,Bulldozer,7,Good,OP1001,Beginner,6.3,Trenching,285.1,0.99,342.7,5.1,4.9,Rocky,Normal,Cloudy,24.3,66.2,Moderate,Night,208.9,No,None,316.6,51.56
TASK00257,2025-05-15,MC1003,Excavator,4,Good,OP1004,Beginner,2.7,Grading,843.8,3.23,537.8,12.22,50.2,Rolling,Normal,Windy,29.3,60.1,Good,Morning,393.7,No,None,667.1,69.44
TASK00258,2025-06-30,MC1006,Loader,3,Good,OP1004,Beginner,4.4,Trenching,211.6,1.85,238.9,3.7,13.7,Flat,Loose,Cloudy,26.6,61.7,Good,Afternoon,158.9,No,None,215.6,35.68
TASK00259,2025-06-13,MC1001,Excavator,1,Good,OP1009,Intermediate,2.6,Trenching,212.8,1.81,354.9,4.1,18.1,Rolling,Wet,Rainy,,88.6,Good,Morning,159.7,No,Material Availability,261.3,63.62
TASK00260,2025-03-21,MC1010,Excavator,10,Due Soon,OP1008,Intermediate,1.4,Material Loading,377.7,3.6,181.6,8.07,54.8,Muddy,,Windy,27.8,34.8,Good,Morning,153.5,No,None,362.2,135.96
TASK00261,2025-04-21,MC1008,Bulldozer,8,Due Soon,OP1009,Intermediate,1.4,Grading,407.8,1.25,417.9,8.14,26.6,Flat,Normal,Hot,33.1,54.3,Moderate,Morning,197.5,No,,264.8,34.08
TASK00262,2025-11-16,MC1001,Excavator,1,Good,OP1007,Intermediate,5.9,Earth Excavation,114.4,2.25,283.7,3.13,13.2,Flat,Normal,Rainy,26.0,82.8,Good,Morning,71.5,No,None,108.0,51.05
TASK00263,2025-10-27,MC1006,Loader,3,Good,OP1014,Expert,6.6,Material Loading,495.4,8.58,351.7,,48.9,Rolling,Muddy,Cloudy,25.9,68.0,Good,Afternoon,198.3,Yes,Equipment Fault,412.0,107.77
TASK00264,2025-10-21,MC1005,Loader,6,Good,OP1018,Expert,6.1,Demolition,219.1,3.04,130.9,4.58,18.3,Rocky,Muddy,Clear,24.7,,Poor,Afternoon,188.9,No,,296.5,56.96
TASK00265,2025-06-12,MC1004,Loader,5,Due Soon,OP1019,Expert,,Demolition,219.6,3.38,109.7,4.7,27.4,Rolling,Normal,Cloudy,24.1,72.1,Good,Morning,189.3,No,None,225.9,19.33
TASK00266,2025-03-23,MC1005,Loader,6,Due Soon,OP1009,Intermediate,4.3,Earth Excavation,129.2,1.83,421.0,3.57,20.0,Flat,,Cloudy,26.3,72.1,Good,Afternoon,79.2,Yes,Equipment Fault,190.7,140.78
TASK00267,2025-07-03,MC1001,Excavator,1,Good,OP1020,Expert,6.4,Grading,830.5,2.11,658.2,11.53,16.1,Muddy,Normal,Clear,36.7,46.8,Good,Afternoon,387.7,Yes,Equipment Fault,618.1,59.43
TASK00268,2025-03-29,MC1008,Bulldozer,8,Good,OP1003,Beginner,8.7,Demolition,164.6,1.77,316.7,4.65,25.6,Muddy,Dry,Hot,33.6,33.7,Good,Night,146.4,No,,327.0,123.36
TASK00269,2025-08-14,MC1004,Loader,5,Good,OP1011,Intermediate,3.6,Earth Excavation,344.7,5.32,418.8,7.23,14.8,Rolling,Loose,Clear,,45.0,Moderate,Afternoon,191.2,No,None,316.3,65.43
TASK00270,2025-02-08,MC1002,Excavator,2,Good,OP1003,Beginner,3.9,Trenching,179.9,2.06,324.3,4.34,16.0,Flat,Normal,Rainy,24.3,77.8,Moderate,Afternoon,137.4,No,Site Condition,245.7,78.82
TASK00271,2025-08-07,MC1002,Excavator,2,Good,OP1001,Beginner,6.3,Material Loading,402.7,6.34,560.3,9.3,16.0,Flat,Normal,Rainy,19.6,69.2,Moderate,Night,163.0,No,None,284.1,74.29
TASK00272,2025-06-01,MC1003,Excavator,4,Good,OP1020,Expert,4.9,Earth Excavation,169.2,1.68,334.2,3.52,11.9,Muddy,Normal,Cloudy,27.8,49.0,Poor,Night,100.0,No,,163.7,63.7
TASK00273,2025-01-18,MC1004,Loader,5,Good,OP1010,Intermediate,3.3,Material Loading,478.6,10.19,124.2,10.12,,Flat,Normal,Windy,25.7,66.1,Good,Morning,191.9,No,None,235.0,22.46
TASK00274,2025-02-02,MC1001,Excavator,1,Overdue,OP1014,Expert,3.5,Grading,484.7,,445.9,7.48,5.8,Muddy,Wet,Cloudy,26.5,68.9,Good,Night,232.1,No,None,385.1,65.92
TASK00275,2025-12-25,MC1006,Loader,3,Overdue,OP1013,Intermediate,2.7,Material Loading,241.1,3.35,226.2,5.27,13.0,Flat,Normal,Cloudy,28.2,70.6,Good,Afternoon,101.6,Yes,Equipment Fault,214.0,110.63
TASK00276,2025-08-30,MC1009,Bulldozer,9,Good,OP1015,Expert,3.2,Material Loading,176.2,2.07,484.9,5.31,22.8,,Dry,Clear,36.0,57.6,Moderate,Morning,77.0,No,None,138.9,80.39
TASK00277,2025-03-12,MC1008,Bulldozer,8,Good,OP1012,Intermediate,2.3,Earth Excavation,246.8,2.74,154.3,5.63,4.3,Muddy,Normal,Windy,23.7,66.0,Good,Afternoon,140.3,No,None,253.9,80.97
TASK00278,2025-09-15,MC1005,Loader,6,Due Soon,OP1011,Intermediate,2.7,Trenching,233.3,,471.9,5.02,1.5,,Dry,Hot,32.9,71.3,Good,Afternoon,173.7,No,None,262.5,51.12
TASK00279,2025-02-08,MC1006,Loader,3,Overdue,OP1005,Beginner,2.4,Grading,793.2,4.52,450.4,11.08,15.3,Flat,Normal,Windy,25.7,50.8,,Morning,370.9,No,None,621.4,67.54
TASK00280,2025-06-30,MC1007,Bulldozer,7,Good,OP1001,Beginner,4.6,Material Loading,216.4,3.72,325.7,7.1,8.1,Rocky,Loose,Cloudy,26.8,56.3,Good,Afternoon,92.3,No,Material Availability,188.2,103.9
TASK00281,2025-07-09,MC1006,Loader,3,Good,OP1009,Intermediate,3.5,Trenching,179.1,0.74,455.0,2.79,8.0,Muddy,Wet,Clear,32.8,71.1,Good,Morning,136.8,No,None,218.4,59.65
TASK00282,2025-12-15,MC1006,Loader,3,Good,OP1006,Beginner,3.7,Trenching,63.7,0.5,503.7,2.17,4.2,Steep,Normal,Hot,28.3,33.5,Moderate,,58.3,No,None,97.2,66.72
TASK00283,2025-10-23,MC1001,Excavator,1,Overdue,OP1004,Beginner,4.8,Earth Excavation,168.1,2.01,191.6,,3.7,Flat,Dry,Clear,28.9,59.7,Good,Night,99.4,No,None,156.9,57.85
TASK00284,2025-10-16,MC1005,Loader,6,Good,OP1002,Beginner,2.9,Earth Excavation,286.4,6.77,367.9,8.04,18.5,Muddy,Normal,Clear,27.8,38.6,Good,Morning,160.9,No,None,278.3,72.96
TASK00285,2025-04-25,MC1002,Excavator,2,Good,OP1010,Intermediate,5.1,Trenching,78.1,0.61,742.0,2.66,8.5,Rolling,,Clear,33.5,45.4,Good,Afternoon,68.1,No,None,55.1,-19.09
TASK00286,2025-02-12,MC1006,Loader,3,Due Soon,OP1018,Expert,5.8,Material Loading,401.9,4.41,402.2,8.02,27.9,Rocky,Normal,Windy,34.6,58.2,Good,Afternoon,162.7,No,None,274.2,68.53
TASK00287,2025-05-26,MC1006,Loader,3,Good,OP1008,Intermediate,6.4,Demolition,146.3,2.01,432.7,3.25,48.2,Rolling,,Clear,29.9,46.6,Moderate,Afternoon,132.1,No,None,219.0,65.78
TASK00288,2025-12-20,MC1003,Excavator,4,Due Soon,OP1010,Intermediate,7.7,Trenching,172.6,0.56,619.1,,1.7,Rocky,Dry,Clear,33.7,,Moderate,Night,132.4,No,None,235.0,77.49
TASK00289,2025-12-30,MC1010,Excavator,10,Good,OP1016,Expert,2.2,Grading,392.5,1.02,891.6,8.24,7.5,Muddy,Wet,Rainy,,92.1,Good,Morning,190.6,No,Weather,355.9,86.73
TASK00290,2025-03-03,MC1007,Bulldozer,7,Good,OP1007,Intermediate,1.6,Demolition,116.2,2.01,153.1,3.45,11.7,Rolling,,Cloudy,24.2,76.0,Good,,108.6,No,None,221.8,104.24
TASK00291,2025-10-08,MC1010,Excavator,10,Good,OP1010,Intermediate,3.1,Trenching,153.0,1.14,324.6,3.8,6.8,Steep,Muddy,Clear,30.3,81.6,Poor,,119.0,No,None,208.5,75.21
TASK00292,2025-06-12,MC1006,Loader,3,Good,OP1009,Intermediate,2.4,Grading,728.9,5.87,717.5,11.88,16.7,Muddy,,Cloudy,22.9,69.6,Moderate,Morning,342.0,No,None,567.2,65.85
TASK00293,2025-05-27,MC1010,Excavator,10,Good,OP1020,Expert,1.0,Demolition,131.8,1.37,,3.6,13.0,Muddy,Wet,Clear,30.9,40.2,Moderate,Morning,120.8,No,None,191.1,58.2
TASK00294,2025-09-23,MC1009,Bulldozer,9,Good,OP1006,Beginner,3.0,Material Loading,415.7,9.6,422.4,13.53,9.8,Rocky,Muddy,Cloudy,31.9,76.6,Moderate,Morning,168.0,No,None,397.7,136.73
TASK00295,2025-07-29,MC1006,Loader,3,Good,OP1004,Beginner,4.0,Trenching,178.9,1.33,584.0,3.61,7.9,Rolling,Loose,Clear,26.7,60.6,Good,Morning,136.6,No,None,178.6,30.75
TASK00296,2025-08-02,MC1009,Bulldozer,9,Good,OP1001,Beginner,1.0,Material Loading,327.1,3.69,177.3,6.75,16.3,Muddy,Muddy,Cloudy,23.4,68.6,Good,Morning,134.3,No,None,278.0,107.0
TASK00297,2025-08-18,MC1007,Bulldozer,7,Good,OP1015,Expert,5.0,Demolition,106.0,1.02,247.5,2.65,23.5,Rolling,Normal,Rainy,22.6,,Good,Night,100.7,Yes,Equipment Fault,211.2,109.73
TASK00298,2025-08-24,MC1001,Excavator,1,Good,OP1014,Expert,2.4,Grading,332.5,1.36,643.5,,0.8,Flat,Normal,Cloudy,27.4,59.6,Good,Morning,163.6,No,None,148.6,-9.17
TASK00299,2025-04-04,MC1007,Bulldozer,7,Good,OP1019,Expert,5.7,Earth Excavation,262.7,5.17,335.2,7.58,10.7,Muddy,,Clear,37.6,56.0,Moderate,Night,148.6,No,None,283.5,90.78
TASK00300,2025-05-20,MC1004,Loader,5,Good,OP1019,Expert,1.9,Grading,550.8,4.65,510.5,10.27,2.5,Steep,Dry,Rainy,23.0,77.1,Moderate,Afternoon,261.9,No,,360.7,37.72
TASK00301,2025-04-11,MC1006,Loader,3,Good,OP1012,Intermediate,4.2,Trenching,206.0,2.13,226.3,3.83,25.9,Muddy,Wet,Rainy,23.2,77.1,Good,Afternoon,155.1,No,None,296.6,91.23
TASK00302,2025-01-18,MC1009,Bulldozer,9,Overdue,OP1008,Intermediate,2.4,Grading,362.7,1.57,369.4,7.4,15.2,Muddy,Normal,Windy,29.7,52.5,Moderate,Night,177.2,No,None,313.4,76.86
TASK00303,2025-09-19,MC1006,Loader,3,Due Soon,OP1013,Intermediate,,Trenching,58.8,0.5,417.1,1.93,6.1,Steep,Dry,Clear,23.2,41.4,Good,Morning,55.0,No,None,68.4,24.36
TASK00304,2025-05-12,MC1007,Bulldozer,7,Overdue,OP1007,Intermediate,4.8,Material Loading,197.6,1.87,399.8,5.42,67.2,Muddy,Wet,Windy,33.0,79.1,Good,Afternoon,85.1,No,Operator Delay,233.2,174.03
TASK00305,2025-07-21,MC1007,Bulldozer,7,Good,OP1011,Intermediate,6.2,Trenching,74.1,0.5,318.5,2.28,43.1,Steep,Dry,Windy,20.8,45.9,Poor,Morning,65.4,No,None,153.8,135.17
TASK00306,2025-12-13,MC1008,Bulldozer,8,Good,OP1006,Beginner,3.1,Trenching,281.8,3.71,665.4,,2.8,Flat,Normal,Hot,36.4,55.3,Good,Morning,206.7,Yes,Equipment Fault,211.6,2.37
TASK00307,2025-10-25,MC1009,Bulldozer,9,Good,OP1007,Intermediate,1.0,Grading,279.4,1.14,530.2,5.78,9.5,Rolling,Normal,Cloudy,23.6,68.5,Poor,Afternoon,139.7,No,None,211.0,51.04
TASK00308,2025-10-06,MC1008,Bulldozer,8,Overdue,OP1012,Intermediate,4.1,Earth Excavation,384.0,3.99,228.8,9.13,15.0,Muddy,Muddy,Clear,31.5,57.1,Good,Morning,211.7,No,None,409.5,93.43
TASK00309,2025-06-14,MC1010,Excavator,10,Good,OP1014,Expert,2.7,Grading,736.0,6.57,657.3,15.41,3.2,Steep,Normal,Clear,35.8,60.4,Good,Morning,345.2,No,None,460.7,33.46
TASK00310,2025-10-08,MC1006,Loader,3,Overdue,OP1019,Expert,7.6,Trenching,253.6,2.12,743.7,5.19,8.6,Flat,,Cloudy,29.8,79.6,Moderate,Afternoon,187.4,No,None,253.0,35.01
TASK00311,2025-11-17,MC1010,Excavator,10,Good,OP1002,Beginner,,Grading,702.6,3.39,516.6,11.42,23.5,Flat,Wet,Windy,22.1,65.0,Moderate,Afternoon,330.2,No,,564.8,71.05
TASK00312,2025-03-13,MC1003,Excavator,4,Good,OP1016,Expert,6.0,Grading,736.8,1.98,620.5,9.92,7.8,,Wet,Clear,29.8,42.5,Poor,Afternoon,345.6,No,None,564.4,63.31
TASK00313,2025-02-11,MC1007,Bulldozer,7,Good,OP1015,Expert,2.7,Trenching,61.3,0.73,1193.3,4.94,,Muddy,Loose,Cloudy,22.6,56.8,Good,Morning,56.7,No,,84.3,48.68
TASK00314,2025-01-08,MC1002,Excavator,2,Good,OP1018,Expert,5.5,Grading,714.6,5.56,623.7,11.4,10.8,Rocky,Normal,Clear,,38.2,Good,Afternoon,335.6,No,Site Condition,456.7,36.08
TASK00315,2025-04-18,MC1007,Bulldozer,7,Good,OP1008,Intermediate,1.1,Demolition,135.5,1.82,341.7,4.17,20.0,Flat,Normal,Clear,,50.0,Good,Morning,123.7,No,None,166.8,34.84
TASK00316,2025-04-26,MC1007,Bulldozer,7,Due Soon,OP1002,Beginner,3.8,Demolition,170.7,1.08,140.1,,26.1,Rocky,Wet,Cloudy,25.6,63.0,Moderate,Afternoon,151.2,No,None,278.1,83.93
TASK00317,2025-02-21,MC1007,Bulldozer,7,Good,OP1001,Beginner,4.5,Trenching,299.4,3.12,366.2,6.43,3.9,Flat,Normal,Windy,,56.1,Moderate,Afternoon,218.6,No,None,346.0,58.28
TASK00318,2025-04-03,MC1008,Bulldozer,8,Good,OP1019,Expert,6.8,Material Loading,342.8,6.66,274.0,8.88,17.3,Muddy,,Cloudy,22.4,52.1,Moderate,Night,140.3,No,None,271.4,93.44
TASK00319,2025-12-05,MC1003,Excavator,4,Due Soon,OP1005,Beginner,6.3,Earth Excavation,218.2,1.55,239.8,4.21,18.4,Rocky,Muddy,Clear,21.6,74.8,Good,Afternoon,125.5,No,None,237.4,89.16
TASK00320,2025-05-04,MC1007,Bulldozer,7,Good,OP1017,Expert,6.2,Grading,695.5,5.73,800.7,14.61,14.0,Rolling,Normal,Clear,18.1,61.7,Good,Morning,327.0,No,None,340.1,4.01
TASK00321,2025-12-01,MC1010,Excavator,10,Good,OP1008,Intermediate,6.3,Earth Excavation,326.2,3.13,262.7,6.78,5.4,Rolling,Muddy,Cloudy,29.0,77.1,Moderate,Night,181.6,No,None,387.7,113.49
TASK00322,2025-03-01,MC1005,Loader,6,Good,OP1015,Expert,4.6,Grading,273.3,1.53,481.1,4.68,16.8,Rocky,Muddy,Cloudy,20.1,62.2,Good,Morning,137.0,No,None,183.0,33.58
TASK00323,2025-04-28,MC1010,Excavator,10,Good,OP1012,Intermediate,1.0,Trenching,125.2,1.47,392.2,3.5,4.3,Muddy,Loose,Clear,25.8,76.0,Poor,Morning,100.1,No,None,189.9,89.71
TASK00324,2025-04-16,MC1006,Loader,3,Good,OP1014,Expert,1.3,Trenching,240.6,1.17,633.9,4.03,3.0,Rocky,Loose,Clear,,55.5,Moderate,Night,178.6,Yes,Equipment Fault,325.5,82.25
TASK00325,2025-12-11,MC1006,Loader,3,Due Soon,OP1007,Intermediate,2.2,Earth Excavation,321.6,6.6,161.3,7.2,2.3,Steep,Wet,Cloudy,,61.6,Good,Afternoon,179.2,No,None,270.2,50.78
TASK00326,2025-07-09,MC1004,Loader,5,Due Soon,OP1020,Expert,1.0,Grading,300.8,1.86,428.7,5.38,5.2,Muddy,Wet,Rainy,28.4,82.8,Good,,149.3,No,None,231.2,54.86
TASK00327,2025-12-21,MC1004,Loader,5,Good,OP1014,Expert,4.0,Grading,237.4,1.93,,7.05,14.1,Rocky,Loose,Rainy,21.3,78.0,Good,Morning,120.9,No,None,199.2,64.76
TASK00328,2025-04-16,MC1009,Bulldozer,9,Due Soon,OP1012,Intermediate,6.0,Material Loading,319.1,6.07,195.2,9.67,18.7,Rocky,Wet,Windy,26.6,73.0,Good,Afternoon,131.2,No,None,278.8,112.5
TASK00329,2025-06-02,MC1010,Excavator,10,Overdue,OP1008,Intermediate,5.9,Material Loading,536.9,6.47,320.1,13.06,19.1,Flat,Dry,Cloudy,25.9,76.9,Good,Night,214.0,No,None,323.9,51.36
TASK00330,2025-12-11,MC1003,Excavator,4,Good,OP1004,Beginner,4.1,Grading,520.8,3.23,634.2,9.02,18.3,Flat,Dry,Windy,30.4,30.7,Moderate,Afternoon,248.4,No,None,393.4,58.37
TASK00331,2025-10-11,MC1007,Bulldozer,7,Good,OP1013,Intermediate,3.2,Trenching,186.2,1.48,677.7,5.35,6.1,Muddy,Dry,Clear,28.7,73.0,Good,Afternoon,141.6,No,None,190.4,34.46
TASK00332,2025-10-10,MC1005,Loader,6,Due Soon,OP1009,Intermediate,1.8,Trenching,94.0,0.92,304.5,2.26,22.3,Muddy,Normal,Windy,19.4,,Good,Afternoon,78.9,No,None,143.5,81.88
TASK00333,2025-07-15,MC1001,Excavator,1,Due Soon,OP1010,Intermediate,1.8,Grading,488.3,3.91,713.7,10.08,11.9,Flat,Muddy,Hot,30.4,45.7,Good,Morning,233.7,No,None,347.4,48.65
TASK00334,2025-01-08,MC1009,Bulldozer,9,Good,OP1002,Beginner,4.1,Trenching,205.3,1.43,,4.92,4.3,Flat,Dry,Clear,28.6,59.1,Poor,Afternoon,154.6,No,None,243.9,57.76
TASK00335,2025-12-05,MC1008,Bulldozer,8,Overdue,OP1012,Intermediate,6.9,Earth Excavation,432.5,3.61,637.9,10.78,6.1,Flat,Normal,Rainy,24.5,82.0,Good,Night,236.9,Yes,Equipment Fault,420.3,77.42
TASK00336,2025-09-06,MC1010,Excavator,10,Good,OP1015,Expert,6.2,Trenching,279.0,1.38,413.5,,9.1,Flat,Loose,Rainy,29.1,72.1,Good,Night,204.7,No,None,305.7,49.34
TASK00337,2025-05-17,MC1005,Loader,6,Good,OP1006,Beginner,1.6,Demolition,154.4,2.04,443.6,3.9,19.8,Steep,,Clear,34.0,73.9,Good,Afternoon,138.5,Yes,Equipment Fault,268.6,93.94
TASK00338,2025-05-31,MC1005,Loader,6,Good,OP1004,Beginner,,Trenching,255.7,2.98,595.5,6.2,11.6,,Muddy,Windy,32.2,44.5,Good,Morning,188.9,No,None,301.4,59.56
TASK00339,2025-01-16,MC1007,Bulldozer,7,Good,OP1016,Expert,1.0,Material Loading,126.9,1.53,369.2,3.96,21.9,Flat,Wet,Hot,38.8,49.2,,Morning,58.2,No,None,90.6,55.67
TASK00340,2025-03-30,MC1010,Excavator,10,Good,OP1011,Intermediate,3.0,Grading,847.3,5.95,758.2,14.61,13.1,,Wet,Clear,26.5,36.7,Good,Night,395.3,No,None,626.6,58.51
TASK00341,2025-02-13,MC1007,Bulldozer,7,Due Soon,OP1002,Beginner,2.3,Demolition,82.4,1.33,161.7,2.46,11.6,Steep,Normal,Clear,28.4,60.4,Good,Afternoon,82.3,No,None,136.5,65.86
TASK00342,2025-10-10,MC1001,Excavator,1,Good,OP1012,Intermediate,3.3,Earth Excavation,189.1,2.53,250.3,3.92,1.5,Flat,Wet,Clear,30.0,64.7,Good,Morning,110.3,No,None,153.0,38.71
TASK00343,2025-10-29,MC1006,Loader,3,Good,OP1011,Intermediate,2.4,Demolition,137.1,1.75,142.2,2.44,21.6,Flat,Loose,Clear,34.9,52.5,Moderate,Morning,124.9,No,None,174.4,39.63
TASK00344,2025-05-31,MC1001,Excavator,1,Good,OP1005,Beginner,5.6,Earth Excavation,360.6,5.39,149.3,6.56,3.3,Steep,Normal,Rainy,28.3,,Good,Afternoon,199.5,No,None,357.3,79.1
TASK00345,2025-04-13,MC1005,Loader,6,Good,OP1005,Beginner,3.2,Material Loading,530.6,5.45,604.8,9.58,8.1,Rocky,Normal,Rainy,,76.2,Good,Afternoon,211.6,No,None,409.1,93.34
TASK00346,2025-11-20,MC1008,Bulldozer,8,Good,OP1019,Expert,2.9,Trenching,283.3,1.72,457.5,5.57,16.3,Muddy,Wet,Clear,35.3,65.2,Moderate,Morning,207.6,No,None,303.1,46.0
TASK00347,2025-09-14,MC1002,Excavator,2,Good,OP1012,Intermediate,2.3,Material Loading,286.7,5.96,282.7,8.08,75.0,Muddy,Wet,Rainy,21.2,88.9,Good,Afternoon,118.9,No,None,306.9,158.12
TASK00348,2025-08-13,MC1010,Excavator,10,Good,OP1008,Intermediate,4.0,Demolition,198.6,1.41,281.2,3.98,23.2,Rolling,Muddy,Cloudy,23.9,91.3,Good,Morning,172.9,No,None,260.9,50.9
TASK00349,2025-03-07,MC1005,Loader,6,Good,OP1005,Beginner,3.7,Grading,640.4,4.15,912.4,11.74,13.2,Rocky,Muddy,Clear,31.8,52.8,Moderate,Afternoon,302.2,No,None,597.1,97.58
TASK00350,2025-03-20,MC1005,Loader,6,Due Soon,OP1008,Intermediate,2.9,Trenching,127.4,0.57,842.8,4.09,5.8,Steep,,Rainy,17.8,79.2,Moderate,Morning,101.6,No,None,177.8,75.0
TASK00351,2025-11-06,MC1005,Loader,6,Due Soon,OP1017,Expert,1.0,Grading,494.8,3.57,738.8,10.21,5.0,Flat,Dry,Cloudy,24.2,54.1,,,236.7,No,None,249.0,5.2
TASK00352,2025-05-19,MC1010,Excavator,10,Good,OP1007,Intermediate,2.7,Demolition,98.8,1.52,1134.7,6.17,48.5,Muddy,Normal,Rainy,25.0,82.0,Good,Morning,95.0,No,,206.6,117.47
TASK00353,2025-11-15,MC1005,Loader,6,Due Soon,OP1004,Beginner,4.6,Demolition,110.4,1.02,140.1,2.03,32.3,Rolling,Muddy,Clear,27.2,70.3,Moderate,Afternoon,104.1,No,None,189.3,81.84
TASK00354,2025-11-26,MC1005,Loader,6,Overdue,OP1017,Expert,2.4,Earth Excavation,397.8,5.58,215.6,7.96,3.6,Flat,Dry,Clear,30.5,69.2,Good,Morning,218.8,No,None,235.9,7.82
TASK00355,2025-05-22,MC1005,Loader,6,Good,OP1015,Expert,10.0,Trenching,83.5,0.73,462.3,2.46,4.2,Muddy,Normal,Clear,29.6,62.8,Moderate,Night,71.8,No,None,109.4,52.37
TASK00356,2025-10-13,MC1003,Excavator,4,Good,OP1009,Intermediate,1.8,Trenching,136.7,0.63,328.4,2.42,9.8,Flat,Dry,Cloudy,22.6,63.3,Good,,108.0,No,None,111.3,3.06
TASK00357,2025-02-23,MC1008,Bulldozer,8,Good,OP1005,Beginner,5.4,Earth Excavation,405.2,4.86,273.6,8.69,5.1,Flat,Dry,Cloudy,23.7,52.5,Good,,222.7,No,None,301.7,35.47
TASK00358,2025-05-23,MC1003,Excavator,4,Good,OP1004,Beginner,1.6,Demolition,184.2,3.48,475.3,4.82,28.2,Rolling,Normal,Cloudy,23.2,73.4,Good,Morning,161.7,No,None,227.0,40.38
TASK00359,2025-07-10,MC1010,Excavator,10,Overdue,OP1019,Expert,3.5,Material Loading,435.6,10.26,542.6,13.63,44.5,Steep,Normal,Clear,22.1,50.5,Good,Morning,175.5,No,,310.1,76.7
TASK00360,2025-10-05,MC1002,Excavator,2,Due Soon,OP1001,Beginner,3.0,Grading,448.0,2.56,369.3,7.41,13.5,Rolling,Dry,Clear,28.7,55.9,Good,Afternoon,215.6,No,None,285.6,32.47
TASK00361,2025-08-06,MC1004,Loader,5,Due Soon,OP1008,Intermediate,2.6,Material Loading,377.4,6.15,269.4,8.09,30.0,Flat,Dry,Clear,26.1,52.4,Good,Morning,153.4,No,None,212.4,38.46
TASK00362,2025-10-19,MC1008,Bulldozer,8,Overdue,OP1018,Expert,5.6,Trenching,69.1,0.5,548.2,,2.2,Flat,Normal,Clear,30.7,64.5,Good,Afternoon,62.0,No,None,82.8,33.55
TASK00363,2025-05-14,MC1005,Loader,6,Due Soon,OP1015,Expert,3.4,Grading,612.3,3.69,560.5,10.61,,Flat,Wet,Rainy,25.7,88.9,Moderate,,289.6,No,None,400.0,38.12
TASK00364,2025-08-03,MC1003,Excavator,4,Due Soon,OP1001,Beginner,,Trenching,239.0,0.91,446.7,3.9,7.2,Steep,Normal,Clear,18.8,63.6,Moderate,Afternoon,177.5,No,None,286.2,61.24
TASK00365,2025-07-28,MC1009,Bulldozer,9,Good,OP1008,Intermediate,2.4,Grading,453.5,3.43,528.9,9.34,5.4,Flat,Normal,Rainy,24.0,78.2,Good,Morning,218.1,No,None,306.9,40.72
TASK00366,2025-06-01,MC1006,Loader,3,Good,OP1009,Intermediate,5.0,Grading,850.0,6.1,813.1,13.39,22.7,Flat,Wet,Windy,24.4,32.7,Good,Afternoon,396.5,No,None,534.4,34.78
TASK00367,2025-07-15,MC1002,Excavator,2,Good,OP1012,Intermediate,1.1,Material Loading,583.4,9.27,267.9,11.17,10.3,Rolling,Muddy,Cloudy,21.9,61.1,Moderate,Morning,231.7,No,None,352.4,52.09
TASK00368,2025-11-01,MC1003,Excavator,4,Good,OP1001,Beginner,5.2,Grading,733.7,5.03,420.5,12.62,22.7,Muddy,Muddy,Rainy,22.0,86.2,Moderate,Afternoon,344.2,No,None,637.5,85.21
TASK00369,2025-07-03,MC1002,Excavator,2,Good,OP1016,Expert,5.7,Trenching,160.7,1.05,301.0,2.92,5.1,Rocky,Loose,Clear,37.9,60.9,Good,Afternoon,124.2,No,None,172.6,38.97
TASK00370,2025-12-11,MC1005,Loader,6,Good,OP1017,Expert,6.0,Material Loading,431.1,4.92,186.8,7.39,12.3,Muddy,Muddy,Clear,22.3,40.9,Good,Afternoon,173.8,No,None,257.9,48.39
TASK00371,2025-05-05,MC1006,Loader,3,Due Soon,OP1019,Expert,2.8,Material Loading,115.1,2.2,324.0,3.0,7.1,Muddy,Normal,Clear,23.8,,Good,Afternoon,53.7,No,None,74.7,39.11
TASK00372,2025-12-09,MC1008,Bulldozer,8,Overdue,OP1011,Intermediate,2.4,Demolition,66.0,0.5,258.6,2.1,36.0,Flat,Wet,Clear,26.9,49.4,Good,Morning,69.5,Yes,Equipment Fault,223.5,221.58
TASK00373,2025-12-03,MC1004,Loader,5,Due Soon,OP1006,Beginner,3.3,Trenching,298.0,3.74,804.0,7.18,6.5,Rocky,Normal,Hot,35.1,47.6,Good,Morning,217.6,No,None,357.7,64.38
TASK00374,2025-11-10,MC1005,Loader,6,Good,OP1018,Expert,1.2,Demolition,171.6,1.1,245.8,3.1,22.2,Steep,Normal,Clear,31.6,73.1,Good,Morning,151.8,No,None,136.0,-10.41
TASK00375,2025-02-09,MC1009,Bulldozer,9,Good,OP1002,Beginner,2.7,Trenching,239.4,1.47,383.0,4.89,,Muddy,Wet,Clear,30.6,48.9,Moderate,Morning,177.8,No,None,322.7,81.5
TASK00376,2025-11-04,MC1008,Bulldozer,8,Good,OP1001,Beginner,2.7,Trenching,125.8,1.28,,4.57,7.6,Flat,Normal,Hot,31.0,57.3,Good,Morning,100.5,Yes,Equipment Fault,185.7,84.78
TASK00377,2025-10-02,MC1001,Excavator,1,Good,OP1016,Expert,4.3,Earth Excavation,382.4,5.79,258.1,7.8,7.6,Rolling,Dry,Cloudy,19.7,85.4,Poor,Morning,210.9,No,None,252.3,19.63
TASK00378,2025-08-10,MC1005,Loader,6,Good,OP1010,Intermediate,3.0,Grading,279.3,1.23,743.7,5.85,16.6,Rocky,Normal,Rainy,25.9,88.0,Poor,Morning,139.7,No,None,253.3,81.32
TASK00379,2025-02-16,MC1006,Loader,3,Due Soon,OP1017,Expert,6.0,Material Loading,358.2,7.15,375.3,,21.1,Rocky,Normal,Rainy,23.5,83.9,Moderate,Night,146.1,No,None,275.4,88.5
TASK00380,2025-08-02,MC1006,Loader,3,Due Soon,OP1009,Intermediate,4.7,Trenching,156.9,1.15,638.2,3.48,7.4,Muddy,Normal,Clear,30.9,,Good,Night,121.7,No,None,198.6,63.19
TASK00381,2025-12-10,MC1002,Excavator,2,Overdue,OP1015,Expert,5.5,Grading,649.5,3.89,,11.08,23.0,Rocky,Wet,Windy,31.1,64.4,Good,Afternoon,306.3,No,None,526.0,71.73
TASK00382,2025-12-28,MC1003,Excavator,4,Good,OP1020,Expert,7.3,Trenching,254.6,2.58,290.5,4.4,11.9,Rolling,Wet,Clear,28.7,54.9,Good,Night,188.1,No,,256.3,36.26
TASK00383,2025-07-02,MC1008,Bulldozer,8,Good,OP1008,Intermediate,1.0,Trenching,120.1,0.89,534.7,3.95,3.4,Rocky,Normal,Windy,,,Good,Morning,96.6,No,None,154.1,59.52
TASK00384,2025-01-23,MC1002,Excavator,2,Good,OP1002,Beginner,6.4,Trenching,83.0,0.5,333.6,1.94,13.6,Muddy,Normal,Clear,25.4,74.8,Good,Afternoon,71.4,No,None,141.8,98.6
TASK00385,2025-08-24,MC1007,Bulldozer,7,Due Soon,OP1001,Beginner,3.8,Earth Excavation,254.4,1.68,373.2,5.42,10.7,Flat,Muddy,Clear,29.7,57.7,Poor,Morning,144.3,No,None,243.7,68.88
TASK00386,2025-03-11,MC1007,Bulldozer,7,Good,OP1020,Expert,,Material Loading,352.0,4.52,347.0,8.81,27.2,Rocky,Normal,Hot,36.7,50.6,Moderate,Night,143.8,No,None,280.4,94.99
TASK00387,2025-08-17,MC1003,Excavator,4,Good,OP1005,Beginner,5.6,Grading,486.2,,816.9,8.97,21.5,Muddy,Loose,Windy,21.6,63.5,Good,Morning,232.8,No,None,483.6,107.73
TASK00388,2025-03-29,MC1004,Loader,5,Good,OP1013,Intermediate,,Earth Excavation,379.7,2.74,274.3,6.02,12.3,Rolling,Dry,Cloudy,32.1,83.8,Poor,Afternoon,209.5,No,None,341.6,63.05
TASK00389,2025-12-17,MC1008,Bulldozer,8,Good,OP1011,Intermediate,5.5,Demolition,183.4,1.68,216.0,4.65,75.0,Flat,,Rainy,26.6,80.5,Good,Morning,161.1,No,None,320.8,99.13
TASK00390,2025-03-12,MC1006,Loader,3,Due Soon,OP1005,Beginner,4.1,Material Loading,577.2,9.22,191.5,11.01,13.5,Flat,Normal,Cloudy,,60.3,Moderate,Afternoon,229.4,No,None,398.0,73.5
TASK00391,2025-12-23,MC1005,Loader,6,Good,OP1016,Expert,,Material Loading,340.0,4.31,280.4,6.37,18.0,Rolling,Normal,Windy,27.0,64.0,Good,Morning,139.2,No,None,207.9,49.35
TASK00392,2025-12-14,MC1007,Bulldozer,7,Overdue,OP1011,Intermediate,5.4,Earth Excavation,418.8,7.65,,12.06,11.2,Flat,Dry,Hot,40.5,41.0,Good,Afternoon,229.8,No,None,310.3,35.03
TASK00393,2025-08-01,MC1002,Excavator,2,Good,OP1004,Beginner,2.3,Grading,690.1,5.3,881.0,11.24,4.1,Muddy,Normal,Cloudy,24.4,61.9,Good,Morning,324.5,No,None,509.1,56.89
TASK00394,2025-05-02,MC1010,Excavator,10,Good,OP1014,Expert,5.0,Earth Excavation,347.6,2.78,778.3,8.18,7.6,Flat,Dry,Hot,36.8,76.4,Moderate,Night,192.7,No,Site Condition,282.3,46.5
TASK00395,2025-04-25,MC1006,Loader,3,Due Soon,OP1005,Beginner,4.6,Material Loading,146.9,,220.1,3.57,5.1,Rolling,Normal,Clear,20.7,67.2,Poor,Afternoon,65.8,No,None,116.2,76.6
TASK00396,2025-08-10,MC1007,Bulldozer,7,Good,OP1013,Intermediate,6.6,Earth Excavation,289.0,4.57,185.0,7.34,27.9,Rolling,Wet,Hot,32.8,51.6,Moderate,Night,162.3,No,None,268.6,65.5
TASK00397,2025-02-08,MC1001,Excavator,1,Due Soon,OP1002,Beginner,3.2,Trenching,243.1,,863.9,5.82,1.1,Rocky,Loose,Clear,26.4,58.3,Good,Morning,180.3,No,None,313.1,73.66
TASK00398,2025-11-01,MC1002,Excavator,2,Good,OP1016,Expert,3.3,Demolition,123.6,0.64,340.2,2.58,14.8,Rolling,Dry,Clear,35.2,68.0,,Afternoon,114.4,No,Site Condition,166.8,45.8
TASK00399,2025-05-18,MC1003,Excavator,4,Good,OP1010,Intermediate,7.5,Trenching,61.4,,150.0,1.38,5.2,Rolling,Loose,Rainy,25.4,81.7,Moderate,Afternoon,56.8,No,None,89.5,57.57
TASK00400,2025-10-28,MC1008,Bulldozer,8,Good,OP1014,Expert,,Trenching,131.0,1.02,385.5,3.45,1.7,Rocky,Wet,Clear,25.5,69.3,Moderate,Morning,104.1,No,None,140.2,34.68
TASK00401,2025-07-31,MC1006,Loader,3,Good,OP1003,Beginner,2.2,Demolition,190.2,1.85,228.4,3.46,29.5,Muddy,Muddy,Cloudy,,83.0,Good,Afternoon,166.4,No,None,348.5,109.44
TASK00402,2025-12-13,MC1009,Bulldozer,9,Good,OP1006,Beginner,1.0,Demolition,51.9,0.85,266.4,2.01,29.1,Rolling,Loose,Clear,32.1,65.5,,Morning,58.5,Yes,Equipment Fault,203.6,248.03
TASK00403,2025-12-05,MC1008,Bulldozer,8,Good,OP1020,Expert,3.2,Earth Excavation,137.3,1.32,558.5,4.3,22.3,Rocky,Wet,Clear,26.6,70.9,Moderate,Morning,83.4,No,None,134.5,61.27
TASK00404,2025-05-02,MC1006,Loader,3,Good,OP1015,Expert,4.2,Trenching,157.6,0.56,321.2,2.63,7.7,Steep,Dry,Rainy,21.9,76.8,Good,Morning,122.2,No,None,141.1,15.47
TASK00405,2025-05-26,MC1010,Excavator,10,Due Soon,OP1010,Intermediate,1.5,Earth Excavation,352.1,2.2,217.4,7.26,1.8,Rolling,Normal,Clear,29.7,67.6,Moderate,Morning,195.1,No,None,259.2,32.85
TASK00406,2025-04-28,MC1005,Loader,6,Good,OP1006,Beginner,3.7,Demolition,95.4,0.5,154.1,1.52,,,Wet,Cloudy,24.9,63.4,Good,Morning,92.4,No,None,160.0,73.16
TASK00407,2025-05-26,MC1010,Excavator,10,Good,OP1015,Expert,6.0,Material Loading,490.4,10.65,307.5,15.89,7.5,Rolling,Loose,Hot,30.2,39.6,Good,Morning,196.3,No,None,284.3,44.83
TASK00408,2025-10-08,MC1004,Loader,5,Good,OP1011,Intermediate,2.6,Trenching,228.9,1.97,420.9,4.86,5.1,Rolling,Normal,Rainy,,89.7,Moderate,Morning,170.6,No,None,224.6,31.65
TASK00409,2025-10-03,MC1008,Bulldozer,8,Good,OP1019,Expert,7.4,Demolition,122.5,1.17,132.7,3.05,34.3,Flat,Loose,Hot,33.5,47.3,Moderate,Afternoon,113.6,No,None,169.5,49.21
TASK00410,2025-03-02,MC1008,Bulldozer,8,Good,OP1018,Expert,2.3,Material Loading,281.8,5.09,249.1,7.41,23.2,Rocky,Muddy,Windy,28.4,80.9,Moderate,Afternoon,117.1,No,None,186.2,59.01
TASK00411,2025-02-25,MC1007,Bulldozer,7,Overdue,OP1016,Expert,2.7,Demolition,76.2,0.62,334.6,2.73,10.2,Flat,Wet,Rainy,,89.4,Good,Afternoon,77.4,No,None,107.2,38.5
TASK00412,2025-06-25,MC1010,Excavator,10,Due Soon,OP1012,Intermediate,1.0,Earth Excavation,255.3,2.82,240.5,6.16,18.3,Rocky,Dry,Clear,32.5,47.5,Good,Morning,144.8,No,None,225.5,55.73
TASK00413,2025-08-26,MC1010,Excavator,10,Good,OP1016,Expert,1.0,Material Loading,568.2,8.41,404.3,15.03,26.7,Muddy,,Cloudy,25.8,67.7,Moderate,Afternoon,225.9,No,None,444.1,96.59
TASK00414,2025-04-08,MC1010,Excavator,10,Due Soon,OP1018,Expert,4.9,Grading,528.0,4.25,529.6,10.7,10.4,Flat,Wet,Cloudy,27.7,59.1,,Afternoon,251.6,Yes,Equipment Fault,432.9,72.06
TASK00415,2025-03-28,MC1003,Excavator,4,Good,OP1008,Intermediate,3.3,Demolition,129.4,0.79,383.6,2.97,27.4,Muddy,Loose,Clear,38.4,55.3,Good,Morning,118.9,No,Site Condition,211.5,77.88
TASK00416,2025-08-17,MC1009,Bulldozer,9,Due Soon,OP1012,Intermediate,3.9,Earth Excavation,172.0,,,6.15,24.2,Flat,Dry,Hot,32.8,51.5,Poor,Morning,101.4,No,None,163.4,61.14
TASK00417,2025-11-29,MC1006,Loader,3,Good,OP1012,Intermediate,4.4,Demolition,160.5,1.72,424.3,3.28,37.0,Rolling,Wet,Rainy,22.8,,Moderate,Morning,143.2,No,None,268.2,87.29
TASK00418,2025-05-04,MC1004,Loader,5,Good,OP1004,Beginner,3.3,Material Loading,150.5,3.32,430.6,4.19,5.5,Rolling,Dry,Clear,29.4,49.8,Good,Afternoon,67.2,No,,90.2,34.23
TASK00419,2025-06-23,MC1003,Excavator,4,Good,OP1020,Expert,4.2,Grading,556.8,3.96,583.6,9.3,2.4,Rolling,,Cloudy,25.4,65.6,Good,Morning,264.6,No,None,306.6,15.87
TASK00420,2025-06-21,MC1005,Loader,6,Good,OP1014,Expert,3.4,Demolition,183.2,2.68,488.5,4.7,14.6,Rocky,Dry,Clear,29.6,57.7,Moderate,Morning,160.9,No,None,218.7,35.92
TASK00421,2025-07-07,MC1007,Bulldozer,7,Good,OP1016,Expert,,Earth Excavation,207.0,2.89,513.8,,3.4,Rolling,Dry,Windy,22.2,50.5,Moderate,Afternoon,119.7,No,None,141.7,18.38
TASK00422,2025-04-21,MC1001,Excavator,1,Good,OP1001,Beginner,1.9,Earth Excavation,212.9,3.72,248.3,4.83,11.8,Rocky,Loose,Windy,26.3,67.7,Moderate,Afternoon,122.7,No,None,242.4,97.56
TASK00423,2025-07-13,MC1005,Loader,6,Good,OP1002,Beginner,3.9,Grading,677.8,3.71,866.8,11.84,7.1,Rolling,Normal,Windy,31.4,60.5,Moderate,Morning,319.0,No,None,501.5,57.21
TASK00424,2025-07-08,MC1003,Excavator,4,Good,OP1006,Beginner,6.0,Earth Excavation,285.1,3.43,459.2,,3.5,Steep,Dry,Windy,20.9,65.2,Good,,160.3,No,None,288.1,79.73
TASK00425,2025-04-09,MC1010,Excavator,10,Good,OP1007,Intermediate,3.8,Trenching,173.9,0.59,449.7,3.8,9.0,Rolling,Muddy,Windy,,65.4,,Morning,133.3,No,None,226.5,69.92
TASK00426,2025-07-26,MC1005,Loader,6,Good,OP1016,Expert,,Material Loading,375.1,8.15,505.7,9.79,34.6,,Wet,Cloudy,,73.7,Good,Night,152.5,No,None,269.5,76.72
TASK00427,2025-05-16,MC1010,Excavator,10,Good,OP1001,Beginner,2.0,Material Loading,114.2,2.29,,4.08,17.4,Rolling,Wet,Clear,24.8,73.1,Good,Morning,53.4,No,Site Condition,124.4,132.96
TASK00428,2025-06-01,MC1001,Excavator,1,Good,OP1003,Beginner,3.7,Grading,803.9,5.93,836.9,14.88,10.4,,Wet,Hot,34.2,54.0,Good,Afternoon,375.7,No,None,657.9,75.11
TASK00429,2025-01-05,MC1002,Excavator,2,Due Soon,OP1017,Expert,10.0,Demolition,181.1,2.48,124.6,3.55,37.5,Muddy,Loose,Cloudy,30.4,59.1,Good,Afternoon,159.3,No,None,295.3,85.37
TASK00430,2025-01-08,MC1001,Excavator,1,Good,OP1010,Intermediate,3.9,Demolition,40.1,0.5,230.9,1.29,41.6,Muddy,Normal,Rainy,24.1,70.0,Poor,Afternoon,49.3,No,None,117.1,137.53
TASK00431,2025-01-26,MC1005,Loader,6,Good,OP1011,Intermediate,5.8,Grading,339.9,1.96,1119.0,7.84,13.9,Rolling,Muddy,Hot,32.7,39.3,Poor,Afternoon,166.9,No,None,328.2,96.64
TASK00432,2025-11-17,MC1006,Loader,3,Overdue,OP1020,Expert,5.0,Material Loading,367.3,6.41,401.5,8.46,,Flat,Normal,Clear,28.1,56.3,Moderate,Morning,149.6,No,None,172.9,15.57
TASK00433,2025-08-13,MC1002,Excavator,2,Due Soon,OP1014,Expert,2.2,Grading,716.5,2.96,856.8,10.76,6.0,Muddy,Dry,Cloudy,21.8,69.7,Good,Morning,336.4,No,None,476.1,41.53
TASK00434,2025-02-27,MC1004,Loader,5,Good,OP1010,Intermediate,3.3,Material Loading,190.1,4.4,629.2,,18.2,Flat,Normal,Clear,29.2,61.5,Good,Afternoon,82.2,No,None,122.7,49.27
TASK00435,2025-10-15,MC1005,Loader,6,Good,OP1018,Expert,5.5,Trenching,158.3,1.29,670.9,4.42,8.8,Rolling,Muddy,Rainy,24.0,96.8,Good,Afternoon,122.6,No,None,191.8,56.44
TASK00436,2025-10-31,MC1003,Excavator,4,Good,OP1002,Beginner,6.8,Material Loading,270.2,5.73,408.3,7.95,21.0,Rolling,Normal,Cloudy,21.4,,Good,Night,112.7,No,None,224.6,99.29
TASK00437,2025-06-06,MC1005,Loader,6,Good,OP1014,Expert,6.1,Grading,762.5,,566.1,9.95,4.9,Rolling,Normal,Clear,25.7,38.2,Good,Afternoon,357.1,No,None,386.1,8.12
TASK00438,2025-10-18,MC1008,Bulldozer,8,Good,OP1004,Beginner,3.1,Earth Excavation,88.9,0.72,326.6,2.91,4.4,Muddy,Loose,Hot,34.1,,Moderate,Morning,58.2,No,Weather,144.5,148.28
TASK00439,2025-10-03,MC1010,Excavator,10,Good,OP1014,Expert,3.8,Grading,374.2,2.87,1202.1,9.33,1.7,Muddy,Normal,Cloudy,24.0,,Good,Night,182.4,No,None,308.6,69.19
TASK00440,2025-05-22,MC1004,Loader,5,Good,OP1012,Intermediate,8.5,Grading,249.9,0.75,716.8,4.65,28.8,Rolling,Muddy,Windy,18.4,70.0,Good,Night,126.4,No,None,261.2,106.65
TASK00441,2025-08-25,MC1004,Loader,5,Due Soon,OP1007,Intermediate,4.4,Earth Excavation,170.0,1.32,180.9,2.93,22.7,Muddy,Muddy,Clear,31.7,52.6,Good,,100.4,No,None,184.4,83.67
TASK00442,2025-10-29,MC1003,Excavator,4,Good,OP1012,Intermediate,6.3,Trenching,149.4,1.43,385.8,3.15,2.1,Rocky,Normal,Clear,22.8,52.8,Moderate,Afternoon,116.6,No,None,185.7,59.26
TASK00443,2025-09-18,MC1004,Loader,5,Due Soon,OP1008,Intermediate,4.2,Demolition,162.4,1.68,154.7,2.83,16.4,Muddy,Normal,Clear,27.0,56.9,Good,Morning,144.7,No,None,215.0,48.58
TASK00444,2025-02-23,MC1008,Bulldozer,8,Good,OP1018,Expert,3.5,Material Loading,144.2,3.46,486.7,6.06,16.8,Flat,Dry,Clear,25.3,53.9,Moderate,Night,64.8,No,None,92.4,42.59
TASK00445,2025-06-18,MC1007,Bulldozer,7,Good,OP1019,Expert,,Earth Excavation,232.8,2.41,261.3,5.57,3.4,Rocky,Normal,Rainy,24.5,80.4,Good,Afternoon,133.1,No,None,207.7,56.05
TASK00446,2025-09-20,MC1001,Excavator,1,Due Soon,OP1016,Expert,7.6,Earth Excavation,302.7,4.02,208.3,6.71,20.1,Rocky,Dry,Rainy,22.9,86.6,Good,Night,169.4,No,Material Availability,297.5,75.62
TASK00447,2025-10-03,MC1010,Excavator,10,Good,OP1001,Beginner,2.1,Grading,426.4,2.24,723.9,8.27,12.0,Steep,Normal,Cloudy,29.3,64.6,Good,Afternoon,205.9,No,None,310.7,50.9
TASK00448,2025-08-09,MC1003,Excavator,4,Good,OP1001,Beginner,3.6,Earth Excavation,245.8,3.1,414.4,5.94,23.0,Muddy,Wet,Clear,29.5,48.0,Moderate,Afternoon,139.8,No,None,251.1,79.61
TASK00449,2025-08-26,MC1002,Excavator,2,Overdue,OP1007,Intermediate,3.3,Trenching,245.4,1.9,291.9,4.36,7.3,Rocky,Loose,Cloudy,23.3,,Poor,,181.9,No,None,352.6,93.84
TASK00450,2025-01-10,MC1005,Loader,6,Overdue,OP1001,Beginner,3.2,Material Loading,483.3,9.1,410.6,12.48,,Flat,,Clear,28.6,79.3,Good,Morning,193.6,No,None,341.3,76.29
TASK00451,2025-07-06,MC1001,Excavator,1,Good,OP1014,Expert,3.8,Demolition,172.3,2.21,291.3,3.81,,Rolling,Dry,Cloudy,,63.6,Good,Afternoon,152.4,No,None,168.7,10.7
TASK00452,2025-04-07,MC1002,Excavator,2,Good,OP1001,Beginner,8.1,Grading,735.7,1.9,850.8,11.15,10.1,Rolling,Wet,Cloudy,24.3,53.9,Good,Afternoon,345.1,No,None,518.0,50.1
TASK00453,2025-12-16,MC1010,Excavator,10,Good,OP1004,Beginner,4.0,Earth Excavation,373.1,6.79,463.3,11.0,,Rolling,Loose,Clear,30.7,63.0,,Afternoon,206.0,Yes,Equipment Fault,374.4,81.75
TASK00454,2025-10-18,MC1008,Bulldozer,8,Good,OP1008,Intermediate,3.0,Demolition,48.0,0.66,208.0,1.81,8.1,Flat,Wet,Hot,36.9,41.0,Good,Morning,55.4,No,None,79.6,43.68
TASK00455,2025-09-05,MC1007,Bulldozer,7,Due Soon,OP1003,Beginner,5.1,Grading,893.6,3.0,624.3,14.89,62.2,Rolling,Normal,Windy,27.9,56.5,Good,Night,416.1,No,None,769.4,84.91
TASK00456,2025-04-27,MC1009,Bulldozer,9,Good,OP1015,Expert,3.7,Material Loading,348.4,4.47,607.4,9.92,11.3,Muddy,Wet,Windy,30.6,64.1,Good,Afternoon,142.4,No,None,237.8,66.99
TASK00457,2025-09-12,MC1006,Loader,3,Due Soon,OP1016,Expert,5.7,Material Loading,244.3,6.37,364.7,6.85,24.2,Flat,Loose,Cloudy,23.4,81.8,Moderate,Morning,102.8,No,None,143.8,39.88
TASK00458,2025-06-07,MC1006,Loader,3,Good,OP1013,Intermediate,1.0,Material Loading,144.8,2.41,573.0,,19.3,Rocky,Muddy,Rainy,19.9,78.7,Good,,65.0,Yes,Equipment Fault,195.8,201.23
TASK00459,2025-05-23,MC1003,Excavator,4,Overdue,OP1019,Expert,4.8,Trenching,177.1,2.17,617.7,5.27,17.5,Muddy,Normal,Windy,21.3,32.5,Good,Afternoon,135.4,Yes,Equipment Fault,342.2,152.73
TASK00460,2025-05-21,MC1009,Bulldozer,9,Good,OP1015,Expert,1.0,Grading,382.8,1.84,642.0,7.16,3.7,Flat,Wet,Clear,31.0,50.8,Good,Morning,186.3,No,None,193.7,3.97
TASK00461,2025-03-18,MC1001,Excavator,1,Good,OP1012,Intermediate,6.5,Demolition,176.1,2.29,304.7,3.91,11.9,Rocky,Normal,Windy,32.8,48.9,Moderate,Afternoon,155.4,No,None,296.5,90.8
TASK00462,2025-09-12,MC1002,Excavator,2,Good,OP1005,Beginner,5.3,Grading,538.7,3.76,808.3,9.49,8.6,Rocky,Loose,Clear,35.0,51.5,Good,Afternoon,256.4,No,None,451.5,76.09
TASK00463,2025-02-02,MC1007,Bulldozer,7,Good,OP1001,Beginner,7.3,Material Loading,546.4,11.16,305.3,,32.8,Rolling,Dry,Rainy,26.2,83.8,,Afternoon,217.6,No,None,404.0,85.66
TASK00464,2025-06-29,MC1005,Loader,6,Good,OP1015,Expert,6.6,Earth Excavation,385.4,3.94,238.7,7.72,1.3,Steep,Dry,Rainy,23.7,93.2,Good,Afternoon,212.4,No,None,303.2,42.75
TASK00465,2025-10-30,MC1010,Excavator,10,Good,OP1020,Expert,5.7,Earth Excavation,84.1,,293.0,2.25,12.2,Flat,Wet,Clear,28.7,60.8,Poor,Afternoon,55.7,No,None,87.2,56.55
TASK00466,2025-02-27,MC1008,Bulldozer,8,Due Soon,OP1013,Intermediate,3.3,Demolition,219.0,1.83,176.5,4.75,42.2,Rocky,,Windy,34.5,49.8,Good,Afternoon,188.8,No,None,397.3,110.43
TASK00467,2025-02-02,MC1001,Excavator,1,Good,OP1003,Beginner,4.2,Earth Excavation,289.2,5.4,365.4,7.3,20.3,Flat,Muddy,Clear,30.6,52.0,Good,Morning,162.4,No,None,262.4,61.58
TASK00468,2025-02-12,MC1006,Loader,3,Good,OP1003,Beginner,5.4,Trenching,285.7,1.51,609.9,4.81,6.4,Muddy,Muddy,Cloudy,21.2,78.3,Good,Afternoon,209.3,No,None,421.4,101.34
TASK00469,2025-10-08,MC1002,Excavator,2,Good,OP1019,Expert,1.0,Earth Excavation,281.3,3.1,133.4,4.72,11.6,,Wet,Cloudy,22.1,70.3,Good,Morning,158.3,No,Weather,204.5,29.19
TASK00470,2025-05-19,MC1006,Loader,3,Good,OP1011,Intermediate,6.5,Trenching,88.5,1.04,474.6,2.5,7.9,Rocky,Dry,Clear,30.4,62.6,Good,Afternoon,75.2,No,None,123.1,63.7
TASK00471,2025-02-07,MC1007,Bulldozer,7,Due Soon,OP1019,Expert,5.5,Material Loading,356.1,9.54,409.1,10.95,28.9,Rolling,Dry,Windy,24.9,68.5,Good,Morning,145.3,No,Operator Delay,268.0,84.45
TASK00472,2025-04-09,MC1003,Excavator,4,Overdue,OP1004,Beginner,5.2,Grading,649.2,3.4,793.4,13.42,33.4,Muddy,Loose,Hot,30.9,57.7,Moderate,Morning,306.1,No,None,616.3,101.34
TASK00473,2025-03-12,MC1004,Loader,5,Due Soon,OP1017,Expert,2.2,Trenching,184.4,1.34,725.2,4.7,25.9,Rolling,Dry,Windy,22.7,,Moderate,Afternoon,140.4,No,None,192.5,37.11
TASK00474,2025-11-03,MC1008,Bulldozer,8,Good,OP1014,Expert,4.5,Trenching,112.3,1.11,570.5,3.52,9.3,Rolling,Loose,Clear,27.5,55.7,Good,Afternoon,91.4,No,,112.2,22.76
TASK00475,2025-01-07,MC1010,Excavator,10,Good,OP1018,Expert,5.3,Grading,316.1,1.73,434.7,5.79,,Flat,Normal,Clear,21.1,52.9,Moderate,Afternoon,156.2,No,None,197.1,26.18
TASK00476,2025-03-19,MC1006,Loader,3,Due Soon,OP1004,Beginner,2.6,Grading,655.3,4.78,580.3,11.42,5.7,Rolling,Dry,Rainy,27.1,78.7,Moderate,Afternoon,308.9,No,None,461.6,49.43
TASK00477,2025-02-24,MC1004,Loader,5,Overdue,OP1013,Intermediate,6.1,Earth Excavation,96.4,1.62,254.8,2.75,11.0,Muddy,Muddy,Clear,32.9,70.6,Good,Morning,62.1,No,None,127.3,104.99
TASK00478,2025-05-20,MC1004,Loader,5,Good,OP1015,Expert,1.4,Earth Excavation,415.9,7.58,166.1,8.47,6.2,Rocky,Normal,Clear,,55.2,Moderate,Morning,228.3,No,None,301.7,32.15
TASK00479,2025-01-25,MC1004,Loader,5,Good,OP1020,Expert,5.2,Earth Excavation,420.2,4.83,174.3,7.34,15.1,Muddy,Normal,Clear,26.1,47.8,Moderate,Night,230.5,No,None,366.1,58.83
TASK00480,2025-10-31,MC1007,Bulldozer,7,Good,OP1008,Intermediate,2.4,Earth Excavation,310.2,2.67,335.7,5.49,6.0,Muddy,Dry,Cloudy,19.6,73.6,Good,Morning,173.3,No,None,237.9,37.28
TASK00481,2025-06-06,MC1003,Excavator,4,Good,OP1004,Beginner,6.1,Grading,854.6,1.88,464.5,11.82,4.4,Muddy,Normal,Windy,30.3,45.1,Moderate,Afternoon,398.6,No,None,623.1,56.32
TASK00482,2025-07-10,MC1002,Excavator,2,Good,OP1013,Intermediate,7.4,Grading,274.2,2.66,348.0,5.47,7.9,Flat,Muddy,Clear,25.6,39.7,,Night,137.4,No,None,210.1,52.91
TASK00483,2025-05-09,MC1006,Loader,3,Good,OP1003,Beginner,3.5,Earth Excavation,98.7,1.29,170.8,1.96,21.5,Rolling,Dry,Clear,26.2,48.1,Poor,Morning,63.3,No,,101.8,60.82
TASK00484,2025-09-30,MC1002,Excavator,2,Good,OP1002,Beginner,5.6,Trenching,198.8,1.55,530.7,3.91,25.1,Rocky,,Clear,27.4,40.8,Good,Afternoon,150.2,No,Site Condition,301.7,100.87
TASK00485,2025-11-27,MC1006,Loader,3,Good,OP1019,Expert,5.4,Earth Excavation,291.5,4.0,197.6,6.55,3.8,Flat,Dry,Hot,38.4,51.4,Moderate,Afternoon,163.6,No,None,205.7,25.73
TASK00486,2025-03-30,MC1010,Excavator,10,Good,OP1018,Expert,4.4,Earth Excavation,324.0,3.17,268.8,7.29,15.7,Rocky,Wet,Rainy,28.8,71.4,Good,Morning,180.5,No,None,269.9,49.53
TASK00487,2025-11-25,MC1007,Bulldozer,7,Due Soon,OP1010,Intermediate,2.4,Earth Excavation,130.8,0.77,299.6,3.08,26.2,Steep,Normal,Cloudy,26.4,68.4,Moderate,Morning,80.0,No,None,133.7,67.12
TASK00488,2025-10-26,MC1009,Bulldozer,9,Good,OP1013,Intermediate,2.3,Demolition,143.4,2.25,189.2,4.33,60.4,Rolling,Wet,Rainy,18.7,85.6,Poor,Morning,129.9,No,None,304.2,134.18
TASK00489,2025-02-28,MC1010,Excavator,10,Overdue,OP1005,Beginner,2.9,Material Loading,537.4,7.74,453.3,,18.3,Muddy,Wet,Clear,28.4,66.8,Moderate,Morning,214.2,No,None,538.3,151.31
TASK00490,2025-01-15,MC1003,Excavator,4,Good,OP1004,Beginner,1.1,Grading,677.8,2.16,251.4,10.14,8.6,Rolling,Normal,Rainy,24.3,85.1,Good,Morning,319.0,No,None,464.0,45.45
TASK00491,2025-06-28,MC1002,Excavator,2,Good,OP1005,Beginner,3.5,Material Loading,317.1,7.5,245.0,9.38,13.5,Muddy,Normal,Clear,36.1,43.7,Moderate,Morning,130.5,No,None,256.9,96.86
TASK00492,2025-06-29,MC1006,Loader,3,Good,OP1004,Beginner,3.2,Grading,555.3,3.38,408.8,7.84,2.2,Muddy,Wet,Clear,28.2,42.0,Good,Afternoon,263.9,No,None,436.4,65.37
TASK00493,2025-05-05,MC1003,Excavator,4,Good,OP1004,Beginner,6.0,Material Loading,274.0,6.5,283.2,8.34,24.8,Flat,Muddy,Clear,28.4,79.6,Poor,Night,114.1,No,None,261.6,129.27
TASK00494,2025-06-29,MC1006,Loader,3,Good,OP1008,Intermediate,3.0,Grading,582.3,4.86,690.1,8.87,21.5,Muddy,Dry,Clear,26.7,61.6,Good,Morning,276.0,No,None,393.5,42.57
TASK00495,2025-07-02,MC1002,Excavator,2,Good,OP1019,Expert,7.9,Earth Excavation,165.1,1.23,285.0,3.0,9.1,Flat,,Cloudy,24.5,53.8,Poor,Night,97.8,No,None,141.4,44.58
TASK00496,2025-09-09,MC1005,Loader,6,Good,OP1015,Expert,1.3,Demolition,105.0,0.83,363.5,2.27,,Muddy,Dry,Cloudy,27.0,60.4,Moderate,Morning,99.9,No,Site Condition,139.9,40.04
TASK00497,2025-09-05,MC1004,Loader,5,Good,OP1013,Intermediate,1.6,Grading,746.7,6.06,,12.1,8.1,,Normal,Cloudy,26.0,79.5,Moderate,Morning,350.0,No,Operator Delay,436.9,24.83
TASK00498,2025-09-08,MC1001,Excavator,1,Good,OP1001,Beginner,4.5,Trenching,89.7,0.5,264.3,2.07,21.1,Rolling,Muddy,Hot,35.4,46.7,Moderate,Afternoon,76.0,No,None,167.0,119.74
TASK00499,2025-06-20,MC1002,Excavator,2,Overdue,OP1002,Beginner,3.7,Grading,292.8,2.58,1032.0,6.75,10.2,Steep,Dry,Clear,27.5,53.0,Moderate,,145.8,No,None,269.8,85.05
TASK00500,2025-03-22,MC1007,Bulldozer,7,Good,OP1007,Intermediate,3.4,Earth Excavation,111.1,0.7,223.3,2.38,15.3,Flat,Muddy,Clear,29.9,71.0,Good,Morning,69.8,No,None,109.9,57.45
TASK00501,2025-06-25,MC1004,Loader,5,Good,OP1020,Expert,4.2,Trenching,120.5,0.5,339.5,2.47,14.0,Flat,Normal,Hot,35.0,49.1,Good,Morning,96.9,No,None,121.9,25.8
TASK00502,2025-12-19,MC1010,Excavator,10,Due Soon,OP1013,Intermediate,1.9,Material Loading,553.3,5.73,208.1,9.72,12.9,Flat,Normal,Cloudy,26.7,71.8,Good,Morning,220.3,No,None,281.4,27.73
TASK00503,2025-07-14,MC1010,Excavator,10,Good,OP1003,Beginner,1.0,Grading,420.0,2.63,1053.5,10.66,10.0,Rocky,Normal,Hot,30.8,29.4,Good,Afternoon,203.0,No,None,412.0,102.96
TASK00504,2025-03-21,MC1001,Excavator,1,Due Soon,OP1012,Intermediate,6.1,Material Loading,582.1,11.41,207.9,15.28,22.2,,Muddy,Rainy,,80.4,Good,Afternoon,231.2,No,None,439.9,90.27
TASK00505,2025-06-15,MC1004,Loader,5,Good,OP1013,Intermediate,5.3,Trenching,269.1,3.07,751.0,7.48,8.3,Rolling,,Hot,29.9,50.2,Good,Afternoon,198.0,No,None,284.6,43.74
TASK00506,2025-09-22,MC1008,Bulldozer,8,Overdue,OP1020,Expert,5.6,Grading,764.5,4.18,458.5,14.27,20.7,Flat,Dry,Clear,36.7,40.4,Moderate,Night,358.0,No,None,511.0,42.74
TASK00507,2025-11-27,MC1003,Excavator,4,Overdue,OP1019,Expert,3.9,Grading,655.6,1.73,647.0,9.37,9.5,Steep,,Windy,19.1,43.4,Poor,Afternoon,309.0,No,None,468.3,51.55
TASK00508,2025-05-03,MC1003,Excavator,4,Good,OP1014,Expert,1.9,Material Loading,352.7,5.03,246.0,6.49,11.6,Rolling,Wet,Cloudy,27.7,65.1,Good,Afternoon,144.0,No,None,209.9,45.76
TASK00509,2025-09-28,MC1005,Loader,6,Good,OP1019,Expert,,Trenching,172.8,1.58,170.0,2.99,29.2,Muddy,Loose,Rainy,21.8,73.1,Good,Afternoon,132.5,No,None,246.2,85.81
TASK00510,2025-07-16,MC1010,Excavator,10,Good,OP1014,Expert,3.1,Demolition,136.9,0.71,286.4,2.88,14.6,Flat,Wet,Cloudy,23.4,80.7,Good,Afternoon,124.8,No,None,168.9,35.34
TASK00511,2025-04-17,MC1010,Excavator,10,Due Soon,OP1017,Expert,2.0,Grading,782.1,1.83,514.0,11.32,4.8,Rocky,Normal,Clear,30.3,49.1,Poor,Morning,366.0,No,None,585.8,60.05
TASK00512,2025-11-24,MC1005,Loader,6,Good,OP1019,Expert,1.8,Earth Excavation,167.0,,104.8,,11.9,Flat,Muddy,Clear,26.0,50.1,Good,Morning,98.8,No,Site Condition,127.7,29.25
TASK00513,2025-11-24,MC1009,Bulldozer,9,Good,OP1009,Intermediate,2.1,Trenching,158.6,0.74,848.0,5.04,12.5,Rolling,Normal,Windy,22.3,54.3,Good,Afternoon,122.8,No,None,169.1,37.7
TASK00514,2025-10-10,MC1001,Excavator,1,Good,OP1010,Intermediate,1.7,Material Loading,113.3,1.91,412.5,2.87,26.7,Rolling,,Clear,24.5,,Good,Morning,53.1,No,None,92.5,74.2
TASK00515,2025-01-19,MC1010,Excavator,10,Good,OP1013,Intermediate,6.6,Material Loading,166.9,1.65,336.0,,8.4,Rocky,Dry,Clear,,58.4,Moderate,Night,73.4,No,None,128.8,75.48
TASK00516,2025-12-25,MC1010,Excavator,10,Good,OP1007,Intermediate,1.6,Material Loading,281.4,3.4,254.7,,19.0,Muddy,Muddy,Clear,33.4,76.0,Good,Morning,116.9,No,None,227.0,94.18
TASK00517,2025-01-20,MC1002,Excavator,2,Good,OP1018,Expert,4.8,Trenching,97.3,0.6,259.6,2.12,4.9,Rolling,Wet,Rainy,22.5,80.0,Good,Night,81.1,No,None,118.3,45.87
TASK00518,2025-03-17,MC1005,Loader,6,Overdue,OP1014,Expert,5.9,Material Loading,104.8,1.89,444.9,3.51,60.7,Flat,Normal,Clear,29.2,52.6,Moderate,Night,49.8,No,None,128.1,157.23
TASK00519,2025-03-05,MC1005,Loader,6,Good,OP1005,Beginner,4.2,Trenching,177.3,1.72,493.6,3.85,10.4,Flat,Normal,Rainy,24.0,88.4,Poor,Morning,135.5,No,Material Availability,236.8,74.76
TASK00520,2025-09-26,MC1003,Excavator,4,Due Soon,OP1012,Intermediate,3.2,Material Loading,450.4,6.84,563.9,10.57,16.6,Muddy,Normal,Cloudy,25.0,70.5,Good,Morning,181.1,No,None,279.0,54.06
TASK00521,2025-05-29,MC1003,Excavator,4,Good,OP1004,Beginner,6.4,Demolition,55.5,0.89,,2.0,13.9,Flat,Normal,Cloudy,26.3,70.6,Good,Afternoon,61.3,No,None,85.7,39.8
TASK00522,2025-07-17,MC1007,Bulldozer,7,Due Soon,OP1002,Beginner,5.3,Trenching,65.2,0.5,401.9,2.77,8.6,Steep,Normal,Rainy,20.9,67.9,Good,Afternoon,59.4,No,None,115.6,94.61
TASK00523,2025-08-11,MC1003,Excavator,4,Overdue,OP1005,Beginner,,Earth Excavation,312.2,1.86,334.5,5.97,3.2,Muddy,,Cloudy,27.3,59.1,Moderate,Morning,174.3,No,None,328.2,88.3
TASK00524,2025-08-25,MC1006,Loader,3,Due Soon,OP1002,Beginner,2.1,Demolition,167.2,2.92,166.6,3.72,18.1,Muddy,Muddy,Cloudy,30.4,61.7,Good,Morning,148.4,No,None,262.4,76.82
TASK00525,2025-11-29,MC1002,Excavator,2,Good,OP1016,Expert,3.6,Earth Excavation,260.0,2.56,145.9,5.01,10.5,Steep,Normal,Clear,30.4,48.3,Good,Afternoon,147.2,No,None,193.6,31.52
TASK00526,2025-10-16,MC1004,Loader,5,Good,OP1011,Intermediate,1.1,Trenching,188.1,2.34,523.4,4.26,1.8,Rocky,Wet,Cloudy,25.7,74.3,Poor,Morning,142.9,No,Operator Delay,251.4,75.93
TASK00527,2025-05-07,MC1010,Excavator,10,Good,OP1008,Intermediate,2.9,Material Loading,585.9,6.92,246.3,11.53,17.1,Rocky,Dry,Rainy,22.6,83.9,Good,Morning,232.7,No,Site Condition,437.1,87.84
TASK00528,2025-01-13,MC1003,Excavator,4,Good,OP1019,Expert,5.8,Material Loading,349.7,5.68,264.7,8.78,4.8,Muddy,Normal,Rainy,21.7,72.7,Moderate,Afternoon,142.9,No,None,240.1,68.02
TASK00529,2025-12-05,MC1002,Excavator,2,Good,OP1006,Beginner,4.7,Earth Excavation,232.8,3.66,275.6,,8.6,Steep,Normal,Clear,30.4,55.8,Good,Afternoon,133.1,No,None,184.8,38.84
TASK00530,2025-03-16,MC1006,Loader,3,Good,OP1020,Expert,1.3,Trenching,166.4,0.77,223.6,2.44,10.4,Rolling,Normal,Clear,31.6,51.6,Moderate,Morning,128.2,No,None,136.4,6.4
TASK00531,2025-08-06,MC1007,Bulldozer,7,Due Soon,OP1006,Beginner,4.5,Demolition,150.7,1.92,259.6,4.02,11.8,Muddy,Normal,Clear,30.4,65.2,Moderate,Afternoon,135.6,No,None,245.4,80.97
TASK00532,2025-08-14,MC1008,Bulldozer,8,Good,OP1006,Beginner,3.0,Earth Excavation,129.3,1.49,257.1,3.03,5.2,Muddy,Wet,Clear,31.2,57.7,Good,Afternoon,79.3,No,None,158.1,99.37
TASK00533,2025-08-28,MC1009,Bulldozer,9,Due Soon,OP1009,Intermediate,1.0,Grading,451.6,3.22,522.4,9.48,5.3,Rolling,Normal,Clear,30.7,43.6,Good,Morning,217.2,No,None,258.1,18.83
TASK00534,2025-04-16,MC1001,Excavator,1,Good,OP1001,Beginner,,Grading,645.4,4.8,479.1,10.15,9.1,Flat,,Cloudy,27.1,64.7,Good,Afternoon,304.4,No,Material Availability,370.3,21.65
TASK00535,2025-01-04,MC1005,Loader,6,Good,OP1020,Expert,4.8,Trenching,115.4,,736.7,3.5,10.0,Rocky,Normal,Cloudy,31.9,72.6,Poor,Morning,93.5,No,Site Condition,180.4,92.94
TASK00536,2025-10-25,MC1003,Excavator,4,Good,OP1013,Intermediate,3.4,Material Loading,401.9,8.39,406.5,9.22,11.0,Rolling,Normal,Clear,25.0,57.0,Good,Morning,162.7,No,None,200.4,23.17
TASK00537,2025-05-20,MC1009,Bulldozer,9,Good,OP1019,Expert,1.4,Trenching,292.3,2.63,601.2,7.3,10.4,Rolling,Loose,Clear,27.4,53.8,Good,Morning,213.8,No,None,257.1,20.25
TASK00538,2025-03-27,MC1010,Excavator,10,Good,OP1013,Intermediate,1.0,Demolition,56.4,0.83,282.0,1.76,25.5,Muddy,Normal,Clear,22.9,59.1,Good,Morning,62.0,No,None,119.6,92.9
TASK00539,2025-09-13,MC1010,Excavator,10,Due Soon,OP1003,Beginner,4.8,Trenching,59.3,0.5,286.2,2.1,15.9,Rolling,Loose,Hot,,30.0,Good,Night,55.3,Yes,Equipment Fault,196.5,255.33
TASK00540,2025-07-24,MC1010,Excavator,10,Good,OP1007,Intermediate,1.4,Trenching,179.9,1.24,729.2,5.03,5.9,Flat,Dry,Hot,29.9,52.4,Good,Morning,137.3,No,None,172.6,25.71
TASK00541,2025-04-16,MC1001,Excavator,1,Overdue,OP1019,Expert,3.6,Earth Excavation,118.5,1.19,278.1,2.78,19.9,Flat,Dry,Windy,25.6,45.9,Good,Afternoon,73.6,No,None,97.3,32.2
TASK00542,2025-05-10,MC1010,Excavator,10,Good,OP1002,Beginner,1.0,Material Loading,582.2,14.93,198.7,17.07,14.2,Rolling,Wet,Clear,25.1,66.6,Good,Morning,231.2,No,None,368.7,59.47
TASK00543,2025-12-07,MC1005,Loader,6,Good,OP1016,Expert,2.7,Material Loading,552.0,6.17,273.3,8.85,19.4,Flat,Muddy,Clear,27.3,77.5,Good,Morning,219.8,No,None,280.6,27.66
TASK00544,2025-04-20,MC1006,Loader,3,Good,OP1011,Intermediate,4.3,Grading,720.5,3.59,761.3,9.86,21.1,Rocky,Wet,Clear,33.9,70.1,Good,Afternoon,338.2,No,None,572.6,69.31
TASK00545,2025-12-23,MC1007,Bulldozer,7,Due Soon,OP1014,Expert,4.1,Trenching,159.7,1.15,326.0,4.15,26.2,Rocky,Wet,Rainy,25.2,71.4,Moderate,Afternoon,123.6,No,None,212.8,72.17
TASK00546,2025-05-20,MC1006,Loader,3,Good,OP1008,Intermediate,10.0,Earth Excavation,165.4,2.12,449.9,3.73,11.9,Steep,,Cloudy,25.5,66.3,Good,Night,98.0,No,None,201.6,105.71
TASK00547,2025-10-16,MC1002,Excavator,2,Good,OP1007,Intermediate,6.2,Material Loading,248.6,2.74,778.3,6.11,44.1,,Muddy,Rainy,21.5,75.2,Poor,Morning,104.5,No,None,280.0,167.94
TASK00548,2025-03-04,MC1005,Loader,6,Due Soon,OP1001,Beginner,6.3,Trenching,245.5,1.9,701.9,5.31,7.9,Rolling,Muddy,Clear,28.0,65.6,Moderate,Afternoon,181.9,No,None,361.2,98.57
TASK00549,2025-11-17,MC1002,Excavator,2,Overdue,OP1017,Expert,4.6,Earth Excavation,212.2,3.8,426.0,5.42,17.9,Rocky,Dry,Clear,25.9,46.3,,Night,122.3,No,None,171.5,40.23
TASK00550,2025-07-25,MC1006,Loader,3,Good,OP1008,Intermediate,1.0,Material Loading,561.6,10.02,430.2,13.6,14.3,Rolling,Normal,Hot,42.4,47.1,Poor,Morning,223.4,No,None,382.5,71.22
TASK00551,2025-03-06,MC1009,Bulldozer,9,Good,OP1002,Beginner,2.6,Material Loading,126.9,1.41,342.7,3.39,14.1,Rocky,Loose,Clear,25.7,83.0,Moderate,Afternoon,58.2,No,None,128.9,121.48
TASK00552,2025-11-06,MC1005,Loader,6,Overdue,OP1001,Beginner,1.0,Trenching,142.5,1.12,240.6,2.95,2.6,Rocky,Normal,Clear,32.2,50.5,Moderate,Morning,111.9,No,None,181.8,62.47
TASK00553,2025-11-21,MC1002,Excavator,2,Due Soon,OP1020,Expert,3.0,Earth Excavation,392.7,,157.2,7.53,,Flat,Loose,Clear,29.4,,Poor,Morning,216.2,No,None,269.1,24.47
TASK00554,2025-12-14,MC1007,Bulldozer,7,Good,OP1018,Expert,4.2,Grading,771.2,6.59,760.0,14.85,9.3,Muddy,Wet,Cloudy,33.7,60.5,Good,Afternoon,361.0,No,,542.0,50.14
TASK00555,2025-03-11,MC1006,Loader,3,Good,OP1018,Expert,5.9,Demolition,141.8,0.66,515.3,3.1,61.9,Flat,Wet,Clear,29.7,25.0,Moderate,Night,128.6,No,None,215.1,67.26
TASK00556,2025-01-01,MC1004,Loader,5,Good,OP1007,Intermediate,4.4,Demolition,67.8,0.5,229.1,1.53,29.1,Steep,Wet,Clear,32.5,69.3,Good,Morning,70.9,No,None,116.5,64.32
TASK00557,2025-12-02,MC1009,Bulldozer,9,Good,OP1020,Expert,7.8,Grading,265.6,0.66,829.7,6.9,13.6,,Normal,Hot,41.2,46.3,,Afternoon,133.5,No,None,204.7,53.33
TASK00558,2025-11-07,MC1010,Excavator,10,Overdue,OP1006,Beginner,3.9,Grading,855.0,4.99,808.3,17.06,1.9,Rocky,Normal,Clear,27.1,59.7,Good,Afternoon,398.7,No,None,776.1,94.66
TASK00559,2025-09-12,MC1001,Excavator,1,Good,OP1006,Beginner,2.9,Material Loading,256.6,3.87,298.7,5.61,18.1,Muddy,Dry,Windy,26.1,46.2,Moderate,Morning,107.5,No,None,197.1,83.35
TASK00560,2025-02-10,MC1006,Loader,3,Good,OP1012,Intermediate,3.7,Earth Excavation,164.4,1.89,613.8,4.22,4.5,Flat,Muddy,Windy,28.8,69.4,Poor,,97.5,No,None,161.7,65.85
TASK00561,2025-02-24,MC1007,Bulldozer,7,Due Soon,OP1001,Beginner,1.4,Earth Excavation,405.8,4.04,178.0,9.44,5.8,Flat,Normal,Clear,33.5,66.2,Moderate,Afternoon,223.0,No,None,301.1,35.02
TASK00562,2025-02-15,MC1010,Excavator,10,Overdue,OP1020,Expert,3.7,Material Loading,267.0,5.92,232.3,9.19,8.3,Rocky,Dry,Clear,24.6,74.9,Good,Afternoon,111.5,No,None,188.1,68.7
TASK00563,2025-09-03,MC1008,Bulldozer,8,Due Soon,OP1016,Expert,4.8,Demolition,52.7,0.65,,2.07,18.5,Flat,Normal,Clear,,69.1,Moderate,Afternoon,59.1,No,None,84.5,42.98
TASK00564,2025-06-26,MC1007,Bulldozer,7,Good,OP1010,Intermediate,2.3,Trenching,270.2,1.81,567.9,6.81,,Muddy,Loose,Windy,26.9,41.1,Moderate,Morning,198.7,No,Material Availability,372.3,87.37
TASK00565,2025-09-26,MC1006,Loader,3,Good,OP1019,Expert,4.1,Earth Excavation,151.4,2.2,165.3,3.28,,Muddy,Dry,Rainy,23.2,82.3,Good,Night,90.7,Yes,Equipment Fault,286.0,215.33
TASK00566,2025-09-14,MC1009,Bulldozer,9,Good,OP1016,Expert,1.0,Material Loading,259.2,5.27,397.5,7.62,75.0,Flat,Muddy,Windy,24.7,65.0,Moderate,Morning,108.5,No,None,234.5,116.13
TASK00567,2025-04-14,MC1004,Loader,5,Due Soon,OP1010,Intermediate,5.3,Material Loading,334.1,4.43,255.8,6.64,,Rocky,Normal,Clear,21.6,66.9,Moderate,Afternoon,137.0,No,,219.7,60.36
TASK00568,2025-05-27,MC1004,Loader,5,Good,OP1020,Expert,8.5,Trenching,239.0,1.38,,3.91,17.2,Flat,Normal,Rainy,21.6,80.0,Good,Night,177.5,No,None,276.1,55.55
TASK00569,2025-09-02,MC1001,Excavator,1,Good,OP1018,Expert,4.3,Grading,876.0,2.47,658.6,10.95,15.5,Rolling,Wet,Clear,23.6,79.6,Moderate,Afternoon,408.2,No,None,509.3,24.77
TASK00570,2025-03-19,MC1008,Bulldozer,8,Good,OP1002,Beginner,2.2,Trenching,162.4,2.0,415.3,4.79,1.7,Rocky,Muddy,Clear,26.5,50.8,Moderate,Morning,125.4,No,None,216.1,72.33
TASK00571,2025-12-05,MC1005,Loader,6,Good,OP1011,Intermediate,2.2,Grading,680.9,5.93,1388.9,13.86,1.4,Rocky,Normal,Hot,34.2,44.9,,Afternoon,320.4,No,None,497.5,55.27
TASK00572,2025-10-11,MC1008,Bulldozer,8,Due Soon,OP1006,Beginner,4.8,Earth Excavation,253.8,2.8,369.7,5.67,12.7,Rocky,Normal,Clear,29.8,47.9,Good,Afternoon,144.0,No,None,251.7,74.79
TASK00573,2025-05-20,MC1006,Loader,3,Due Soon,OP1004,Beginner,2.1,Earth Excavation,292.6,4.63,246.2,6.71,6.6,,Normal,Rainy,23.7,76.1,Good,Morning,164.2,No,,260.5,58.65
TASK00574,2025-07-22,MC1005,Loader,6,Good,OP1019,Expert,5.9,Demolition,186.1,2.15,191.4,3.97,24.3,Rolling,Normal,Rainy,20.4,88.3,Moderate,Afternoon,163.1,No,None,249.2,52.79
TASK00575,2025-01-07,MC1004,Loader,5,Due Soon,OP1018,Expert,4.3,Material Loading,308.1,,398.8,6.22,16.4,Rocky,Dry,Cloudy,28.2,59.9,Moderate,Afternoon,127.1,No,None,301.8,137.45
TASK00576,2025-11-22,MC1009,Bulldozer,9,Due Soon,OP1019,Expert,1.5,Grading,894.0,5.63,524.2,18.91,14.5,Muddy,Wet,Cloudy,23.0,62.4,Good,Morning,416.3,No,None,588.9,41.46
TASK00577,2025-03-19,MC1008,Bulldozer,8,Due Soon,OP1014,Expert,4.0,Grading,898.4,4.21,417.3,18.9,9.5,Muddy,Normal,Rainy,28.4,69.0,Good,Morning,418.3,No,None,672.8,60.84
TASK00578,2025-04-10,MC1008,Bulldozer,8,Due Soon,OP1013,Intermediate,4.0,Trenching,108.1,0.97,675.7,3.66,1.1,Rolling,Dry,Clear,27.7,,Moderate,Morning,88.5,No,None,118.8,34.24
TASK00579,2025-06-28,MC1001,Excavator,1,Good,OP1012,Intermediate,3.8,Demolition,115.4,1.21,310.1,2.49,15.9,Rolling,,Clear,26.0,58.9,Poor,Afternoon,108.0,No,Weather,190.8,76.67
TASK00580,2025-08-17,MC1002,Excavator,2,Good,OP1009,Intermediate,2.6,Grading,1212.9,2.74,553.0,15.07,16.5,Rocky,Normal,Clear,28.1,45.6,Good,Morning,559.8,No,None,745.7,33.21
TASK00581,2025-12-22,MC1007,Bulldozer,7,Good,OP1006,Beginner,1.0,Trenching,216.2,2.04,339.1,4.39,6.9,Rolling,,Clear,32.4,73.4,Good,Afternoon,162.0,No,None,230.1,42.04
TASK00582,2025-08-19,MC1004,Loader,5,Good,OP1005,Beginner,4.8,Demolition,152.2,1.63,154.3,2.94,27.7,Flat,Muddy,Windy,23.2,68.8,Good,Afternoon,136.7,No,Weather,267.3,95.54
TASK00583,2025-07-24,MC1004,Loader,5,Due Soon,OP1001,Beginner,4.0,Demolition,106.2,1.02,171.8,2.03,33.5,Rolling,,Windy,30.5,59.3,Good,Afternoon,100.8,No,None,226.8,125.0
TASK00584,2025-12-26,MC1005,Loader,6,Good,OP1013,Intermediate,3.9,Earth Excavation,336.5,3.49,160.0,5.82,15.0,,Muddy,Clear,28.7,42.9,Good,Morning,187.0,No,None,293.4,56.9
TASK00585,2025-10-18,MC1010,Excavator,10,Due Soon,OP1018,Expert,1.0,Trenching,215.9,2.37,426.1,5.38,2.9,Flat,Normal,Clear,27.1,49.8,Good,Morning,161.8,No,None,181.7,12.3
TASK00586,2025-08-29,MC1007,Bulldozer,7,Good,OP1011,Intermediate,1.8,Demolition,97.5,1.02,,2.99,11.9,Rolling,Loose,Cloudy,26.3,60.1,Good,Morning,94.1,No,None,134.0,42.4
TASK00587,2025-05-15,MC1004,Loader,5,Due Soon,OP1019,Expert,4.7,Trenching,195.7,,221.6,3.06,7.6,Rolling,Wet,Rainy,,85.6,Good,Night,148.1,No,None,238.5,61.04
TASK00588,2025-05-26,MC1001,Excavator,1,Good,OP1008,Intermediate,1.0,Trenching,302.4,1.02,250.3,4.1,4.6,Muddy,Dry,Clear,29.5,54.7,,Morning,220.6,No,None,313.0,41.89
TASK00589,2025-11-23,MC1009,Bulldozer,9,Good,OP1008,Intermediate,1.0,Trenching,224.4,2.6,428.8,6.08,8.0,Flat,Normal,Clear,33.8,75.8,Good,Morning,167.6,No,None,228.5,36.34
TASK00590,2025-09-23,MC1004,Loader,5,Due Soon,OP1001,Beginner,7.4,Grading,588.2,5.21,1108.6,12.98,5.1,Flat,,Rainy,20.5,89.9,Good,Afternoon,278.7,No,None,537.1,92.72
TASK00591,2025-07-15,MC1003,Excavator,4,Good,OP1007,Intermediate,,Earth Excavation,391.4,5.51,520.0,9.23,,Flat,Wet,Windy,26.2,72.9,Good,Morning,215.5,No,None,282.1,30.9
TASK00592,2025-09-21,MC1010,Excavator,10,Good,OP1012,Intermediate,4.0,Trenching,273.9,2.95,494.6,7.14,10.8,Rocky,Normal,Clear,28.5,66.8,Good,Morning,201.3,No,None,294.2,46.15
TASK00593,2025-01-24,MC1002,Excavator,2,Good,OP1009,Intermediate,4.7,Trenching,85.9,0.79,635.4,2.92,4.0,Rocky,Normal,Clear,35.2,67.3,Moderate,Afternoon,73.4,No,Weather,152.5,107.77
TASK00594,2025-10-12,MC1002,Excavator,2,Due Soon,OP1013,Intermediate,3.0,Grading,570.1,3.56,393.8,9.54,12.7,Flat,Dry,Rainy,28.3,82.0,Good,Morning,270.5,No,None,362.9,34.16
TASK00595,2025-01-19,MC1005,Loader,6,Good,OP1018,Expert,4.8,Demolition,154.4,1.49,190.8,3.04,12.6,Flat,Normal,Rainy,25.9,83.1,Good,Night,138.4,No,None,194.9,40.82
TASK00596,2025-04-08,MC1007,Bulldozer,7,Overdue,OP1016,Expert,2.5,Material Loading,165.8,3.54,264.1,5.72,22.9,,Loose,Cloudy,25.3,64.3,Good,Morning,73.0,Yes,Equipment Fault,228.9,213.56
TASK00597,2025-11-18,MC1007,Bulldozer,7,Overdue,OP1015,Expert,2.4,Grading,495.4,4.89,377.0,,12.3,Muddy,Normal,Clear,25.1,42.8,Good,Morning,236.9,No,None,369.2,55.85
TASK00598,2025-12-26,MC1010,Excavator,10,Good,OP1007,Intermediate,3.2,Earth Excavation,89.7,1.51,312.3,3.02,15.2,Flat,Wet,Cloudy,,63.3,Good,Morning,58.7,No,None,88.7,51.11
TASK00599,2025-08-07,MC1007,Bulldozer,7,Due Soon,OP1001,Beginner,7.7,Material Loading,464.8,6.45,290.1,,25.3,Rolling,Muddy,Hot,38.0,52.3,Moderate,Night,186.6,No,None,414.6,122.19
TASK00600,2025-01-25,MC1007,Bulldozer,7,Good,OP1005,Beginner,2.8,Material Loading,503.6,8.94,398.2,14.63,48.5,Rolling,Muddy,Windy,24.4,66.7,Good,Morning,201.4,No,None,430.9,113.95
TASK00601,2025-08-01,MC1005,Loader,6,Good,OP1020,Expert,6.4,Demolition,192.8,2.21,178.7,4.34,12.7,Muddy,Muddy,Hot,35.0,43.8,Good,Night,168.4,No,None,262.5,55.88
TASK00602,2025-05-16,MC1009,Bulldozer,9,Good,OP1007,Intermediate,2.7,Material Loading,446.8,4.27,270.5,9.22,7.6,Flat,Wet,Windy,29.9,62.5,Moderate,Morning,179.8,Yes,Equipment Fault,373.5,107.73
TASK00603,2025-02-28,MC1006,Loader,3,Good,OP1007,Intermediate,4.9,Material Loading,302.0,6.46,566.2,6.94,67.9,Rocky,Normal,Windy,33.1,71.9,Good,Afternoon,124.7,No,None,256.9,106.01
TASK00604,2025-02-22,MC1004,Loader,5,Good,OP1018,Expert,1.0,Demolition,168.9,1.52,255.7,3.16,3.2,Steep,Loose,Rainy,25.2,94.5,Poor,Morning,149.7,No,None,199.3,33.13
TASK00605,2025-01-31,MC1003,Excavator,4,Good,OP1012,Intermediate,3.1,Earth Excavation,390.2,2.65,240.2,6.16,5.8,Flat,Loose,Hot,36.3,40.3,Moderate,Morning,214.9,No,Material Availability,301.4,40.25
TASK00606,2025-04-17,MC1005,Loader,6,Due Soon,OP1013,Intermediate,1.0,Earth Excavation,380.6,3.85,335.1,7.81,5.8,Rocky,Normal,Rainy,25.2,68.6,Good,Afternoon,209.9,No,None,326.7,55.65
TASK00607,2025-06-12,MC1008,Bulldozer,8,Good,OP1004,Beginner,3.5,Demolition,164.2,1.71,216.0,3.74,18.0,Rocky,Dry,Clear,33.4,55.6,Good,Morning,146.1,No,None,210.7,44.22
TASK00608,2025-08-27,MC1006,Loader,3,Good,OP1011,Intermediate,2.7,Earth Excavation,435.2,7.51,211.0,8.5,7.5,Rolling,Dry,Clear,35.5,44.4,Good,Morning,238.3,No,None,299.3,25.6
TASK00609,2025-01-05,MC1003,Excavator,4,Good,OP1004,Beginner,2.9,Grading,335.7,2.25,387.0,5.51,6.8,Rocky,Muddy,Clear,,58.5,Moderate,Morning,165.1,No,None,273.5,65.66
TASK00610,2025-08-05,MC1008,Bulldozer,8,Due Soon,OP1011,Intermediate,7.2,Demolition,123.9,0.9,,3.48,17.2,,Normal,Clear,28.6,67.8,Good,Afternoon,114.7,No,None,177.6,54.84
TASK00611,2025-01-03,MC1009,Bulldozer,9,Due Soon,OP1014,Expert,3.1,Material Loading,406.5,6.39,249.5,11.66,22.1,Steep,Normal,Hot,,47.4,Good,Morning,164.5,Yes,Equipment Fault,310.6,88.81
TASK00612,2025-11-21,MC1006,Loader,3,Overdue,OP1015,Expert,3.2,Material Loading,200.2,3.15,225.9,4.36,42.4,Flat,Muddy,Clear,26.0,39.5,Moderate,Afternoon,86.1,No,Material Availability,163.8,90.24
TASK00613,2025-08-27,MC1010,Excavator,10,Due Soon,OP1019,Expert,5.3,Demolition,59.4,0.5,188.2,1.86,74.9,Rolling,Normal,Rainy,24.8,73.5,Moderate,Afternoon,64.4,No,None,156.4,142.86
TASK00614,2025-06-22,MC1005,Loader,6,Good,OP1007,Intermediate,8.0,Grading,598.8,2.86,353.2,8.64,21.7,Flat,Normal,Cloudy,26.8,51.3,Moderate,Night,283.5,No,None,417.5,47.27
TASK00615,2025-12-06,MC1005,Loader,6,Good,OP1004,Beginner,7.5,Earth Excavation,406.9,8.18,397.7,7.93,12.2,Rocky,Wet,Clear,29.1,47.9,,Night,223.6,No,None,441.1,97.27
TASK00616,2025-07-27,MC1006,Loader,3,Good,OP1017,Expert,6.2,Grading,223.7,0.67,559.2,3.8,9.2,Muddy,Normal,Cloudy,25.3,62.0,Moderate,Afternoon,114.7,No,None,169.5,47.78
TASK00617,2025-08-28,MC1001,Excavator,1,Good,OP1009,Intermediate,5.1,Earth Excavation,330.3,2.21,221.5,5.05,8.8,Flat,Normal,Clear,29.6,60.5,Moderate,Morning,183.8,No,None,237.9,29.43
TASK00618,2025-03-23,MC1004,Loader,5,Due Soon,OP1015,Expert,1.0,Trenching,82.6,0.5,312.1,1.86,7.8,Rolling,Normal,Hot,34.0,53.4,Good,Afternoon,71.2,No,Material Availability,99.3,39.47
TASK00619,2025-04-14,MC1002,Excavator,2,Good,OP1007,Intermediate,3.9,Material Loading,188.4,2.82,244.3,4.45,15.7,Muddy,Wet,Clear,28.9,75.2,Moderate,Morning,81.6,No,None,148.1,81.5
TASK00620,2025-03-13,MC1009,Bulldozer,9,Due Soon,OP1014,Expert,4.2,Demolition,121.9,1.4,253.8,3.07,8.5,Rolling,Wet,Windy,29.6,64.5,Moderate,Morning,113.1,No,,203.0,79.49
TASK00621,2025-08-13,MC1002,Excavator,2,Due Soon,OP1004,Beginner,4.5,Grading,471.6,1.29,665.6,7.89,10.3,,Wet,Cloudy,24.8,78.1,Good,Afternoon,226.2,No,None,333.0,47.21
TASK00622,2025-02-14,MC1007,Bulldozer,7,Due Soon,OP1012,Intermediate,,Grading,557.1,2.51,1174.9,12.72,17.6,Rolling,Wet,Cloudy,25.9,59.5,Good,Afternoon,264.7,No,None,412.8,55.95
TASK00623,2025-01-09,MC1002,Excavator,2,Due Soon,OP1009,Intermediate,5.8,Material Loading,438.4,10.4,248.7,11.35,18.8,Rolling,Dry,Cloudy,27.9,62.2,Moderate,Night,176.6,No,None,314.5,78.09
TASK00624,2025-12-23,MC1008,Bulldozer,8,Due Soon,OP1012,Intermediate,,Demolition,119.8,1.66,179.5,3.47,52.8,Muddy,Loose,Clear,29.9,78.4,Moderate,Night,111.5,No,None,241.9,116.95
TASK00625,2025-04-25,MC1005,Loader,6,Good,OP1013,Intermediate,4.8,Grading,716.8,1.72,691.7,10.48,14.6,Muddy,Dry,Hot,34.6,44.0,Good,Night,336.6,No,None,495.5,47.21
TASK00626,2025-09-11,MC1002,Excavator,2,Good,OP1013,Intermediate,1.2,Earth Excavation,106.0,2.12,207.3,2.6,4.0,Flat,Loose,Hot,38.5,50.9,Good,Morning,67.1,No,Material Availability,136.6,103.58
TASK00627,2025-07-21,MC1005,Loader,6,Due Soon,OP1002,Beginner,3.5,Demolition,76.8,1.21,546.6,2.89,23.0,Rocky,Normal,Rainy,24.0,77.0,Moderate,Morning,77.9,No,None,167.9,115.53
TASK00628,2025-08-16,MC1008,Bulldozer,8,Good,OP1016,Expert,2.6,Grading,447.8,4.15,,10.19,5.5,Steep,Dry,Cloudy,31.7,75.3,Good,Morning,215.5,No,None,255.0,18.33
TASK00629,2025-11-28,MC1009,Bulldozer,9,Overdue,OP1010,Intermediate,3.5,Material Loading,243.6,4.01,415.8,8.61,10.5,Flat,Muddy,Rainy,22.5,74.3,Moderate,Night,102.6,No,None,224.6,118.91
TASK00630,2025-07-28,MC1008,Bulldozer,8,Good,OP1002,Beginner,2.8,Trenching,122.7,0.99,384.6,,22.9,Rolling,Wet,Windy,25.7,37.9,Good,Morning,98.5,No,None,168.0,70.56
TASK00631,2025-02-02,MC1002,Excavator,2,Good,OP1004,Beginner,6.1,Trenching,190.9,1.06,396.9,3.53,1.8,Rolling,,Hot,33.4,52.2,Moderate,Afternoon,144.8,No,None,258.5,78.52
TASK00632,2025-10-25,MC1008,Bulldozer,8,Good,OP1011,Intermediate,3.6,Earth Excavation,191.8,3.7,207.6,5.1,5.1,Rolling,Loose,Clear,30.1,68.0,Moderate,,111.7,No,None,165.0,47.72
TASK00633,2025-01-16,MC1009,Bulldozer,9,Good,OP1010,Intermediate,5.7,Demolition,91.8,1.21,218.3,2.76,24.9,Steep,Normal,Hot,,56.9,Good,Afternoon,89.6,No,None,170.9,90.74
TASK00634,2025-11-26,MC1001,Excavator,1,Due Soon,OP1012,Intermediate,3.5,Trenching,99.0,0.5,856.1,3.07,3.9,Steep,Normal,Cloudy,24.3,70.4,Good,Night,82.3,No,None,114.9,39.61
TASK00635,2025-01-18,MC1006,Loader,3,Due Soon,OP1001,Beginner,6.7,Grading,376.0,3.29,801.2,8.05,5.7,Rocky,Muddy,Rainy,,84.8,Moderate,Morning,183.2,No,None,388.0,111.79
TASK00636,2025-03-08,MC1006,Loader,3,Good,OP1006,Beginner,,Grading,662.3,5.37,962.8,11.0,,Flat,Normal,Clear,26.9,60.5,Moderate,Afternoon,312.0,No,None,487.2,56.15
TASK00637,2025-03-05,MC1002,Excavator,2,Good,OP1017,Expert,5.4,Earth Excavation,243.0,3.92,,5.11,9.0,Steep,Normal,Clear,32.7,28.2,Moderate,Afternoon,138.3,No,None,183.8,32.9
TASK00638,2025-07-22,MC1001,Excavator,1,Due Soon,OP1001,Beginner,6.2,Earth Excavation,391.1,5.47,194.5,7.44,22.9,Rocky,Loose,Clear,31.1,66.6,Poor,Night,215.4,Yes,Equipment Fault,582.2,170.29
TASK00639,2025-05-09,MC1008,Bulldozer,8,Due Soon,OP1020,Expert,3.8,Demolition,188.8,1.32,264.1,3.91,33.9,Flat,Normal,Cloudy,23.2,58.1,Poor,Morning,165.2,No,None,207.3,25.48
TASK00640,2025-10-11,MC1008,Bulldozer,8,Good,OP1001,Beginner,3.3,Grading,783.4,2.22,2063.2,15.61,2.3,Flat,,Cloudy,24.8,77.6,Poor,Afternoon,366.5,No,None,711.5,94.13
TASK00641,2025-11-08,MC1004,Loader,5,Due Soon,OP1007,Intermediate,1.1,Trenching,288.5,2.06,432.6,5.37,1.1,Rocky,,Windy,,63.7,Good,Morning,211.2,No,None,325.6,54.17
TASK00642,2025-02-08,MC1010,Excavator,10,Good,OP1020,Expert,,Earth Excavation,88.4,1.35,297.0,2.91,10.8,Steep,Muddy,Windy,30.0,58.2,Good,Morning,58.0,No,None,101.9,75.69
TASK00643,2025-12-05,MC1005,Loader,6,Overdue,OP1016,Expert,4.2,Trenching,80.2,0.5,902.9,3.49,16.8,Muddy,,Cloudy,28.1,56.7,Moderate,Morning,69.6,No,,115.4,65.8
TASK00644,2025-10-09,MC1009,Bulldozer,9,Overdue,OP1013,Intermediate,5.7,Grading,347.5,0.78,327.5,7.04,11.5,Flat,Normal,Rainy,22.9,79.8,,Night,170.4,No,None,325.9,91.26
TASK00645,2025-07-06,MC1001,Excavator,1,Good,OP1004,Beginner,3.1,Demolition,100.7,1.68,375.2,3.29,14.4,Muddy,Dry,Clear,28.0,67.0,Good,Morning,96.6,No,None,153.4,58.8
TASK00646,2025-06-21,MC1004,Loader,5,Good,OP1008,Intermediate,4.5,Grading,558.4,4.33,447.1,8.68,6.2,Muddy,Dry,Hot,43.0,57.4,Good,Morning,265.3,No,None,444.6,67.58
TASK00647,2025-02-28,MC1001,Excavator,1,Good,OP1018,Expert,7.6,Trenching,299.6,2.35,,6.53,10.1,Flat,Normal,Rainy,20.5,80.4,Good,Night,218.7,No,None,293.6,34.25
TASK00648,2025-03-10,MC1008,Bulldozer,8,Due Soon,OP1002,Beginner,3.1,Trenching,151.1,1.63,622.0,4.61,2.8,Rocky,Wet,Windy,23.2,52.0,Good,Morning,117.8,No,None,246.0,108.83
TASK00649,2025-09-16,MC1004,Loader,5,Good,OP1010,Intermediate,3.3,Material Loading,287.2,5.4,418.1,6.49,24.4,Steep,Dry,Clear,31.8,64.4,Good,,119.2,No,None,175.4,47.15
TASK00650,2025-11-26,MC1004,Loader,5,Due Soon,OP1005,Beginner,1.9,Trenching,202.0,,571.8,4.75,17.7,Muddy,Normal,Cloudy,21.6,57.5,Poor,Afternoon,152.3,No,None,272.5,78.92
TASK00651,2025-01-17,MC1007,Bulldozer,7,Good,OP1020,Expert,1.0,Demolition,137.8,2.04,337.9,3.55,8.2,Rolling,Normal,Clear,27.0,47.5,Moderate,Afternoon,125.5,No,None,153.3,22.15
TASK00652,2025-05-17,MC1002,Excavator,2,Good,OP1004,Beginner,3.4,Trenching,133.3,0.76,406.5,3.01,13.8,Muddy,Muddy,Rainy,23.8,81.5,Good,Afternoon,105.6,Yes,,325.2,207.95
TASK00653,2025-04-30,MC1010,Excavator,10,Good,OP1002,Beginner,6.1,Material Loading,393.4,6.52,451.3,11.21,18.6,Rocky,Muddy,Clear,33.4,54.9,Good,Night,159.5,No,None,461.4,189.28
TASK00654,2025-03-31,MC1006,Loader,3,Due Soon,OP1020,Expert,4.3,Demolition,66.6,0.5,190.6,1.57,14.9,Flat,Normal,Rainy,23.1,85.4,Moderate,,69.9,No,None,90.7,29.76
TASK00655,2025-11-08,MC1005,Loader,6,Good,OP1005,Beginner,3.5,Earth Excavation,76.0,1.39,269.4,2.19,18.1,Steep,Normal,Rainy,23.1,83.2,,Morning,51.5,No,None,116.3,125.83
TASK00656,2025-01-04,MC1010,Excavator,10,Good,OP1006,Beginner,4.0,Material Loading,497.2,11.25,279.5,13.48,18.1,Rolling,Normal,Clear,33.3,,Good,Morning,199.0,No,None,284.0,42.71
TASK00657,2025-01-16,MC1004,Loader,5,Due Soon,OP1005,Beginner,2.0,Earth Excavation,191.5,1.98,277.3,4.51,2.2,Rocky,Dry,Hot,41.2,,Good,Morning,111.6,No,None,184.1,64.96
TASK00658,2025-12-13,MC1007,Bulldozer,7,Good,OP1019,Expert,4.7,Material Loading,453.5,6.91,238.0,11.5,13.1,Flat,,Windy,23.9,,Good,Night,182.3,No,None,261.9,43.66
TASK00659,2025-10-08,MC1005,Loader,6,Good,OP1009,Intermediate,3.3,Trenching,107.4,1.03,976.8,3.56,7.2,Rolling,Wet,Clear,29.1,69.4,Moderate,Morning,88.0,No,None,119.7,36.02
TASK00660,2025-07-09,MC1007,Bulldozer,7,Good,OP1017,Expert,3.9,Grading,248.8,0.98,401.6,4.49,6.1,Rolling,Normal,Cloudy,27.1,67.6,Good,Afternoon,125.9,No,Material Availability,161.0,27.88
TASK00661,2025-02-06,MC1007,Bulldozer,7,Good,OP1008,Intermediate,1.0,Trenching,146.5,1.32,649.7,4.76,5.9,Rolling,Muddy,Cloudy,29.3,,Good,Afternoon,114.6,No,None,159.4,39.09
TASK00662,2025-11-30,MC1003,Excavator,4,Good,OP1012,Intermediate,1.3,Earth Excavation,272.7,2.82,,5.4,5.9,Flat,Wet,Windy,31.3,52.3,Good,Morning,153.8,No,None,212.0,37.84
TASK00663,2025-09-11,MC1003,Excavator,4,Due Soon,OP1001,Beginner,4.8,Grading,784.5,4.88,1075.3,13.79,6.5,Rocky,Wet,Windy,25.2,72.5,Good,Afternoon,367.0,No,None,812.7,121.44
TASK00664,2025-11-06,MC1007,Bulldozer,7,Good,OP1006,Beginner,4.6,Material Loading,407.7,5.69,427.8,10.22,49.8,Muddy,Muddy,Windy,25.7,57.6,Poor,Afternoon,164.9,No,Weather,469.8,184.9
TASK00665,2025-05-27,MC1001,Excavator,1,Good,OP1018,Expert,6.0,Earth Excavation,274.8,4.7,229.9,6.38,,Flat,Normal,Rainy,22.4,90.3,Moderate,Night,154.9,No,None,247.0,59.46
TASK00666,2025-09-10,MC1005,Loader,6,Due Soon,OP1014,Expert,3.3,Trenching,150.9,1.27,507.8,3.5,8.9,Flat,Dry,Clear,30.3,60.4,Good,,117.6,No,None,127.6,8.5
TASK00667,2025-06-22,MC1002,Excavator,2,Good,OP1017,Expert,1.7,Trenching,148.8,0.99,229.3,2.51,6.9,Flat,Loose,Rainy,19.2,84.1,Moderate,Morning,116.2,No,None,146.8,26.33
TASK00668,2025-06-21,MC1003,Excavator,4,Good,OP1016,Expert,2.4,Trenching,254.8,3.08,465.1,5.96,9.6,Flat,Dry,Cloudy,22.9,64.6,Good,Morning,188.3,No,None,181.1,-3.82
TASK00669,2025-11-15,MC1004,Loader,5,Good,OP1016,Expert,3.5,Demolition,354.5,3.58,243.5,6.09,29.8,Rolling,Muddy,Cloudy,23.5,66.5,Good,Afternoon,294.5,No,None,438.6,48.93
TASK00670,2025-03-19,MC1006,Loader,3,Good,OP1003,Beginner,4.1,Trenching,102.0,0.5,308.9,1.83,1.9,Flat,Dry,Cloudy,28.5,53.2,Good,Morning,84.3,No,None,96.9,14.95
TASK00671,2025-05-19,MC1001,Excavator,1,Due Soon,OP1017,Expert,3.6,Trenching,168.6,0.59,287.5,2.92,4.1,Rocky,Normal,Cloudy,24.7,54.2,Good,,129.6,No,None,146.8,13.27
TASK00672,2025-04-18,MC1006,Loader,3,Good,OP1015,Expert,2.0,Earth Excavation,186.5,1.82,289.4,3.35,7.8,Rocky,Normal,Windy,27.2,44.6,Good,Morning,109.0,No,None,155.8,42.94
TASK00673,2025-07-20,MC1005,Loader,6,Good,OP1005,Beginner,3.6,Material Loading,414.5,,302.1,,35.1,Muddy,Normal,Clear,27.8,42.7,Good,Morning,167.5,No,None,301.8,80.18
TASK00674,2025-04-18,MC1007,Bulldozer,7,Due Soon,OP1018,Expert,4.1,Earth Excavation,385.8,2.9,167.5,8.45,8.2,Flat,Dry,Clear,32.4,50.2,Good,Afternoon,212.6,No,None,222.9,4.84
TASK00675,2025-01-16,MC1008,Bulldozer,8,Good,OP1004,Beginner,5.1,Earth Excavation,147.4,2.49,402.4,4.78,4.4,Rolling,Loose,Clear,34.8,,Moderate,Night,88.6,No,None,175.2,97.74
TASK00676,2025-01-02,MC1008,Bulldozer,8,Overdue,OP1003,Beginner,4.8,Demolition,148.7,1.97,180.6,3.81,10.4,Steep,Wet,Clear,23.3,54.1,Moderate,Morning,134.0,No,None,287.2,114.33
TASK00677,2025-09-28,MC1002,Excavator,2,Good,OP1011,Intermediate,6.9,Material Loading,168.8,3.68,364.8,4.55,7.2,Flat,Wet,Clear,34.8,44.0,Moderate,Afternoon,74.1,No,None,115.2,55.47
TASK00678,2025-05-06,MC1006,Loader,3,Due Soon,OP1004,Beginner,4.8,Demolition,183.9,1.71,603.2,4.28,,Steep,Normal,Hot,30.0,39.7,Good,Afternoon,161.4,No,None,295.8,83.27
TASK00679,2025-10-08,MC1007,Bulldozer,7,Due Soon,OP1020,Expert,4.7,Demolition,130.6,1.27,235.5,3.1,34.6,Flat,Normal,Clear,,61.2,Good,Afternoon,119.9,No,Material Availability,195.8,63.3
TASK00680,2025-02-06,MC1004,Loader,5,Good,OP1006,Beginner,2.7,Earth Excavation,376.5,6.36,333.8,8.0,5.9,Rocky,,Clear,30.0,52.2,Good,Afternoon,207.8,No,None,280.9,35.18
TASK00681,2025-09-25,MC1001,Excavator,1,Good,OP1016,Expert,,Demolition,44.5,0.5,203.9,1.09,15.8,Flat,Muddy,Hot,36.0,40.9,Moderate,Morning,52.7,No,None,78.9,49.72
TASK00682,2025-09-20,MC1003,Excavator,4,Good,OP1015,Expert,1.0,Material Loading,265.0,6.04,216.0,6.55,39.5,Flat,Loose,Rainy,26.6,70.9,Good,Afternoon,110.7,No,None,174.9,57.99
TASK00683,2025-01-03,MC1009,Bulldozer,9,Overdue,OP1018,Expert,1.7,Trenching,85.3,0.93,868.7,5.17,11.1,Flat,Loose,Windy,21.3,73.1,Moderate,Morning,73.0,No,None,118.5,62.33
TASK00684,2025-02-01,MC1004,Loader,5,Good,OP1020,Expert,2.5,Demolition,112.2,0.89,266.8,2.55,11.6,Muddy,Loose,Windy,31.7,63.1,Good,Morning,105.5,No,None,159.8,51.47
TASK00685,2025-11-29,MC1006,Loader,3,Good,OP1013,Intermediate,2.3,Material Loading,562.1,8.08,,,2.8,Muddy,Normal,Clear,31.4,58.1,Good,Morning,223.6,No,None,268.4,20.04
TASK00686,2025-04-06,MC1001,Excavator,1,Due Soon,OP1009,Intermediate,2.8,Demolition,100.3,0.99,179.0,1.9,6.9,Flat,Dry,Cloudy,26.9,64.2,Good,Afternoon,96.2,No,None,109.5,13.83
TASK00687,2025-07-25,MC1003,Excavator,4,Good,OP1010,Intermediate,1.1,Material Loading,572.4,10.12,687.9,15.72,,Muddy,Muddy,Hot,,36.4,Moderate,Afternoon,227.5,No,,448.4,97.1
TASK00688,2025-09-29,MC1003,Excavator,4,Overdue,OP1013,Intermediate,5.8,Earth Excavation,192.5,1.83,326.8,4.4,5.8,Flat,Dry,Cloudy,19.5,71.0,Good,Night,112.1,Yes,Equipment Fault,230.0,105.17
TASK00689,2025-08-26,MC1007,Bulldozer,7,Good,OP1013,Intermediate,2.9,Grading,647.4,1.83,586.4,11.09,22.3,Flat,Muddy,Clear,25.6,66.5,Moderate,Afternoon,305.3,No,None,456.0,49.36
TASK00690,2025-03-21,MC1001,Excavator,1,Good,OP1005,Beginner,6.0,Trenching,217.5,1.36,669.7,4.19,1.1,,Normal,Clear,35.3,,Good,Afternoon,162.9,No,None,254.4,56.17
TASK00691,2025-02-28,MC1008,Bulldozer,8,Good,OP1019,Expert,1.8,Earth Excavation,97.3,0.81,162.6,2.18,12.2,Flat,Dry,Clear,32.4,59.9,Poor,Morning,62.6,Yes,Equipment Fault,174.3,178.43
TASK00692,2025-10-17,MC1003,Excavator,4,Good,OP1012,Intermediate,4.6,Trenching,114.2,0.59,482.8,2.49,2.4,Rocky,Normal,Clear,28.5,63.8,Moderate,Night,92.7,No,None,135.2,45.85
TASK00693,2025-11-18,MC1008,Bulldozer,8,Good,OP1010,Intermediate,2.2,Earth Excavation,119.0,0.95,312.2,3.58,4.2,Flat,Wet,Rainy,25.7,,Good,Morning,73.9,No,None,97.5,31.94
TASK00694,2025-04-17,MC1006,Loader,3,Good,OP1010,Intermediate,2.3,Trenching,299.1,1.21,383.5,4.04,9.4,Muddy,Normal,Hot,33.6,47.8,Good,,218.4,No,None,348.4,59.52
TASK00695,2025-12-23,MC1008,Bulldozer,8,Good,OP1008,Intermediate,4.8,Material Loading,409.6,,495.2,11.26,62.7,Rocky,Wet,Rainy,27.1,84.6,Good,Afternoon,165.6,No,None,360.2,117.51
TASK00696,2025-08-17,MC1004,Loader,5,Good,OP1003,Beginner,4.6,Earth Excavation,100.6,1.07,244.9,2.05,6.3,,Normal,Hot,30.9,40.7,Poor,Afternoon,64.3,No,None,128.4,99.69
TASK00697,2025-09-05,MC1006,Loader,3,Good,OP1009,Intermediate,2.3,Grading,694.5,1.63,1324.3,10.42,10.7,Rocky,Normal,Clear,27.6,55.7,Good,Morning,326.5,No,None,484.8,48.48
TASK00698,2025-04-09,MC1005,Loader,6,Good,OP1009,Intermediate,2.9,Demolition,103.2,1.76,231.3,2.47,25.3,Flat,Wet,Cloudy,26.7,74.3,Poor,Afternoon,98.5,No,None,152.2,54.52
TASK00699,2025-02-08,MC1010,Excavator,10,Good,OP1008,Intermediate,6.1,Trenching,274.4,3.33,386.1,6.57,8.6,Steep,Normal,Rainy,25.7,90.5,Moderate,Night,201.6,No,None,398.5,97.67
TASK00700,2025-10-05,MC1008,Bulldozer,8,Good,OP1017,Expert,7.5,Demolition,103.1,1.17,459.5,3.29,20.8,Steep,Normal,Clear,30.9,56.8,Poor,Afternoon,98.5,No,Operator Delay,169.7,72.28
TASK00701,2025-05-09,MC1007,Bulldozer,7,Overdue,OP1016,Expert,1.0,Earth Excavation,356.2,5.25,249.5,9.29,6.4,Flat,Normal,Clear,23.6,66.0,Good,Morning,197.2,No,None,244.7,24.09
TASK00702,2025-01-06,MC1004,Loader,5,Good,OP1002,Beginner,1.3,Demolition,99.5,0.93,195.2,1.84,9.4,Flat,Loose,Clear,31.5,52.6,Good,Afternoon,95.6,No,None,126.7,32.53
TASK00703,2025-01-08,MC1007,Bulldozer,7,Due Soon,OP1015,Expert,3.1,Trenching,251.3,1.18,196.6,4.52,4.7,Rolling,Dry,Cloudy,30.2,63.3,Good,Afternoon,185.9,No,None,210.9,13.45
TASK00704,2025-01-19,MC1008,Bulldozer,8,Good,OP1010,Intermediate,4.9,Grading,641.5,5.9,738.3,14.65,8.6,Steep,Normal,Clear,29.7,39.4,Good,Night,302.7,No,None,471.7,55.83
TASK00705,2025-02-09,MC1005,Loader,6,Good,OP1008,Intermediate,2.5,Grading,208.2,0.7,331.7,2.83,16.0,Rolling,Muddy,Clear,29.5,49.8,Moderate,Afternoon,107.7,No,None,173.7,61.28
TASK00706,2025-05-24,MC1009,Bulldozer,9,Due Soon,OP1002,Beginner,1.9,Earth Excavation,168.6,1.52,,4.06,9.1,Flat,Dry,Cloudy,24.7,82.8,Moderate,Morning,99.7,No,None,149.9,50.35
TASK00707,2025-04-06,MC1007,Bulldozer,7,Good,OP1011,Intermediate,6.8,Grading,556.5,2.0,841.5,11.45,8.7,Rolling,Wet,Cloudy,22.7,64.3,Good,Night,264.4,No,None,436.3,65.02
TASK00708,2025-05-24,MC1001,Excavator,1,Due Soon,OP1020,Expert,4.8,Earth Excavation,323.0,4.04,211.2,5.92,4.6,,Muddy,Clear,24.0,68.4,Good,Afternoon,179.9,No,None,233.4,29.74
TASK00709,2025-08-28,MC1005,Loader,6,Good,OP1011,Intermediate,3.4,Grading,519.3,4.0,990.6,10.18,35.8,Muddy,Wet,Cloudy,27.5,78.1,Moderate,Morning,247.7,No,None,417.3,68.47
TASK00710,2025-04-09,MC1009,Bulldozer,9,Good,OP1005,Beginner,5.8,Earth Excavation,372.0,4.78,235.7,8.64,9.6,Flat,Wet,Clear,31.4,63.4,Good,Night,205.4,No,None,337.9,64.51
TASK00711,2025-11-26,MC1002,Excavator,2,Good,OP1005,Beginner,5.9,Earth Excavation,219.7,1.58,176.1,3.98,16.3,Rolling,Muddy,Windy,33.1,72.6,Good,Afternoon,126.2,No,None,259.2,105.39
TASK00712,2025-12-31,MC1001,Excavator,1,Due Soon,OP1016,Expert,5.3,Grading,550.6,3.23,,10.81,9.3,Rocky,Normal,Cloudy,29.7,71.7,Good,Afternoon,261.8,No,None,373.3,42.59
TASK00713,2025-06-03,MC1006,Loader,3,Good,OP1005,Beginner,2.1,Demolition,69.9,0.89,143.8,1.37,18.7,Rocky,Muddy,Clear,34.1,45.5,Moderate,Morning,72.5,No,None,154.0,112.41
TASK00714,2025-09-02,MC1007,Bulldozer,7,Good,OP1006,Beginner,6.7,Demolition,76.4,,181.6,1.93,6.6,Muddy,Normal,Cloudy,22.9,73.2,Good,,77.6,No,None,123.0,58.51
TASK00715,2025-05-30,MC1008,Bulldozer,8,Due Soon,OP1018,Expert,7.3,Grading,553.4,4.48,,10.18,18.9,Steep,Normal,Clear,25.4,64.0,Good,Night,263.0,No,None,374.8,42.51
TASK00716,2025-05-14,MC1009,Bulldozer,9,Good,OP1007,Intermediate,4.0,Material Loading,470.4,10.92,293.7,12.7,20.7,Rolling,Normal,Clear,,49.7,Good,Night,188.7,Yes,Equipment Fault,419.4,122.26
TASK00717,2025-11-18,MC1010,Excavator,10,Good,OP1007,Intermediate,4.2,Demolition,182.5,2.45,,4.99,21.2,Muddy,Normal,Hot,34.4,50.8,Good,,160.4,No,None,260.1,62.16
TASK00718,2025-11-02,MC1004,Loader,5,Good,OP1016,Expert,1.0,Demolition,62.0,0.5,92.7,,17.0,Flat,Normal,Cloudy,26.4,79.4,Moderate,Afternoon,66.3,No,,85.9,29.56
TASK00719,2025-10-16,MC1003,Excavator,4,Good,OP1006,Beginner,,Demolition,52.3,0.5,163.9,1.02,21.5,Steep,Normal,Clear,31.8,63.2,Good,Afternoon,58.8,No,None,113.7,93.37
TASK00720,2025-12-22,MC1005,Loader,6,Due Soon,OP1001,Beginner,3.0,Material Loading,352.5,5.81,619.0,9.3,7.5,Rocky,Wet,Clear,32.7,72.5,Moderate,Afternoon,143.9,No,None,305.9,112.58
TASK00721,2025-04-24,MC1010,Excavator,10,Good,OP1016,Expert,1.8,Grading,781.2,3.55,311.6,11.32,6.3,Muddy,Muddy,Clear,24.4,55.8,Good,Night,365.5,No,None,549.6,50.37
TASK00722,2025-07-03,MC1010,Excavator,10,Good,OP1009,Intermediate,3.8,Material Loading,432.7,8.58,717.7,12.78,,Rocky,,Cloudy,30.0,67.6,Good,Afternoon,174.4,No,None,370.2,112.27
TASK00723,2025-07-29,MC1002,Excavator,2,Overdue,OP1007,Intermediate,1.0,Material Loading,567.4,9.55,409.5,15.66,43.9,Steep,Dry,Rainy,,80.4,Poor,Morning,225.6,No,None,498.6,121.01
TASK00724,2025-06-11,MC1003,Excavator,4,Good,OP1019,Expert,1.9,Material Loading,483.0,10.89,191.9,12.4,10.4,Steep,,Rainy,29.2,86.0,Good,Morning,193.5,No,,303.6,56.9
TASK00725,2025-06-30,MC1007,Bulldozer,7,Due Soon,OP1013,Intermediate,4.0,Earth Excavation,196.6,2.83,157.9,5.28,11.5,,Dry,Hot,,56.0,Good,Morning,114.2,No,None,191.6,67.78
TASK00726,2025-04-06,MC1004,Loader,5,Good,OP1004,Beginner,2.2,Material Loading,442.6,8.6,,11.0,33.5,Muddy,Normal,Windy,27.3,49.9,Moderate,Morning,178.2,No,None,341.1,91.41
TASK00727,2025-12-02,MC1006,Loader,3,Good,OP1014,Expert,2.6,Material Loading,122.1,2.49,685.5,4.02,21.4,Flat,Dry,Clear,24.2,48.7,Poor,,56.4,No,None,82.4,46.1
TASK00728,2025-06-01,MC1002,Excavator,2,Due Soon,OP1007,Intermediate,1.0,Material Loading,369.2,9.74,330.6,10.52,7.9,Flat,Normal,Cloudy,30.6,60.0,Good,Morning,150.3,No,None,199.1,32.47
TASK00729,2025-03-19,MC1004,Loader,5,Due Soon,OP1001,Beginner,5.6,Grading,745.4,5.5,944.8,13.33,,Flat,Loose,Clear,25.4,70.9,Moderate,Afternoon,349.4,No,None,499.6,42.99
TASK00730,2025-01-24,MC1005,Loader,6,Good,OP1013,Intermediate,1.7,Trenching,195.6,0.57,566.3,3.96,6.7,Rocky,,Cloudy,27.4,59.0,Good,Afternoon,148.0,No,None,212.6,43.65
TASK00731,2025-05-23,MC1008,Bulldozer,8,Good,OP1004,Beginner,6.2,Grading,235.8,1.81,343.2,5.34,2.5,Flat,Normal,Windy,24.1,67.7,Good,Afternoon,120.1,Yes,Equipment Fault,256.8,113.82
TASK00732,2025-10-26,MC1010,Excavator,10,Good,OP1003,Beginner,4.1,Trenching,139.9,0.72,448.1,3.21,13.2,Rolling,Normal,Clear,28.8,46.0,Poor,Night,110.1,No,None,207.9,88.83
TASK00733,2025-06-13,MC1007,Bulldozer,7,Good,OP1018,Expert,4.0,Demolition,123.4,1.67,553.0,4.47,14.5,Flat,Normal,Hot,33.2,42.7,Good,Afternoon,114.3,No,None,137.9,20.65
TASK00734,2025-06-23,MC1003,Excavator,4,Due Soon,OP1019,Expert,6.5,Demolition,152.6,0.86,410.9,3.21,,,Normal,Clear,32.3,58.9,Moderate,Afternoon,137.0,No,None,199.8,45.84
TASK00735,2025-05-30,MC1008,Bulldozer,8,Good,OP1016,Expert,1.0,Trenching,59.9,0.5,521.4,2.83,5.7,Steep,Muddy,Clear,27.5,62.9,Good,Afternoon,55.7,No,None,90.1,61.76
TASK00736,2025-12-03,MC1007,Bulldozer,7,Due Soon,OP1019,Expert,3.2,Earth Excavation,354.8,,274.0,8.73,9.4,Rocky,Normal,Cloudy,30.3,83.9,Good,Night,196.5,Yes,Equipment Fault,361.1,83.77
TASK00737,2025-03-14,MC1006,Loader,3,Good,OP1013,Intermediate,5.0,Trenching,289.9,2.97,378.6,5.4,27.9,Steep,Wet,Windy,25.3,48.0,Good,Afternoon,212.1,No,None,336.3,58.56
TASK00738,2025-04-08,MC1002,Excavator,2,Due Soon,OP1009,Intermediate,,Material Loading,541.3,12.49,265.6,14.04,23.0,Flat,Normal,Cloudy,24.9,67.2,Good,Morning,215.7,No,None,305.5,41.63
TASK00739,2025-05-03,MC1002,Excavator,2,Due Soon,OP1017,Expert,6.7,Trenching,53.4,0.5,377.9,1.97,2.9,Flat,Normal,Windy,31.4,56.4,Moderate,Morning,51.3,No,None,65.4,27.49
TASK00740,2025-12-05,MC1003,Excavator,4,Good,OP1003,Beginner,4.6,Grading,436.7,,471.2,6.78,12.1,,Wet,Clear,27.1,,Good,Morning,210.5,No,None,346.3,64.51
TASK00741,2025-05-18,MC1009,Bulldozer,9,Good,OP1017,Expert,1.5,Trenching,74.0,0.55,628.7,3.2,2.8,Steep,Normal,Hot,27.0,41.5,Good,Afternoon,65.3,No,None,83.8,28.33
TASK00742,2025-02-02,MC1010,Excavator,10,Due Soon,OP1014,Expert,4.0,Trenching,282.1,1.91,250.4,5.31,1.2,Muddy,Dry,Clear,34.0,67.0,Good,Night,206.8,Yes,Equipment Fault,368.8,78.34
TASK00743,2025-04-14,MC1009,Bulldozer,9,Due Soon,OP1013,Intermediate,4.7,Trenching,129.1,0.94,216.9,2.95,5.3,Muddy,Normal,Cloudy,27.1,51.7,Good,Afternoon,102.8,No,None,167.3,62.74
TASK00744,2025-04-13,MC1009,Bulldozer,9,Due Soon,OP1016,Expert,3.9,Material Loading,465.1,,227.5,12.13,5.8,Flat,Dry,Clear,31.4,68.3,Good,Night,186.7,No,None,223.2,19.55
TASK00745,2025-12-09,MC1007,Bulldozer,7,Good,OP1016,Expert,3.5,Material Loading,107.0,2.7,,4.33,19.4,Rolling,Normal,Cloudy,,51.4,Good,Morning,50.7,No,None,79.2,56.21
TASK00746,2025-03-24,MC1004,Loader,5,Good,OP1018,Expert,3.1,Earth Excavation,204.1,2.15,450.9,4.15,0.7,Muddy,Dry,Hot,38.5,37.4,Moderate,Night,118.1,No,Material Availability,192.4,62.91
TASK00747,2025-10-09,MC1007,Bulldozer,7,Overdue,OP1009,Intermediate,5.3,Earth Excavation,349.4,2.77,133.3,7.85,8.2,Flat,Normal,Cloudy,25.9,57.0,Moderate,Night,193.7,No,Weather,332.0,71.4
TASK00748,2025-02-01,MC1001,Excavator,1,Good,OP1016,Expert,1.4,Grading,616.4,1.47,811.1,8.82,17.8,Muddy,Muddy,Cloudy,23.0,65.4,Good,Morning,291.4,No,None,440.3,51.1
TASK00749,2025-10-20,MC1002,Excavator,2,Due Soon,OP1017,Expert,2.5,Trenching,105.3,0.52,283.1,2.31,18.6,,Normal,Rainy,20.6,,Good,Afternoon,86.6,No,None,145.2,67.67
TASK00750,2025-09-23,MC1008,Bulldozer,8,Good,OP1015,Expert,3.2,Grading,256.7,0.89,711.8,6.48,8.3,Rolling,Dry,Clear,30.7,49.3,Good,,129.5,No,None,114.1,-11.89
TASK00751,2025-07-26,MC1004,Loader,5,Good,OP1001,Beginner,4.0,Trenching,84.0,0.89,231.1,1.93,12.0,Muddy,Normal,Windy,23.6,55.8,Moderate,Morning,72.1,No,None,133.3,84.88
TASK00752,2025-10-27,MC1002,Excavator,2,Due Soon,OP1004,Beginner,2.8,Demolition,183.6,2.45,260.5,3.94,17.4,Rolling,Normal,Clear,24.9,41.7,Good,Afternoon,161.2,No,None,242.0,50.12
TASK00753,2025-07-28,MC1002,Excavator,2,Good,OP1016,Expert,1.0,Demolition,139.7,1.66,187.5,2.59,24.7,Rolling,Muddy,Clear,23.8,59.8,Moderate,Morning,126.9,No,None,192.8,51.93
TASK00754,2025-03-01,MC1007,Bulldozer,7,Good,OP1001,Beginner,3.2,Material Loading,403.2,7.52,364.4,11.96,12.7,Rolling,Dry,Rainy,23.6,96.3,Good,Afternoon,163.2,No,None,274.6,68.26
TASK00755,2025-05-15,MC1001,Excavator,1,Good,OP1006,Beginner,1.2,Material Loading,242.3,3.06,251.2,5.41,17.1,Rocky,Dry,Rainy,26.6,71.5,Good,Morning,102.1,No,None,195.2,91.19
TASK00756,2025-09-01,MC1006,Loader,3,Due Soon,OP1013,Intermediate,2.4,Trenching,215.2,1.58,425.7,4.31,1.1,Muddy,Dry,Cloudy,20.5,55.2,Good,Morning,161.4,No,Site Condition,235.8,46.1
TASK00757,2025-02-08,MC1003,Excavator,4,Good,OP1013,Intermediate,3.5,Earth Excavation,247.6,4.11,327.4,5.99,14.7,Rocky,Normal,Cloudy,27.3,76.0,Good,Afternoon,140.8,No,None,207.9,47.66
TASK00758,2025-01-22,MC1004,Loader,5,Good,OP1012,Intermediate,5.2,Material Loading,359.3,7.02,647.5,9.02,45.0,Flat,Dry,Cloudy,25.1,67.1,Good,Afternoon,146.5,No,,213.7,45.87
TASK00759,2025-09-25,MC1004,Loader,5,Due Soon,OP1007,Intermediate,2.1,Demolition,50.4,0.53,162.8,1.46,11.8,Steep,Dry,Hot,36.1,,Good,Morning,57.3,No,None,85.1,48.52
TASK00760,2025-12-14,MC1004,Loader,5,Good,OP1008,Intermediate,1.7,Demolition,191.2,1.92,157.7,3.33,15.8,Muddy,Normal,Clear,27.8,72.1,Good,Afternoon,167.2,No,None,255.4,52.75
TASK00761,2025-03-21,MC1007,Bulldozer,7,Due Soon,OP1014,Expert,1.0,Trenching,282.3,2.65,597.2,7.35,16.4,Rocky,Muddy,Hot,34.4,44.4,Poor,Morning,207.0,No,None,352.5,70.29
TASK00762,2025-03-06,MC1007,Bulldozer,7,Good,OP1004,Beginner,3.8,Earth Excavation,327.7,3.86,342.9,7.61,5.1,Flat,Wet,Cloudy,23.8,56.6,Good,Afternoon,182.4,No,None,283.2,55.26
TASK00763,2025-04-05,MC1009,Bulldozer,9,Good,OP1001,Beginner,4.0,Earth Excavation,279.6,3.25,,7.03,15.7,Rolling,Dry,Hot,33.6,36.6,Good,Morning,157.4,No,None,237.3,50.76
TASK00764,2025-11-25,MC1005,Loader,6,Due Soon,OP1020,Expert,4.4,Earth Excavation,84.8,0.6,288.9,1.77,11.3,Rolling,Normal,Cloudy,30.5,73.7,Good,Night,56.1,No,None,79.6,41.89
TASK00765,2025-11-20,MC1005,Loader,6,Due Soon,OP1001,Beginner,8.0,Demolition,188.9,1.59,510.1,3.83,20.8,Muddy,Loose,Cloudy,24.8,64.2,Good,Night,165.4,No,None,393.7,138.03
TASK00766,2025-06-26,MC1008,Bulldozer,8,Due Soon,OP1012,Intermediate,2.7,Demolition,213.5,2.72,251.7,6.41,26.0,Rocky,Dry,Hot,35.9,43.2,Good,Afternoon,184.6,No,None,310.8,68.36
TASK00767,2025-05-12,MC1002,Excavator,2,Due Soon,OP1002,Beginner,2.7,Trenching,84.5,0.78,247.1,1.69,3.9,Rocky,Normal,Cloudy,29.1,47.5,Good,Afternoon,72.4,No,None,109.1,50.69
TASK00768,2025-04-06,MC1006,Loader,3,Good,OP1007,Intermediate,2.1,Grading,888.5,7.2,623.8,14.38,2.1,Steep,Wet,Cloudy,22.0,61.5,Good,Morning,413.8,No,None,546.7,32.12
TASK00769,2025-12-29,MC1008,Bulldozer,8,Overdue,OP1006,Beginner,3.3,Trenching,244.1,1.93,303.9,5.66,3.9,Steep,Dry,Cloudy,22.9,70.3,Moderate,Morning,181.0,Yes,Equipment Fault,429.4,137.24
TASK00770,2025-09-10,MC1003,Excavator,4,Overdue,OP1001,Beginner,5.1,Grading,372.0,2.98,799.7,9.09,27.9,Flat,Dry,Windy,23.9,31.3,Good,Afternoon,181.4,No,None,307.4,69.46
TASK00771,2025-02-14,MC1008,Bulldozer,8,Due Soon,OP1011,Intermediate,1.0,Demolition,122.3,1.27,374.1,3.12,9.4,Muddy,Dry,Clear,25.6,65.1,Good,Morning,113.4,No,None,172.4,52.03
TASK00772,2025-05-08,MC1003,Excavator,4,Due Soon,OP1013,Intermediate,2.6,Material Loading,160.7,2.7,343.1,4.37,13.5,Muddy,Wet,Clear,,40.0,Moderate,Afternoon,71.1,No,None,133.1,87.2
TASK00773,2025-03-27,MC1005,Loader,6,Good,OP1009,Intermediate,4.8,Earth Excavation,365.6,3.38,285.7,6.9,8.4,,Dry,Cloudy,25.5,68.8,Good,Morning,202.1,No,None,277.1,37.11
TASK00774,2025-05-31,MC1004,Loader,5,Good,OP1004,Beginner,1.5,Trenching,62.9,0.58,848.7,3.3,7.8,Flat,Loose,Hot,40.9,45.0,Poor,Afternoon,57.7,No,None,109.6,89.95
TASK00775,2025-03-10,MC1008,Bulldozer,8,Good,OP1013,Intermediate,3.3,Demolition,41.2,0.51,316.0,1.68,13.6,Rocky,Normal,Cloudy,,83.1,Poor,Afternoon,50.1,No,Operator Delay,108.3,116.17
TASK00776,2025-11-05,MC1010,Excavator,10,Good,OP1013,Intermediate,4.7,Earth Excavation,275.5,1.7,440.8,6.38,3.8,Flat,Normal,Hot,31.5,38.6,Moderate,Afternoon,155.3,Yes,Equipment Fault,270.3,74.05
TASK00777,2025-07-28,MC1008,Bulldozer,8,Due Soon,OP1008,Intermediate,2.3,Earth Excavation,165.2,1.4,311.9,4.53,2.9,Flat,Normal,Hot,32.4,42.6,Good,Morning,97.9,No,None,123.9,26.56
TASK00778,2025-07-05,MC1010,Excavator,10,Good,OP1009,Intermediate,2.4,Earth Excavation,98.2,0.66,257.2,2.06,,Muddy,Dry,Clear,24.6,65.0,Poor,Afternoon,63.1,No,Operator Delay,131.4,108.24
TASK00779,2025-01-12,MC1003,Excavator,4,Good,OP1004,Beginner,4.0,Trenching,194.1,1.01,349.1,4.03,5.8,Rolling,Normal,Hot,34.7,58.1,Good,Morning,147.0,No,None,207.8,41.36
TASK00780,2025-06-16,MC1004,Loader,5,Good,OP1012,Intermediate,1.9,Demolition,68.6,1.07,233.6,1.84,21.6,Muddy,Normal,Cloudy,25.8,58.7,Moderate,Afternoon,71.5,No,None,81.6,14.13
TASK00781,2025-01-27,MC1006,Loader,3,Good,OP1005,Beginner,1.1,Demolition,196.2,2.42,114.7,3.54,11.5,Rolling,Normal,Rainy,27.0,75.7,Moderate,Morning,171.0,No,None,271.2,58.6
TASK00782,2025-11-04,MC1004,Loader,5,Good,OP1015,Expert,,Earth Excavation,328.2,5.19,391.7,7.63,15.4,Flat,Muddy,Cloudy,23.9,53.0,Good,Morning,182.7,No,,225.9,23.65
TASK00783,2025-12-02,MC1005,Loader,6,Good,OP1002,Beginner,7.1,Trenching,111.3,1.17,272.4,2.36,6.3,Flat,Dry,Clear,34.8,46.1,Poor,Afternoon,90.7,No,Operator Delay,153.1,68.8
TASK00784,2025-10-18,MC1007,Bulldozer,7,Good,OP1018,Expert,1.5,Trenching,116.6,1.18,613.5,4.52,3.9,Rolling,Normal,Rainy,24.5,88.5,Good,Morning,94.3,Yes,Equipment Fault,197.9,109.86
TASK00785,2025-07-29,MC1008,Bulldozer,8,Good,OP1006,Beginner,6.6,Material Loading,186.3,2.21,275.7,4.58,11.1,Steep,Wet,Clear,30.4,62.3,Good,Morning,80.8,No,None,145.6,80.2
TASK00786,2025-09-24,MC1010,Excavator,10,Overdue,OP1018,Expert,2.0,Earth Excavation,400.0,4.94,230.5,8.93,10.0,Rocky,Dry,Windy,36.0,65.3,Moderate,Morning,220.0,No,None,386.6,75.73
TASK00787,2025-07-26,MC1005,Loader,6,Good,OP1019,Expert,1.0,Trenching,223.3,1.48,245.6,4.04,9.9,Flat,Normal,Cloudy,,69.0,Moderate,Afternoon,166.8,No,None,179.2,7.43
TASK00788,2025-11-16,MC1007,Bulldozer,7,Good,OP1004,Beginner,1.8,Demolition,219.6,2.59,179.0,4.87,20.8,Flat,Normal,Clear,26.8,63.3,Good,Morning,189.3,No,None,251.7,32.96
TASK00789,2025-12-24,MC1004,Loader,5,Good,OP1020,Expert,1.1,Grading,450.6,3.54,401.9,8.45,19.3,Steep,Dry,Rainy,21.0,87.0,Good,Morning,216.8,No,None,283.9,30.95
TASK00790,2025-09-27,MC1007,Bulldozer,7,Good,OP1007,Intermediate,4.2,Trenching,133.3,1.1,289.5,2.91,2.2,Flat,Dry,Cloudy,26.6,77.3,,Afternoon,105.6,No,None,134.5,27.37
TASK00791,2025-04-16,MC1006,Loader,3,Good,OP1006,Beginner,6.6,Material Loading,207.7,4.63,252.2,4.96,12.2,,Dry,Clear,28.7,54.1,Good,Afternoon,88.9,No,None,142.2,59.96
TASK00792,2025-01-09,MC1004,Loader,5,Good,OP1006,Beginner,1.9,Trenching,92.7,0.53,1332.6,4.36,6.9,Rocky,,Windy,30.7,73.1,Moderate,Morning,78.0,No,None,138.9,78.08
TASK00793,2025-11-28,MC1007,Bulldozer,7,Good,OP1014,Expert,3.8,Material Loading,442.3,8.71,259.7,12.45,17.1,Rolling,Wet,Windy,30.4,61.0,Moderate,Afternoon,178.1,No,None,242.2,35.99
TASK00794,2025-03-20,MC1002,Excavator,2,Due Soon,OP1003,Beginner,9.6,Trenching,74.2,0.68,233.6,1.8,3.6,Flat,Wet,Clear,30.4,58.0,Moderate,Night,65.5,No,None,111.7,70.53
TASK00795,2025-01-06,MC1005,Loader,6,Good,OP1013,Intermediate,6.1,Grading,335.1,1.76,674.1,6.71,9.1,Muddy,Normal,Rainy,25.0,83.6,Moderate,Night,164.8,No,None,339.6,106.07
TASK00796,2025-12-07,MC1001,Excavator,1,Good,OP1002,Beginner,6.2,Material Loading,125.9,1.76,391.2,3.19,14.9,Rolling,Dry,Clear,23.4,68.7,Good,Night,57.8,No,None,181.5,214.01
TASK00797,2025-04-24,MC1008,Bulldozer,8,Good,OP1008,Intermediate,4.2,Earth Excavation,371.6,3.44,281.2,7.63,7.3,Steep,Normal,Rainy,25.5,72.4,Good,Afternoon,205.2,No,None,312.0,52.05
TASK00798,2025-09-24,MC1004,Loader,5,Overdue,OP1015,Expert,1.0,Earth Excavation,103.7,0.74,349.6,2.82,31.8,Steep,Normal,Rainy,29.9,82.3,Good,,65.9,No,None,121.1,83.76
TASK00799,2025-04-02,MC1008,Bulldozer,8,Due Soon,OP1020,Expert,5.7,Material Loading,304.8,6.76,464.6,9.9,9.3,Rocky,Normal,Cloudy,26.9,84.9,Good,Afternoon,125.8,No,None,161.3,28.22
TASK00800,2025-10-04,MC1006,Loader,3,Due Soon,OP1008,Intermediate,3.0,Demolition,158.6,0.86,346.7,3.15,22.9,Steep,Loose,Rainy,28.7,74.7,Good,Morning,141.7,No,Material Availability,272.8,92.52
TASK00801,2025-08-25,MC1001,Excavator,1,Good,OP1012,Intermediate,4.5,Trenching,92.1,0.55,771.2,3.01,5.1,Flat,Loose,Cloudy,28.2,84.7,Moderate,Afternoon,77.6,No,None,111.9,44.2
TASK00802,2025-12-10,MC1007,Bulldozer,7,Good,OP1018,Expert,5.7,Material Loading,139.9,3.11,403.9,4.56,53.2,Rocky,Wet,Clear,24.9,34.3,Good,Afternoon,63.2,No,None,142.9,126.11
TASK00803,2025-11-29,MC1001,Excavator,1,Good,OP1005,Beginner,9.3,Demolition,199.9,2.57,580.2,5.22,40.6,Rocky,Wet,Rainy,27.1,80.2,Good,Afternoon,173.9,No,None,426.7,145.37
TASK00804,2025-08-14,MC1004,Loader,5,Good,OP1009,Intermediate,1.2,Earth Excavation,102.5,0.68,413.2,2.46,2.6,Steep,Normal,Rainy,22.7,89.4,Good,Afternoon,65.3,No,None,101.6,55.59
TASK00805,2025-05-11,MC1008,Bulldozer,8,Good,OP1010,Intermediate,2.5,Earth Excavation,273.7,3.5,171.0,6.81,9.0,Steep,Normal,Hot,34.0,50.8,Good,Morning,154.3,No,None,213.4,38.3
TASK00806,2025-05-03,MC1005,Loader,6,Due Soon,OP1017,Expert,4.6,Grading,254.2,0.67,435.7,3.85,12.5,Rocky,Muddy,Cloudy,,85.1,Good,Afternoon,128.4,No,None,184.4,43.61
TASK00807,2025-08-21,MC1010,Excavator,10,Overdue,OP1014,Expert,,Trenching,210.1,1.97,609.8,6.15,13.7,Muddy,Dry,Clear,27.5,57.7,Good,Night,157.9,Yes,Equipment Fault,361.5,128.94
TASK00808,2025-04-13,MC1004,Loader,5,Overdue,OP1009,Intermediate,3.7,Grading,412.8,1.41,339.9,7.47,7.6,Steep,Loose,Hot,32.9,47.3,Moderate,Morning,199.8,No,None,335.2,67.77
TASK00809,2025-07-18,MC1001,Excavator,1,Overdue,OP1003,Beginner,3.6,Material Loading,596.2,,345.1,16.35,11.6,Rolling,Normal,Cloudy,24.1,78.6,Good,Afternoon,236.5,No,None,412.1,74.25
TASK00810,2025-09-14,MC1007,Bulldozer,7,Due Soon,OP1008,Intermediate,3.3,Earth Excavation,408.2,7.67,136.8,11.32,11.0,Muddy,Normal,Clear,27.5,69.7,Good,Morning,224.2,No,None,359.6,60.39
TASK00811,2025-10-01,MC1002,Excavator,2,Good,OP1016,Expert,5.6,Grading,404.6,1.44,448.2,,4.4,Rocky,Normal,Rainy,24.6,77.3,Poor,Afternoon,196.1,No,None,326.2,66.34
TASK00812,2025-08-23,MC1004,Loader,5,Overdue,OP1019,Expert,3.9,Grading,810.3,4.62,442.7,11.6,10.9,Steep,Normal,Clear,29.8,46.8,Good,Morning,378.7,No,None,509.4,34.51
TASK00813,2025-12-25,MC1008,Bulldozer,8,Due Soon,OP1008,Intermediate,5.1,Trenching,237.7,1.61,700.3,5.84,13.6,Flat,Normal,Clear,26.3,42.4,Poor,Afternoon,176.6,No,None,262.9,48.87
TASK00814,2025-08-13,MC1005,Loader,6,Due Soon,OP1018,Expert,1.0,Grading,739.5,2.59,847.4,10.98,16.8,Flat,,Clear,,49.0,Moderate,Morning,346.8,No,None,366.4,5.65
TASK00815,2025-12-17,MC1005,Loader,6,Due Soon,OP1010,Intermediate,4.0,Trenching,122.0,0.62,1243.7,4.3,9.7,Rocky,Wet,Clear,,69.4,Good,Afternoon,98.0,No,None,156.7,59.9
TASK00816,2025-03-10,MC1002,Excavator,2,Due Soon,OP1002,Beginner,4.5,Trenching,92.6,,751.6,3.11,10.3,Rocky,Muddy,Clear,34.7,43.3,Moderate,Afternoon,78.0,No,None,164.3,110.64
TASK00817,2025-07-26,MC1003,Excavator,4,Due Soon,OP1014,Expert,2.2,Trenching,189.4,0.91,828.4,5.32,17.5,Muddy,Normal,Rainy,22.6,83.5,Good,Morning,143.8,No,None,235.1,63.49
TASK00818,2025-06-07,MC1010,Excavator,10,Good,OP1018,Expert,2.8,Demolition,87.5,1.44,261.3,3.11,26.3,Flat,Loose,Rainy,25.4,87.1,Good,Afternoon,86.3,No,None,150.0,73.81
TASK00819,2025-02-25,MC1002,Excavator,2,Good,OP1019,Expert,2.9,Earth Excavation,355.9,4.11,507.5,7.07,10.5,Steep,,Clear,30.1,59.3,Good,Morning,197.1,No,None,239.5,21.51
TASK00820,2025-05-03,MC1007,Bulldozer,7,Good,OP1002,Beginner,2.8,Demolition,119.6,,136.8,3.49,25.4,Muddy,Wet,Clear,33.3,68.5,Moderate,Morning,111.3,No,None,251.1,125.61
TASK00821,2025-05-30,MC1002,Excavator,2,Due Soon,OP1016,Expert,2.7,Trenching,231.1,,236.3,3.67,7.3,Flat,Wet,Hot,30.0,44.6,Good,Morning,172.1,No,None,177.0,2.85
TASK00822,2025-11-17,MC1005,Loader,6,Good,OP1004,Beginner,4.2,Grading,247.6,0.7,467.8,4.15,5.6,Rolling,,Cloudy,29.4,73.0,Good,Afternoon,125.4,No,None,250.6,99.84
TASK00823,2025-01-22,MC1005,Loader,6,Good,OP1018,Expert,3.8,Earth Excavation,383.8,6.76,270.3,8.89,,Muddy,Normal,Rainy,19.6,82.9,Good,Afternoon,211.6,No,None,347.0,63.99
TASK00824,2025-01-08,MC1002,Excavator,2,Due Soon,OP1010,Intermediate,6.2,Trenching,62.6,0.5,187.7,1.69,,,Normal,Clear,27.4,61.4,Good,Night,57.5,Yes,Equipment Fault,159.6,177.57
TASK00825,2025-09-23,MC1008,Bulldozer,8,Good,OP1002,Beginner,5.6,Grading,834.6,2.36,670.6,13.48,10.2,Flat,Loose,Cloudy,24.5,69.2,,Night,389.6,No,None,579.5,48.74
TASK00826,2025-10-08,MC1010,Excavator,10,Good,OP1010,Intermediate,2.5,Earth Excavation,119.4,0.86,186.1,2.31,6.3,Muddy,Wet,Clear,29.0,66.2,Good,Morning,74.1,No,None,118.2,59.51
TASK00827,2025-11-29,MC1003,Excavator,4,Due Soon,OP1009,Intermediate,3.3,Material Loading,163.0,2.97,414.4,5.32,32.3,Flat,Normal,Hot,,41.8,Good,Afternoon,71.9,No,None,130.5,81.5
TASK00828,2025-04-06,MC1002,Excavator,2,Overdue,OP1018,Expert,1.0,Earth Excavation,143.9,2.09,411.4,4.1,13.9,Flat,Normal,Clear,20.6,40.5,Good,,86.8,No,None,101.0,16.36
TASK00829,2025-01-13,MC1004,Loader,5,Good,OP1020,Expert,1.0,Demolition,183.1,1.58,285.4,3.85,17.3,Rolling,Wet,Rainy,18.3,69.5,Moderate,Morning,160.8,No,None,230.2,43.16
TASK00830,2025-11-28,MC1007,Bulldozer,7,Good,OP1012,Intermediate,3.0,Trenching,252.4,2.48,216.6,5.8,0.8,Muddy,Normal,Clear,30.8,41.5,Good,,186.7,No,None,257.8,38.08
TASK00831,2025-12-31,MC1007,Bulldozer,7,Overdue,OP1017,Expert,6.0,Demolition,53.4,0.5,262.6,1.97,34.2,Rolling,Muddy,Clear,36.9,51.1,Good,Night,59.6,No,None,130.9,119.63
TASK00832,2025-11-08,MC1009,Bulldozer,9,Overdue,OP1020,Expert,2.4,Grading,453.5,3.18,736.0,10.77,11.8,Flat,Normal,Clear,39.1,35.3,Good,Morning,218.1,Yes,Equipment Fault,317.2,45.44
TASK00833,2025-10-26,MC1004,Loader,5,Good,OP1008,Intermediate,4.6,Material Loading,114.3,1.57,451.0,2.55,,Flat,Dry,Clear,35.5,75.1,Good,,53.4,No,Material Availability,104.5,95.69
TASK00834,2025-05-12,MC1003,Excavator,4,Good,OP1009,Intermediate,2.1,Grading,426.0,1.44,805.6,7.3,6.6,Flat,,Clear,24.8,52.4,Moderate,Afternoon,205.7,No,None,234.2,13.86
TASK00835,2025-02-09,MC1006,Loader,3,Good,OP1006,Beginner,2.4,Trenching,280.4,0.99,350.2,3.9,3.9,Flat,Loose,Cloudy,,67.2,Good,Morning,205.7,No,None,266.4,29.51
TASK00836,2025-06-24,MC1008,Bulldozer,8,Good,OP1011,Intermediate,3.2,Grading,686.3,6.69,737.8,17.85,9.8,Steep,Muddy,Hot,32.4,61.6,Moderate,Morning,322.9,No,None,510.7,58.16
TASK00837,2025-07-02,MC1002,Excavator,2,Good,OP1012,Intermediate,5.3,Grading,218.1,0.89,670.5,4.73,7.1,Muddy,Dry,Hot,30.2,38.7,Moderate,Afternoon,112.1,No,,205.4,83.23
TASK00838,2025-07-28,MC1008,Bulldozer,8,Good,OP1009,Intermediate,1.0,Trenching,171.2,1.38,579.5,4.51,5.9,Rolling,Normal,Rainy,22.5,78.1,Good,Morning,131.4,No,None,181.0,37.75
TASK00839,2025-03-28,MC1001,Excavator,1,Due Soon,OP1001,Beginner,2.6,Demolition,79.0,0.93,,2.4,4.8,Rocky,Normal,Rainy,26.1,88.8,Moderate,Morning,79.6,No,None,140.8,76.88
TASK00840,2025-12-09,MC1006,Loader,3,Good,OP1006,Beginner,4.0,Grading,666.3,,225.3,10.06,4.5,Rolling,Wet,Cloudy,28.3,59.3,Good,Morning,313.8,No,None,477.7,52.23
TASK00841,2025-07-02,MC1010,Excavator,10,Good,OP1012,Intermediate,5.2,Grading,875.4,5.52,1045.1,17.29,22.6,Steep,Dry,Windy,28.0,70.2,Moderate,Afternoon,407.9,No,None,709.8,74.01
TASK00842,2025-05-15,MC1004,Loader,5,Overdue,OP1005,Beginner,,Demolition,84.1,1.19,299.2,2.57,25.4,Rolling,Wet,Clear,31.1,68.4,Moderate,Afternoon,83.6,No,None,173.3,107.3
TASK00843,2025-12-09,MC1003,Excavator,4,Due Soon,OP1007,Intermediate,4.6,Demolition,219.8,2.4,82.3,4.48,34.1,Steep,Normal,Rainy,28.8,78.3,Good,Afternoon,189.5,No,None,333.0,75.73
TASK00844,2025-03-11,MC1009,Bulldozer,9,Due Soon,OP1019,Expert,,Trenching,141.8,0.95,426.7,3.67,8.2,Flat,Loose,Cloudy,30.4,78.6,Good,Morning,111.4,No,None,137.0,22.98
TASK00845,2025-08-14,MC1010,Excavator,10,Good,OP1005,Beginner,2.6,Demolition,218.0,1.12,121.1,3.89,4.1,Rocky,Normal,Rainy,28.4,82.2,Good,Morning,188.1,No,None,320.4,70.33
TASK00846,2025-10-29,MC1009,Bulldozer,9,Due Soon,OP1015,Expert,2.8,Grading,487.3,1.91,834.3,12.43,29.2,Muddy,Muddy,Hot,34.2,48.0,Good,Morning,233.3,No,None,446.4,91.34
TASK00847,2025-05-11,MC1001,Excavator,1,Good,OP1018,Expert,7.5,Earth Excavation,160.2,2.81,186.9,3.73,10.2,Rolling,Dry,Clear,28.0,57.3,Good,Afternoon,95.3,No,None,131.8,38.3
TASK00848,2025-08-21,MC1008,Bulldozer,8,Due Soon,OP1002,Beginner,5.8,Demolition,60.6,0.78,,2.11,14.1,Rolling,Normal,Rainy,25.4,76.1,Good,Afternoon,65.2,No,None,134.4,106.13
TASK00849,2025-06-03,MC1009,Bulldozer,9,Good,OP1004,Beginner,,Grading,492.2,1.25,,10.02,15.3,Rolling,Dry,Windy,24.9,54.2,Poor,Morning,235.5,No,Site Condition,417.9,77.45
TASK00850,2025-07-25,MC1009,Bulldozer,9,Good,OP1020,Expert,2.1,Material Loading,211.7,3.71,335.8,7.44,8.6,Muddy,Dry,Hot,33.8,58.0,Good,Morning,90.4,No,None,133.1,47.23
TASK00851,2025-05-21,MC1002,Excavator,2,Good,OP1007,Intermediate,6.4,Grading,324.6,1.35,1000.2,5.8,7.0,Flat,Dry,Hot,33.6,26.5,Good,Afternoon,160.1,No,None,213.5,33.35
TASK00852,2025-03-30,MC1008,Bulldozer,8,Good,OP1002,Beginner,4.1,Earth Excavation,414.6,5.0,262.3,10.55,2.0,Rocky,Dry,Cloudy,23.3,62.7,Good,Afternoon,227.6,No,None,332.2,45.96
TASK00853,2025-11-03,MC1008,Bulldozer,8,Good,OP1001,Beginner,3.0,Demolition,174.5,2.13,176.8,,45.3,Flat,Wet,Clear,23.0,55.3,Good,Morning,154.1,No,None,245.6,59.38
TASK00854,2025-10-25,MC1009,Bulldozer,9,Due Soon,OP1013,Intermediate,6.4,Trenching,290.8,1.28,432.1,6.16,5.2,Flat,Wet,Clear,29.6,73.9,Good,Afternoon,212.7,Yes,Equipment Fault,386.5,81.71
TASK00855,2025-11-19,MC1009,Bulldozer,9,Overdue,OP1009,Intermediate,1.0,Material Loading,319.9,4.07,531.1,9.26,8.5,Rolling,Wet,Clear,32.2,77.8,Moderate,Morning,131.5,No,None,230.7,75.44
TASK00856,2025-05-31,MC1006,Loader,3,Good,OP1010,Intermediate,5.1,Grading,788.9,4.25,318.4,9.39,8.9,Rolling,Muddy,Clear,30.6,45.9,Moderate,Afternoon,369.0,No,None,538.7,45.99
TASK00857,2025-08-28,MC1002,Excavator,2,Overdue,OP1008,Intermediate,7.3,Grading,521.9,4.38,748.6,10.92,3.9,Muddy,Dry,Clear,,60.1,Poor,,248.9,No,None,441.8,77.5
TASK00858,2025-06-14,MC1004,Loader,5,Good,OP1019,Expert,1.1,Grading,451.0,1.52,937.8,7.19,2.9,Rocky,Dry,Hot,34.2,58.4,Good,Afternoon,216.9,No,,278.2,28.26
TASK00859,2025-04-21,MC1007,Bulldozer,7,Good,OP1019,Expert,3.2,Trenching,116.4,0.51,327.6,2.59,3.5,Rocky,Wet,Cloudy,23.4,85.1,Good,Morning,94.2,No,None,134.8,43.1
TASK00860,2025-08-09,MC1010,Excavator,10,Overdue,OP1019,Expert,6.6,Demolition,91.5,1.56,358.2,3.35,8.9,Rocky,Normal,Rainy,21.2,75.7,Good,Afternoon,89.4,Yes,Equipment Fault,255.7,186.02
TASK00861,2025-05-07,MC1009,Bulldozer,9,Good,OP1019,Expert,1.0,Demolition,105.9,0.78,298.8,2.51,42.0,Flat,Muddy,Clear,25.3,63.7,Good,Morning,100.6,No,None,150.2,49.3
TASK00862,2025-07-06,MC1007,Bulldozer,7,Due Soon,OP1012,Intermediate,3.0,Earth Excavation,270.6,3.75,399.8,7.3,9.0,Flat,Muddy,Clear,30.7,,Good,Night,152.7,No,None,247.3,61.95
TASK00863,2025-01-17,MC1003,Excavator,4,Good,OP1008,Intermediate,4.9,Material Loading,174.8,4.21,114.1,4.64,42.1,Rolling,Dry,Cloudy,20.1,69.1,,Afternoon,76.4,No,None,140.7,84.16
TASK00864,2025-02-15,MC1005,Loader,6,Good,OP1018,Expert,1.0,Trenching,213.3,1.53,276.1,3.73,19.9,,Dry,Cloudy,16.5,75.9,Good,Afternoon,160.1,No,None,202.9,26.73
TASK00865,2025-05-21,MC1008,Bulldozer,8,Due Soon,OP1009,Intermediate,1.6,Demolition,184.7,1.93,245.9,4.85,23.6,Rolling,,Clear,26.4,49.2,Good,Morning,162.1,No,None,251.8,55.34
TASK00866,2025-03-09,MC1005,Loader,6,Due Soon,OP1016,Expert,2.2,Demolition,173.2,1.4,192.2,3.37,18.9,Flat,Loose,Clear,35.9,55.1,Good,,153.1,No,None,188.3,22.99
TASK00867,2025-10-29,MC1009,Bulldozer,9,Good,OP1004,Beginner,2.3,Material Loading,564.8,12.91,119.1,,18.4,Flat,Dry,Hot,37.9,47.6,Moderate,Morning,224.6,No,None,388.8,73.11
TASK00868,2025-10-10,MC1006,Loader,3,Good,OP1018,Expert,5.1,Demolition,151.5,1.4,261.3,3.24,24.2,Steep,Muddy,Cloudy,30.1,61.4,Good,Night,136.1,No,None,206.2,51.51
TASK00869,2025-02-12,MC1007,Bulldozer,7,Good,OP1008,Intermediate,3.3,Material Loading,286.7,4.13,306.8,6.33,20.3,Flat,Wet,Clear,30.2,38.6,Moderate,Morning,119.0,No,None,174.6,46.72
TASK00870,2025-09-05,MC1002,Excavator,2,Due Soon,OP1011,Intermediate,4.9,Earth Excavation,280.7,4.57,277.0,5.76,3.0,Rolling,Wet,Clear,28.5,45.7,Good,,158.0,No,None,230.8,46.08
TASK00871,2025-03-10,MC1009,Bulldozer,9,Good,OP1018,Expert,1.0,Trenching,300.0,2.43,1226.2,9.49,6.5,Flat,Normal,Clear,30.3,72.7,Good,Morning,219.0,No,None,236.1,7.81
TASK00872,2025-03-15,MC1010,Excavator,10,Good,OP1015,Expert,2.6,Grading,627.1,4.4,1094.1,15.07,2.7,Rocky,Normal,Windy,30.4,61.6,Moderate,Morning,296.2,No,Site Condition,437.6,47.74
TASK00873,2025-01-19,MC1003,Excavator,4,Good,OP1018,Expert,6.3,Grading,605.9,4.53,514.3,10.61,17.9,Rocky,Normal,Rainy,18.1,82.8,Good,Night,286.6,No,None,494.0,72.37
TASK00874,2025-03-16,MC1009,Bulldozer,9,Good,OP1010,Intermediate,2.4,Material Loading,481.5,6.83,150.9,10.19,16.5,Flat,Muddy,Clear,26.9,,Good,Afternoon,193.0,No,None,284.7,47.51
TASK00875,2025-05-31,MC1002,Excavator,2,Due Soon,OP1004,Beginner,3.5,Demolition,135.0,1.86,404.1,3.84,75.0,Rolling,Normal,Hot,,43.9,Good,Morning,123.3,No,None,233.8,89.62
TASK00876,2025-04-13,MC1010,Excavator,10,Due Soon,OP1017,Expert,2.9,Demolition,77.1,0.97,341.0,2.43,38.1,Rolling,Muddy,Windy,19.8,61.5,Moderate,Afternoon,78.1,No,None,170.6,118.44
TASK00877,2025-03-13,MC1004,Loader,5,Good,OP1013,Intermediate,2.9,Trenching,164.4,1.4,488.8,3.17,4.6,Rocky,Normal,Clear,24.1,59.4,Moderate,Afternoon,126.8,No,None,187.8,48.11
TASK00878,2025-05-08,MC1004,Loader,5,Good,OP1005,Beginner,8.6,Earth Excavation,303.9,3.41,222.6,5.52,12.8,,Wet,Windy,,39.5,Moderate,Night,170.1,No,None,340.3,100.06
TASK00879,2025-05-03,MC1008,Bulldozer,8,Due Soon,OP1001,Beginner,4.1,Demolition,92.9,0.69,266.5,1.93,16.9,Muddy,Wet,Cloudy,24.3,70.7,Moderate,Afternoon,90.5,No,None,185.3,104.75
TASK00880,2025-07-31,MC1010,Excavator,10,Due Soon,OP1019,Expert,1.0,Earth Excavation,84.4,0.91,204.5,2.25,11.3,Rolling,Muddy,Windy,22.0,80.3,Moderate,,55.9,No,Material Availability,130.2,132.92
TASK00881,2025-05-22,MC1009,Bulldozer,9,Good,OP1019,Expert,4.0,Trenching,298.7,2.92,1211.4,11.66,7.2,Muddy,Muddy,Hot,36.4,,Good,Afternoon,218.1,No,None,387.0,77.44
TASK00882,2025-01-21,MC1006,Loader,3,Overdue,OP1010,Intermediate,8.6,Grading,734.1,4.07,1803.9,15.5,14.3,Flat,Wet,Clear,31.7,58.0,Moderate,,344.3,No,None,579.5,68.31
TASK00883,2025-09-29,MC1004,Loader,5,Due Soon,OP1002,Beginner,3.3,Trenching,241.8,2.22,457.7,4.53,1.4,Muddy,Muddy,Clear,24.7,53.6,Good,Morning,179.4,No,None,336.4,87.51
TASK00884,2025-06-11,MC1010,Excavator,10,Due Soon,OP1001,Beginner,7.4,Grading,759.5,6.6,608.5,14.66,4.8,Rolling,Wet,Clear,29.2,71.3,Poor,Afternoon,355.8,No,None,758.0,113.04
TASK00885,2025-07-13,MC1007,Bulldozer,7,Due Soon,OP1015,Expert,3.8,Material Loading,437.5,9.32,307.9,13.04,,Rolling,Dry,Clear,26.7,53.1,Good,Afternoon,176.3,No,None,266.5,51.16
TASK00886,2025-12-29,MC1010,Excavator,10,Good,OP1001,Beginner,5.6,Material Loading,435.4,5.95,229.7,8.57,13.4,Rolling,Muddy,Clear,24.8,57.5,Moderate,Morning,175.5,No,None,393.3,124.1
TASK00887,2025-02-08,MC1007,Bulldozer,7,Good,OP1008,Intermediate,3.1,Material Loading,379.2,3.83,,8.32,29.5,Muddy,Wet,Cloudy,23.5,,Good,Afternoon,154.1,No,None,295.7,91.89
TASK00888,2025-01-15,MC1008,Bulldozer,8,Good,OP1015,Expert,3.8,Earth Excavation,139.7,2.06,194.9,4.07,22.7,Rolling,Wet,Windy,27.2,53.7,Good,Afternoon,84.7,No,Material Availability,162.4,91.74
TASK00889,2025-08-22,MC1005,Loader,6,Good,OP1005,Beginner,1.1,Material Loading,337.1,4.71,296.6,,21.6,Rolling,,Cloudy,27.2,76.4,Moderate,Morning,138.1,No,None,200.9,45.47
TASK00890,2025-01-06,MC1005,Loader,6,Good,OP1015,Expert,2.5,Earth Excavation,279.2,1.77,517.4,4.89,18.3,Flat,Dry,Clear,31.2,84.6,Good,Afternoon,157.2,No,,175.8,11.83
TASK00891,2025-04-15,MC1006,Loader,3,Good,OP1004,Beginner,2.3,Trenching,55.4,0.5,163.7,1.2,7.4,Steep,Dry,Clear,31.3,51.3,Moderate,Afternoon,52.7,No,,91.0,72.68
TASK00892,2025-07-25,MC1009,Bulldozer,9,Good,OP1009,Intermediate,3.6,Trenching,155.0,0.9,323.1,3.81,9.7,Muddy,Wet,Rainy,24.3,83.6,Good,Morning,120.4,No,None,227.9,89.29
TASK00893,2025-06-03,MC1008,Bulldozer,8,Due Soon,OP1004,Beginner,3.9,Demolition,95.8,1.49,122.6,,2.3,Rolling,Dry,Clear,30.5,37.0,Moderate,Afternoon,92.7,No,None,133.3,43.8
TASK00894,2025-01-29,MC1002,Excavator,2,Good,OP1018,Expert,6.4,Grading,262.3,2.5,435.0,4.89,5.8,Rocky,Wet,Clear,30.2,64.2,,Night,132.0,No,None,168.0,27.27
TASK00895,2025-03-01,MC1009,Bulldozer,9,Good,OP1018,Expert,1.4,Trenching,235.5,2.69,529.8,6.45,6.4,Flat,Normal,Clear,28.9,34.1,Good,,175.1,No,None,185.2,5.77
TASK00896,2025-09-29,MC1003,Excavator,4,Good,OP1007,Intermediate,4.0,Material Loading,578.9,11.87,,14.74,,Steep,Muddy,Rainy,19.3,85.4,Moderate,Afternoon,230.0,No,,444.2,93.13
TASK00897,2025-02-21,MC1005,Loader,6,Good,OP1020,Expert,1.0,Demolition,89.7,0.63,283.9,1.66,51.3,Muddy,Muddy,Cloudy,,60.6,Good,Morning,88.0,No,None,149.6,70.0
TASK00898,2025-05-18,MC1004,Loader,5,Good,OP1008,Intermediate,7.8,Material Loading,224.7,5.7,208.2,6.23,,,Muddy,Windy,30.6,65.0,Good,Night,95.4,No,None,245.8,157.65
TASK00899,2025-04-16,MC1004,Loader,5,Overdue,OP1018,Expert,3.3,Grading,294.4,2.35,1125.3,7.31,8.8,Rolling,Loose,Cloudy,23.7,55.3,Good,Afternoon,146.5,No,None,192.5,31.4
TASK00900,2025-05-19,MC1003,Excavator,4,Good,OP1011,Intermediate,4.4,Material Loading,557.0,6.73,288.3,11.14,6.9,Muddy,Loose,Cloudy,25.6,,Moderate,Morning,221.7,No,None,607.2,173.88
TASK00901,2025-12-08,MC1007,Bulldozer,7,Good,OP1008,Intermediate,1.0,Material Loading,426.6,6.62,568.6,11.45,3.3,Flat,Normal,Hot,35.3,43.7,Moderate,Morning,172.1,No,Site Condition,238.4,38.52
TASK00902,2025-11-25,MC1004,Loader,5,Good,OP1017,Expert,1.5,Demolition,208.9,1.63,332.6,3.66,63.2,Steep,Dry,Rainy,25.1,75.5,Good,Morning,180.9,No,None,319.5,76.62
TASK00903,2025-05-20,MC1007,Bulldozer,7,Good,OP1012,Intermediate,2.5,Material Loading,362.1,3.77,410.4,8.58,75.0,Muddy,Dry,Windy,28.4,57.2,Poor,Morning,147.6,No,None,305.7,107.11
TASK00904,2025-09-14,MC1004,Loader,5,Good,OP1019,Expert,5.3,Earth Excavation,212.3,2.46,381.4,4.56,4.4,Rolling,Wet,Clear,27.4,53.1,Good,Afternoon,122.4,No,None,151.8,24.02
TASK00905,2025-11-06,MC1009,Bulldozer,9,Good,OP1007,Intermediate,3.3,Earth Excavation,398.6,3.13,386.7,8.46,13.4,Rocky,Wet,Clear,30.3,50.5,Moderate,Morning,219.3,No,Site Condition,351.8,60.42
TASK00906,2025-03-09,MC1010,Excavator,10,Due Soon,OP1011,Intermediate,5.3,Trenching,126.9,1.04,460.2,,6.2,Rocky,Dry,Cloudy,25.9,73.1,Good,Afternoon,101.3,No,None,164.7,62.59
TASK00907,2025-06-08,MC1002,Excavator,2,Good,OP1008,Intermediate,5.3,Earth Excavation,316.1,3.71,274.9,6.04,15.6,Rolling,Normal,Cloudy,28.8,54.6,Good,Morning,176.4,No,None,236.9,34.3
TASK00908,2025-01-21,MC1002,Excavator,2,Good,OP1004,Beginner,4.2,Demolition,68.2,1.12,151.4,1.82,6.8,Muddy,Normal,Rainy,24.3,84.0,Good,Morning,71.2,No,None,127.2,78.65
TASK00909,2025-04-04,MC1004,Loader,5,Good,OP1020,Expert,6.5,Grading,656.4,3.95,675.2,,7.3,Flat,Normal,Windy,27.6,60.1,Moderate,Afternoon,309.4,No,None,372.4,20.36
TASK00910,2025-06-07,MC1006,Loader,3,Due Soon,OP1018,Expert,3.2,Earth Excavation,80.7,1.18,323.9,2.29,4.7,Flat,Loose,Hot,39.0,43.3,Good,Morning,53.9,No,None,67.3,24.86
TASK00911,2025-10-05,MC1007,Bulldozer,7,Good,OP1008,Intermediate,4.9,Earth Excavation,204.1,1.6,466.6,4.93,10.8,Rolling,Muddy,Clear,31.8,51.2,Good,,118.1,No,None,179.7,52.16
TASK00912,2025-12-21,MC1008,Bulldozer,8,Good,OP1002,Beginner,2.8,Trenching,102.6,0.79,588.3,3.31,1.1,,Dry,Rainy,22.7,93.9,Moderate,Afternoon,84.7,No,None,190.8,125.27
TASK00913,2025-05-09,MC1009,Bulldozer,9,Good,OP1010,Intermediate,7.4,Earth Excavation,103.6,0.71,224.3,2.33,25.6,Rocky,,Cloudy,27.5,57.3,Moderate,Afternoon,65.9,No,None,147.2,123.37
TASK00914,2025-06-28,MC1002,Excavator,2,Good,OP1004,Beginner,10.0,Earth Excavation,147.7,2.34,249.5,,3.8,Flat,Normal,Hot,32.8,30.9,Good,Afternoon,88.8,No,None,136.5,53.72
TASK00915,2025-06-03,MC1003,Excavator,4,Good,OP1013,Intermediate,1.0,Trenching,180.7,,167.6,3.43,14.0,Muddy,Dry,Clear,23.6,50.8,Moderate,Morning,137.9,Yes,Equipment Fault,286.1,107.47
TASK00916,2025-07-16,MC1006,Loader,3,Good,OP1002,Beginner,3.0,Grading,548.1,4.0,1113.5,9.28,8.8,Rolling,Normal,Clear,30.3,,Moderate,Morning,260.6,No,None,425.1,63.12
TASK00917,2025-06-06,MC1003,Excavator,4,Good,OP1019,Expert,2.2,Earth Excavation,102.5,,238.1,2.33,2.6,Rolling,Dry,Windy,26.0,,Good,Morning,65.3,No,None,72.6,11.18
TASK00918,2025-02-25,MC1002,Excavator,2,Good,OP1019,Expert,5.0,Demolition,190.5,1.69,429.1,4.19,3.0,Muddy,Muddy,Hot,36.8,44.1,Moderate,Afternoon,166.6,No,None,228.0,36.85
TASK00919,2025-10-08,MC1002,Excavator,2,Good,OP1007,Intermediate,4.0,Earth Excavation,138.7,1.6,173.8,2.72,11.0,Rolling,Wet,Clear,38.6,55.1,Good,Afternoon,84.1,No,None,120.7,43.52
TASK00920,2025-12-19,MC1006,Loader,3,Due Soon,OP1011,Intermediate,,Grading,725.5,1.87,688.8,8.96,13.6,Flat,Normal,Cloudy,26.3,53.5,Moderate,Morning,340.5,No,None,349.6,2.67
TASK00921,2025-05-15,MC1008,Bulldozer,8,Good,OP1017,Expert,1.8,Earth Excavation,180.2,2.02,269.6,4.37,4.4,Flat,,Clear,25.9,33.3,Good,Afternoon,105.7,No,None,121.2,14.66
TASK00922,2025-03-22,MC1002,Excavator,2,Overdue,OP1001,Beginner,1.7,Material Loading,346.4,8.86,1719.7,13.94,33.7,Muddy,,Rainy,25.3,85.5,Good,Morning,141.7,No,None,357.8,152.51
TASK00923,2025-06-21,MC1002,Excavator,2,Due Soon,OP1002,Beginner,3.8,Material Loading,322.4,3.44,382.3,6.02,24.9,Flat,Dry,Cloudy,,,Poor,Morning,132.5,No,None,238.1,79.7
TASK00924,2025-11-20,MC1006,Loader,3,Good,OP1001,Beginner,5.4,Material Loading,254.8,3.82,490.8,6.06,16.8,Rocky,Normal,Cloudy,30.2,,,Night,106.8,No,None,197.5,84.93
TASK00925,2025-11-05,MC1006,Loader,3,Good,OP1004,Beginner,2.0,Earth Excavation,131.1,2.08,167.6,2.99,4.9,Steep,Normal,Cloudy,25.0,57.3,Good,Morning,80.1,No,,111.9,39.7
TASK00926,2025-03-26,MC1005,Loader,6,Good,OP1009,Intermediate,1.7,Material Loading,387.3,10.59,295.0,11.0,17.7,Flat,Muddy,Clear,28.5,67.3,Good,Morning,157.2,No,None,248.4,58.02
TASK00927,2025-09-13,MC1009,Bulldozer,9,Due Soon,OP1004,Beginner,1.0,Earth Excavation,110.2,0.95,287.0,2.92,7.4,Rocky,Normal,Clear,33.4,63.2,Moderate,Morning,69.3,No,None,115.3,66.38
TASK00928,2025-12-26,MC1007,Bulldozer,7,Good,OP1018,Expert,1.4,Earth Excavation,413.8,2.5,191.6,7.82,2.4,Muddy,Dry,Hot,31.1,37.7,Moderate,Afternoon,227.2,No,None,308.3,35.7
TASK00929,2025-12-04,MC1004,Loader,5,Due Soon,OP1019,Expert,2.5,Material Loading,414.3,7.11,327.9,9.35,14.4,Steep,Normal,Cloudy,25.5,73.4,Moderate,Morning,167.4,No,None,238.9,42.71
TASK00930,2025-12-22,MC1005,Loader,6,Good,OP1004,Beginner,1.3,Trenching,193.9,2.31,322.4,4.3,2.7,Flat,Normal,Cloudy,25.5,59.2,Moderate,Morning,146.8,No,Weather,203.8,38.83
TASK00931,2025-08-19,MC1008,Bulldozer,8,Good,OP1014,Expert,2.1,Earth Excavation,212.9,3.08,236.8,5.6,9.0,Rolling,Dry,Cloudy,32.0,66.2,Moderate,Morning,122.7,No,None,144.8,18.01
TASK00932,2025-11-23,MC1006,Loader,3,Overdue,OP1008,Intermediate,3.7,Material Loading,568.5,14.25,183.4,14.1,45.8,Rolling,Dry,Cloudy,28.0,53.9,Good,Afternoon,226.0,No,None,327.7,45.0
TASK00933,2025-10-17,MC1009,Bulldozer,9,Good,OP1001,Beginner,1.9,Trenching,181.6,2.01,377.8,4.58,2.9,Rocky,Loose,Windy,26.2,60.9,Moderate,Morning,138.5,No,Operator Delay,258.6,86.71
TASK00934,2025-12-29,MC1003,Excavator,4,Overdue,OP1010,Intermediate,2.1,Earth Excavation,434.6,,244.2,9.59,3.7,Rolling,Loose,Cloudy,27.2,59.7,Good,Morning,238.0,No,None,375.2,57.65
TASK00935,2025-05-15,MC1003,Excavator,4,Good,OP1009,Intermediate,4.3,Demolition,209.4,1.53,169.8,3.98,16.2,Muddy,Normal,Clear,,49.2,,Morning,181.3,No,None,256.8,41.64
TASK00936,2025-08-13,MC1004,Loader,5,Good,OP1007,Intermediate,7.4,Material Loading,428.5,8.08,417.9,9.8,38.5,Steep,Muddy,Rainy,24.2,73.6,Good,Night,172.8,No,None,415.2,140.28
TASK00937,2025-01-13,MC1008,Bulldozer,8,Good,OP1004,Beginner,5.2,Trenching,154.2,0.71,358.2,3.38,8.5,Muddy,Dry,Rainy,20.7,87.6,Good,Afternoon,119.8,No,None,240.2,100.5
TASK00938,2025-08-08,MC1007,Bulldozer,7,Due Soon,OP1009,Intermediate,3.7,Demolition,185.1,2.87,354.8,5.08,31.2,Rocky,Wet,Clear,20.6,68.8,Moderate,Afternoon,162.4,No,None,315.0,93.97
TASK00939,2025-03-30,MC1008,Bulldozer,8,Due Soon,OP1016,Expert,1.0,Earth Excavation,383.7,7.24,359.5,12.84,4.0,Rolling,Wet,Clear,26.9,73.6,Good,Morning,211.5,No,None,256.8,21.42
TASK00940,2025-08-28,MC1002,Excavator,2,Good,OP1009,Intermediate,1.6,Demolition,63.5,0.63,274.9,1.82,6.6,Rocky,Dry,Rainy,28.8,78.9,Good,Morning,67.6,No,None,92.8,37.28
TASK00941,2025-08-01,MC1004,Loader,5,Good,OP1010,Intermediate,2.8,Trenching,104.1,0.98,1081.6,4.14,13.1,Rocky,Wet,Clear,24.7,45.1,Good,Afternoon,85.8,No,None,145.8,69.93
TASK00942,2025-04-11,MC1010,Excavator,10,Overdue,OP1003,Beginner,4.2,Trenching,249.0,1.51,526.6,,4.2,Flat,Dry,Hot,40.4,46.0,Good,Afternoon,184.3,No,None,312.1,69.34
TASK00943,2025-05-30,MC1007,Bulldozer,7,Overdue,OP1018,Expert,3.0,Material Loading,394.0,7.09,432.1,12.1,7.4,Flat,Normal,Windy,28.2,54.6,Good,,159.7,No,None,221.7,38.82
TASK00944,2025-10-17,MC1001,Excavator,1,Overdue,OP1004,Beginner,2.1,Trenching,255.5,1.95,324.5,5.83,13.9,Muddy,Normal,Windy,34.2,52.1,Moderate,Morning,188.7,No,None,359.7,90.62
TASK00945,2025-03-21,MC1005,Loader,6,Good,OP1014,Expert,3.3,Grading,643.5,2.5,824.2,8.89,12.1,Flat,Normal,Cloudy,25.5,,,Morning,303.6,No,None,294.8,-2.9
TASK00946,2025-01-26,MC1010,Excavator,10,Good,OP1019,Expert,1.0,Grading,790.6,7.7,431.5,15.96,9.2,Rolling,Dry,Rainy,21.7,92.0,Moderate,Morning,369.8,No,None,527.4,42.62
TASK00947,2025-04-19,MC1006,Loader,3,Due Soon,OP1005,Beginner,3.0,Earth Excavation,99.5,1.12,210.9,1.99,5.9,Steep,Normal,Clear,,62.0,Good,Afternoon,63.7,No,None,114.4,79.59
TASK00948,2025-10-17,MC1010,Excavator,10,Good,OP1006,Beginner,6.4,Earth Excavation,393.5,6.93,428.4,10.81,9.6,Muddy,Muddy,Hot,35.2,,Good,Afternoon,216.6,No,None,497.8,129.82
TASK00949,2025-04-08,MC1007,Bulldozer,7,Due Soon,OP1017,Expert,5.1,Material Loading,536.7,10.92,791.9,15.96,12.0,Rolling,Wet,Clear,26.9,65.9,Good,Afternoon,214.0,No,Material Availability,341.1,59.39
TASK00950,2025-06-25,MC1007,Bulldozer,7,Good,OP1004,Beginner,5.7,Trenching,292.1,2.4,291.8,6.46,16.3,Steep,Muddy,Cloudy,,54.1,Good,Night,213.6,No,None,407.7,90.87
TASK00951,2025-11-26,MC1005,Loader,6,Overdue,OP1005,Beginner,4.8,Earth Excavation,153.0,1.44,537.1,4.28,12.0,Flat,Muddy,Hot,33.7,,Good,Morning,91.5,No,None,145.5,59.02
TASK00952,2025-06-05,MC1010,Excavator,10,Good,OP1020,Expert,5.6,Demolition,109.3,1.68,512.9,4.15,44.4,Flat,Wet,Clear,32.1,44.9,Moderate,Afternoon,103.2,No,None,159.1,54.17
TASK00953,2025-07-05,MC1001,Excavator,1,Good,OP1005,Beginner,1.0,Material Loading,473.0,6.86,487.7,10.04,13.2,Flat,Normal,Clear,29.9,57.9,Poor,Morning,189.7,No,None,261.4,37.8
TASK00954,2025-12-13,MC1006,Loader,3,Overdue,OP1001,Beginner,3.3,Demolition,216.8,1.36,193.4,3.78,50.7,Muddy,Dry,Clear,34.0,,Poor,Afternoon,187.1,No,None,368.1,96.74
TASK00955,2025-12-08,MC1004,Loader,5,Due Soon,OP1016,Expert,2.9,Grading,273.8,1.37,776.4,7.03,11.8,Muddy,Wet,Windy,34.6,70.0,Good,Morning,137.2,No,None,248.6,81.2
TASK00956,2025-12-08,MC1006,Loader,3,Due Soon,OP1003,Beginner,2.4,Material Loading,357.9,8.82,344.2,8.39,13.4,Rolling,Dry,Clear,32.0,75.8,Good,Morning,146.0,No,None,226.5,55.14
TASK00957,2025-06-10,MC1010,Excavator,10,Due Soon,OP1015,Expert,3.9,Grading,245.5,1.16,644.4,,10.0,Muddy,Wet,Cloudy,25.9,78.2,Good,Morning,124.5,No,None,194.8,56.47
TASK00958,2025-05-01,MC1007,Bulldozer,7,Good,OP1007,Intermediate,3.8,Demolition,194.3,1.31,386.5,4.89,9.3,Rolling,Wet,Hot,33.6,45.6,Good,,169.6,No,None,236.5,39.45
TASK00959,2025-09-03,MC1007,Bulldozer,7,Due Soon,OP1012,Intermediate,4.3,Earth Excavation,248.3,5.03,567.4,9.07,47.3,Muddy,Normal,Windy,29.0,39.4,Moderate,Afternoon,141.1,No,None,284.2,101.42
TASK00960,2025-12-15,MC1008,Bulldozer,8,Overdue,OP1006,Beginner,5.8,Trenching,159.1,1.7,348.0,4.64,12.9,Steep,Wet,Rainy,30.8,72.6,Good,Night,123.2,No,None,282.5,129.3
TASK00961,2025-02-03,MC1007,Bulldozer,7,Good,OP1001,Beginner,6.9,Grading,286.5,1.49,1200.7,8.13,6.2,Rolling,Loose,Rainy,25.9,85.4,Good,Afternoon,142.9,No,Operator Delay,279.8,95.8
TASK00962,2025-12-11,MC1003,Excavator,4,Due Soon,OP1005,Beginner,3.5,Material Loading,281.5,7.3,343.5,8.53,22.7,Rolling,Muddy,Clear,28.5,51.3,Poor,Morning,117.0,No,None,237.9,103.33
TASK00963,2025-02-15,MC1002,Excavator,2,Good,OP1014,Expert,,Material Loading,269.6,3.32,182.3,4.87,13.3,Rocky,Loose,Cloudy,,65.1,Moderate,Night,112.4,No,None,174.4,55.16
TASK00964,2025-02-14,MC1009,Bulldozer,9,Good,OP1008,Intermediate,7.6,Material Loading,364.4,5.44,299.3,10.26,26.3,Muddy,Dry,Rainy,,86.7,Moderate,Night,148.5,No,None,351.3,136.57
TASK00965,2025-08-22,MC1001,Excavator,1,Good,OP1019,Expert,8.7,Trenching,210.7,2.19,269.8,4.66,5.4,Flat,Wet,Windy,28.7,63.0,Good,Night,158.3,No,None,208.1,31.46
TASK00966,2025-05-01,MC1002,Excavator,2,Good,OP1011,Intermediate,4.1,Earth Excavation,266.0,4.45,150.2,5.14,3.3,Rocky,,Clear,30.9,55.8,Good,Morning,150.3,No,None,193.3,28.61
TASK00967,2025-09-27,MC1002,Excavator,2,Good,OP1005,Beginner,8.9,Demolition,119.3,0.71,273.4,2.35,74.2,Flat,Wet,Cloudy,22.1,52.9,Good,Night,111.1,No,None,224.7,102.25
TASK00968,2025-04-29,MC1007,Bulldozer,7,Good,OP1019,Expert,7.9,Material Loading,122.5,3.04,176.4,4.47,,Flat,Dry,Rainy,28.8,81.6,Good,Morning,56.6,No,Operator Delay,72.9,28.8
TASK00969,2025-11-25,MC1010,Excavator,10,Good,OP1009,Intermediate,2.7,Material Loading,175.6,2.2,355.6,4.24,7.7,Rocky,Dry,Clear,28.8,60.2,Good,Afternoon,76.7,No,None,133.2,73.66
TASK00970,2025-01-10,MC1007,Bulldozer,7,Due Soon,OP1006,Beginner,1.0,Material Loading,123.3,1.38,248.8,3.47,32.5,Muddy,Dry,Clear,32.1,62.9,Good,Morning,56.9,No,None,117.8,107.03
TASK00971,2025-11-05,MC1006,Loader,3,Good,OP1008,Intermediate,2.7,Earth Excavation,343.8,6.94,337.2,7.36,5.6,Flat,Loose,Rainy,23.1,86.9,Moderate,Night,190.8,No,None,308.3,61.58
TASK00972,2025-06-26,MC1010,Excavator,10,Good,OP1016,Expert,1.8,Earth Excavation,289.6,4.9,,7.05,5.1,Rolling,Dry,Hot,34.6,,Good,Morning,162.6,No,None,186.7,14.82
TASK00973,2025-02-23,MC1006,Loader,3,Good,OP1005,Beginner,2.4,Grading,297.7,2.13,403.2,4.91,15.0,Flat,Wet,Cloudy,22.8,75.2,Good,Afternoon,148.0,No,Operator Delay,232.7,57.23
TASK00974,2025-08-11,MC1005,Loader,6,Overdue,OP1012,Intermediate,3.5,Grading,213.9,1.45,660.0,5.22,12.9,Rolling,Normal,Clear,28.9,62.6,Moderate,Morning,110.3,No,None,164.7,49.32
TASK00975,2025-09-20,MC1009,Bulldozer,9,Due Soon,OP1008,Intermediate,3.5,Material Loading,540.1,5.7,761.0,14.0,8.5,Rocky,Dry,Windy,30.2,,Good,Afternoon,215.2,No,Weather,406.8,89.03
TASK00976,2025-08-02,MC1002,Excavator,2,Good,OP1011,Intermediate,2.1,Earth Excavation,420.3,6.61,377.3,10.9,4.4,Flat,Normal,Rainy,25.2,83.0,Good,Afternoon,230.5,No,None,285.3,23.77
TASK00977,2025-08-17,MC1008,Bulldozer,8,Overdue,OP1007,Intermediate,4.3,Trenching,60.1,0.5,,1.76,10.2,Rolling,Normal,Clear,30.3,43.6,Good,Night,55.9,No,None,90.7,62.25
TASK00978,2025-05-19,MC1006,Loader,3,Due Soon,OP1013,Intermediate,2.5,Earth Excavation,278.1,1.9,114.9,4.04,1.6,Rolling,Dry,Rainy,23.6,89.7,Good,Afternoon,156.6,No,None,241.3,54.09
TASK00979,2025-04-10,MC1007,Bulldozer,7,Good,OP1003,Beginner,2.5,Trenching,271.8,0.85,270.7,,20.4,Rolling,Wet,Windy,20.9,53.7,Good,Afternoon,199.8,No,None,388.0,94.19
TASK00980,2025-10-01,MC1008,Bulldozer,8,Good,OP1010,Intermediate,5.0,Demolition,127.8,0.73,455.5,3.01,10.7,Steep,Normal,Clear,31.2,63.6,Moderate,Afternoon,117.7,No,None,180.1,53.02
TASK00981,2025-11-01,MC1007,Bulldozer,7,Good,OP1018,Expert,3.0,Grading,742.4,6.9,481.1,15.07,12.8,Muddy,Dry,Rainy,27.6,67.2,Good,Afternoon,348.1,No,,495.3,42.29
TASK00982,2025-01-14,MC1002,Excavator,2,Good,OP1016,Expert,1.5,Trenching,144.5,,623.2,3.22,9.0,Flat,Wet,Clear,27.8,62.7,Moderate,Afternoon,113.3,No,None,131.4,15.98
TASK00983,2025-11-21,MC1005,Loader,6,Good,OP1012,Intermediate,3.0,Demolition,70.5,0.5,278.4,1.78,4.4,Muddy,Muddy,Rainy,20.2,84.7,Good,Morning,73.0,No,None,123.5,69.18
TASK00984,2025-03-14,MC1001,Excavator,1,Good,OP1020,Expert,,Grading,677.3,4.05,432.6,9.86,20.3,Rolling,Normal,Cloudy,25.4,80.1,Good,Afternoon,318.8,No,None,376.5,18.1
TASK00985,2025-10-27,MC1009,Bulldozer,9,Due Soon,OP1006,Beginner,7.6,Grading,716.2,5.1,626.1,13.59,14.6,Flat,Loose,Hot,33.6,35.5,Moderate,,336.3,No,None,522.8,55.46
TASK00986,2025-01-11,MC1005,Loader,6,Good,OP1010,Intermediate,,Trenching,165.8,1.71,252.7,3.27,3.8,Muddy,Loose,Hot,33.0,46.9,Good,Afternoon,127.7,No,None,218.9,71.42
TASK00987,2025-01-26,MC1008,Bulldozer,8,Due Soon,OP1002,Beginner,,Earth Excavation,188.4,1.71,606.3,5.28,3.3,Steep,Normal,Clear,29.8,62.5,Good,Morning,110.0,No,,194.9,77.18
TASK00988,2025-08-22,MC1001,Excavator,1,Overdue,OP1017,Expert,5.8,Demolition,50.2,0.53,266.7,1.52,29.4,Flat,Muddy,Cloudy,25.0,76.8,Poor,Afternoon,57.1,No,None,113.8,99.3
TASK00989,2025-11-21,MC1004,Loader,5,Overdue,OP1012,Intermediate,1.2,Demolition,99.7,1.06,226.1,2.37,4.0,Rolling,Dry,Clear,26.5,59.6,Good,Afternoon,95.8,No,None,136.8,42.8
TASK00990,2025-11-10,MC1004,Loader,5,Good,OP1020,Expert,4.4,Earth Excavation,430.3,4.93,424.6,7.86,7.0,Muddy,Loose,Windy,33.3,54.1,,Morning,235.7,No,None,340.0,44.25
TASK00991,2025-07-14,MC1008,Bulldozer,8,Good,OP1013,Intermediate,5.5,Demolition,147.7,,310.5,3.7,13.2,Flat,Dry,Clear,30.8,67.2,Good,Afternoon,133.2,No,None,164.4,23.42
TASK00992,2025-01-04,MC1001,Excavator,1,Good,OP1018,Expert,3.0,Material Loading,420.4,10.05,341.9,10.52,27.1,Steep,Dry,Cloudy,25.6,65.8,Good,Afternoon,169.7,No,None,236.9,39.6
TASK00993,2025-03-07,MC1007,Bulldozer,7,Good,OP1007,Intermediate,1.4,Material Loading,343.0,8.58,222.3,9.71,8.5,Flat,Normal,Clear,27.9,43.3,Good,Afternoon,140.4,No,None,201.5,43.52
TASK00994,2025-11-30,MC1003,Excavator,4,Due Soon,OP1004,Beginner,,Trenching,203.7,2.27,365.5,4.62,7.7,,Dry,Hot,35.9,54.7,Poor,Afternoon,153.5,No,None,230.1,49.9
TASK00995,2025-08-20,MC1006,Loader,3,Good,OP1014,Expert,3.0,Grading,231.9,1.02,544.1,4.38,17.7,Flat,Muddy,Hot,32.4,55.2,Poor,Afternoon,118.4,No,,199.0,68.07
TASK00996,2025-12-24,MC1001,Excavator,1,Due Soon,OP1013,Intermediate,1.0,Material Loading,238.2,2.88,,5.77,26.1,Muddy,Normal,Clear,,73.2,Good,Morning,100.5,No,None,168.1,67.26
TASK00997,2025-05-24,MC1002,Excavator,2,Good,OP1010,Intermediate,1.0,Demolition,147.2,0.84,,2.76,24.2,Flat,Wet,Rainy,25.1,77.1,Moderate,Morning,132.8,No,None,197.0,48.34
TASK00998,2025-07-18,MC1005,Loader,6,Good,OP1001,Beginner,6.6,Earth Excavation,100.8,,,2.24,15.5,Rocky,Muddy,Rainy,23.3,75.1,Moderate,Night,64.4,No,None,187.3,190.84
TASK00999,2025-03-29,MC1001,Excavator,1,Due Soon,OP1014,Expert,3.6,Earth Excavation,273.3,2.93,193.7,5.09,11.1,Flat,Wet,Hot,33.7,37.1,Poor,Morning,154.1,No,None,213.7,38.68
TASK01000,2025-10-10,MC1009,Bulldozer,9,Due Soon,OP1001,Beginner,2.1,Demolition,198.4,2.41,345.0,5.41,67.6,,Normal,Windy,,53.0,Good,Morning,172.7,No,None,331.7,92.07
TASK01001,2025-08-26,MC1006,Loader,3,Good,OP1011,Intermediate,3.5,Grading,545.6,1.78,433.9,8.07,7.6,Steep,Wet,Hot,,39.4,Good,Afternoon,259.5,No,None,353.5,36.22
TASK01002,2025-03-19,MC1009,Bulldozer,9,Good,OP1007,Intermediate,4.3,Trenching,52.1,0.5,313.2,2.15,24.9,,Wet,Windy,26.8,80.7,Poor,Morning,50.5,No,None,106.6,111.09
TASK01003,2025-11-24,MC1009,Bulldozer,9,Due Soon,OP1002,Beginner,5.3,Earth Excavation,209.5,3.13,358.8,5.68,3.3,Steep,Normal,Hot,,,Moderate,Afternoon,121.0,No,None,239.4,97.85
TASK01004,2025-09-09,MC1009,Bulldozer,9,Good,OP1012,Intermediate,1.0,Earth Excavation,263.1,3.29,425.7,7.34,13.6,Flat,Normal,Cloudy,29.6,67.4,Poor,Morning,148.8,No,None,203.3,36.63
TASK01005,2025-06-24,MC1003,Excavator,4,Due Soon,OP1012,Intermediate,3.8,Material Loading,394.2,9.88,320.1,11.22,2.0,Muddy,Dry,Cloudy,27.3,68.4,Good,Night,159.8,No,None,252.6,58.07
TASK01006,2025-01-10,MC1008,Bulldozer,8,Good,OP1002,Beginner,4.0,Earth Excavation,146.9,2.14,351.6,4.48,13.3,Steep,Wet,Rainy,20.2,90.2,Moderate,Night,88.4,No,None,202.5,129.07
TASK01007,2025-03-15,MC1002,Excavator,2,Good,OP1018,Expert,3.1,Trenching,131.5,1.02,570.9,,3.0,Flat,Normal,Hot,30.3,46.8,Good,Morning,104.4,No,None,112.1,7.38
TASK01008,2025-05-20,MC1005,Loader,6,Due Soon,OP1002,Beginner,4.1,Earth Excavation,239.4,3.02,382.2,4.96,8.7,Muddy,Loose,Windy,20.4,,Good,Morning,136.5,No,None,275.2,101.61
TASK01009,2025-01-30,MC1009,Bulldozer,9,Good,OP1017,Expert,4.6,Earth Excavation,123.8,1.24,127.4,2.79,9.1,Rolling,Normal,Windy,23.5,63.9,Good,Night,76.4,No,None,121.9,59.55
TASK01010,2025-02-22,MC1007,Bulldozer,7,Overdue,OP1001,Beginner,3.0,Demolition,107.0,1.31,526.3,4.36,8.2,Flat,Muddy,Clear,24.5,70.8,Moderate,Afternoon,101.5,Yes,Equipment Fault,295.7,191.33
TASK01011,2025-03-09,MC1003,Excavator,4,Overdue,OP1020,Expert,3.7,Earth Excavation,165.1,3.04,343.0,5.11,18.0,Rocky,Muddy,Rainy,21.2,,Good,Morning,97.8,No,None,197.1,101.53
TASK01012,2025-10-18,MC1001,Excavator,1,Good,OP1005,Beginner,1.0,Trenching,97.6,1.04,612.7,2.94,4.8,Flat,,Clear,29.0,43.0,Good,Morning,81.3,No,None,119.8,47.36
TASK01013,2025-03-09,MC1006,Loader,3,Due Soon,OP1004,Beginner,3.0,Grading,781.6,6.77,722.7,12.36,11.8,Rocky,Wet,Windy,30.8,66.0,Poor,Afternoon,365.7,No,None,858.3,134.7
TASK01014,2025-04-28,MC1005,Loader,6,Good,OP1003,Beginner,3.9,Demolition,59.5,0.69,296.4,1.63,,Steep,Wet,Cloudy,26.8,85.8,Good,Afternoon,64.4,No,None,136.8,112.42
TASK01015,2025-06-02,MC1008,Bulldozer,8,Overdue,OP1019,Expert,3.4,Demolition,188.9,2.17,,4.66,9.5,Rolling,Dry,Clear,24.6,55.9,Good,Morning,165.3,No,None,197.4,19.42
TASK01016,2025-06-16,MC1004,Loader,5,Good,OP1014,Expert,1.0,Material Loading,202.3,1.86,239.4,3.78,4.7,Rolling,Normal,Cloudy,27.9,64.4,Good,Morning,86.9,Yes,Equipment Fault,188.5,116.92
TASK01017,2025-08-30,MC1010,Excavator,10,Good,OP1004,Beginner,5.6,Material Loading,535.2,9.23,264.4,13.12,17.2,Rolling,Dry,Clear,29.5,47.2,Good,Afternoon,213.4,No,None,352.1,65.0
TASK01018,2025-07-11,MC1003,Excavator,4,Good,OP1012,Intermediate,2.4,Trenching,158.1,0.81,,3.91,7.2,Rolling,Wet,Clear,23.7,43.7,Good,Afternoon,122.5,No,None,170.1,38.86
TASK01019,2025-10-03,MC1004,Loader,5,Good,OP1003,Beginner,4.8,Demolition,188.4,2.91,557.5,4.9,16.1,Rolling,,Hot,32.1,52.9,Good,,165.0,No,None,282.0,70.91
TASK01020,2025-08-13,MC1003,Excavator,4,Good,OP1013,Intermediate,4.6,Earth Excavation,412.2,4.21,187.4,6.55,4.4,Steep,Normal,Clear,29.3,37.9,Good,Morning,226.3,No,None,343.6,51.83
TASK01021,2025-09-29,MC1004,Loader,5,Due Soon,OP1013,Intermediate,1.0,Material Loading,136.9,2.61,319.6,3.69,18.5,,Normal,Cloudy,25.0,83.6,Good,Afternoon,62.0,No,None,106.8,72.26
TASK01022,2025-06-27,MC1009,Bulldozer,9,Overdue,OP1010,Intermediate,3.5,Grading,677.8,2.41,807.6,13.7,13.4,Steep,Muddy,Windy,26.0,56.8,Moderate,Afternoon,319.0,No,None,692.8,117.18
TASK01023,2025-02-10,MC1010,Excavator,10,Due Soon,OP1020,Expert,1.5,Material Loading,217.1,2.95,341.3,5.35,4.5,Muddy,Dry,Clear,32.2,42.3,,Morning,92.5,No,None,135.1,46.05
TASK01024,2025-12-14,MC1007,Bulldozer,7,Good,OP1014,Expert,2.1,Earth Excavation,218.7,4.29,175.3,5.99,1.5,Muddy,Dry,Windy,27.3,70.0,Moderate,Morning,125.7,No,None,188.1,49.64
TASK01025,2025-10-19,MC1006,Loader,3,Good,OP1005,Beginner,5.2,Demolition,179.3,,191.7,3.09,27.8,Flat,Muddy,Clear,32.2,57.1,Good,Afternoon,157.8,No,None,280.8,77.95
TASK01026,2025-08-25,MC1002,Excavator,2,Good,OP1014,Expert,7.7,Earth Excavation,147.4,2.02,475.4,3.31,11.0,Steep,Normal,Clear,34.0,72.2,,Afternoon,88.7,No,,122.5,38.11
TASK01027,2025-09-06,MC1004,Loader,5,Good,OP1002,Beginner,1.0,Demolition,67.7,0.5,234.0,1.53,15.7,Muddy,Normal,Clear,23.3,37.8,Moderate,Afternoon,70.8,No,None,124.8,76.27
TASK01028,2025-04-27,MC1004,Loader,5,Overdue,OP1012,Intermediate,5.3,Grading,225.6,1.08,617.4,4.76,28.1,Flat,Muddy,Rainy,23.8,84.7,Good,Afternoon,115.5,No,None,188.7,63.38
TASK01029,2025-04-02,MC1008,Bulldozer,8,Good,OP1007,Intermediate,4.9,Material Loading,536.8,12.67,442.5,16.93,34.1,Rocky,Wet,Clear,30.2,73.0,Moderate,Night,214.0,No,Operator Delay,417.9,95.28
TASK01030,2025-05-19,MC1010,Excavator,10,Due Soon,OP1014,Expert,7.0,Demolition,146.9,1.3,193.5,3.24,18.8,Flat,Normal,Clear,25.8,56.5,Good,Afternoon,132.6,No,None,169.8,28.05
TASK01031,2025-05-01,MC1003,Excavator,4,Good,OP1010,Intermediate,5.0,Demolition,113.3,1.23,418.7,3.01,42.3,Muddy,Normal,Windy,34.2,49.0,Good,Night,106.4,No,None,239.4,125.0
TASK01032,2025-05-23,MC1001,Excavator,1,Due Soon,OP1002,Beginner,4.0,Earth Excavation,83.5,0.66,315.8,1.88,8.7,Muddy,Dry,Windy,25.3,51.0,Good,Morning,55.4,No,None,99.7,79.96
TASK01033,2025-05-17,MC1009,Bulldozer,9,Overdue,OP1019,Expert,2.6,Earth Excavation,217.2,2.36,413.0,6.61,5.9,Muddy,Wet,Clear,21.0,63.5,Moderate,Afternoon,124.9,No,None,213.0,70.54
TASK01034,2025-09-22,MC1003,Excavator,4,Good,OP1012,Intermediate,2.6,Material Loading,529.4,14.12,349.0,16.75,23.3,Rocky,Normal,Rainy,,83.4,Moderate,Afternoon,211.2,No,None,402.5,90.58
TASK01035,2025-05-17,MC1001,Excavator,1,Due Soon,OP1016,Expert,,Material Loading,437.8,9.59,412.0,12.28,10.3,Muddy,,Clear,29.8,48.1,Good,Morning,176.4,No,None,233.8,32.54
TASK01036,2025-09-12,MC1001,Excavator,1,Good,OP1015,Expert,2.8,Demolition,73.9,0.83,214.9,1.68,8.1,Flat,Normal,Cloudy,26.2,61.1,Moderate,Morning,75.6,No,None,78.3,3.57
TASK01037,2025-06-22,MC1009,Bulldozer,9,Good,OP1016,Expert,7.0,Earth Excavation,291.6,2.93,283.4,7.08,5.2,Rocky,Wet,Windy,21.5,60.2,Good,Night,163.6,No,None,284.3,73.78
TASK01038,2025-05-26,MC1004,Loader,5,Good,OP1011,Intermediate,3.7,Trenching,269.0,2.31,255.2,4.68,4.5,Rolling,Muddy,Windy,29.5,68.7,Good,Morning,197.9,No,None,298.7,50.93
TASK01039,2025-03-29,MC1005,Loader,6,Good,OP1010,Intermediate,3.6,Material Loading,264.5,6.54,248.6,6.55,8.2,Rolling,Dry,Cloudy,25.1,76.8,Moderate,Afternoon,110.5,No,None,159.8,44.62
TASK01040,2025-03-13,MC1003,Excavator,4,Good,OP1003,Beginner,4.5,Material Loading,271.3,3.0,381.0,5.68,37.1,Rocky,Wet,Clear,29.3,72.0,Poor,Afternoon,113.1,No,None,250.4,121.4
TASK01041,2025-08-21,MC1001,Excavator,1,Good,OP1013,Intermediate,3.6,Grading,356.2,1.59,752.5,6.09,8.7,Steep,Normal,Cloudy,25.4,60.4,Good,Morning,174.3,No,None,234.4,34.48
TASK01042,2025-06-25,MC1010,Excavator,10,Good,OP1009,Intermediate,4.9,Demolition,124.6,2.08,282.0,3.94,20.4,Flat,Normal,Rainy,20.7,77.5,Good,Morning,115.2,No,None,169.9,47.48
TASK01043,2025-06-22,MC1005,Loader,6,Due Soon,OP1004,Beginner,2.3,Material Loading,115.6,2.6,,3.99,17.5,Rolling,Normal,Rainy,22.2,81.8,Moderate,Afternoon,53.9,No,None,116.3,115.77
TASK01044,2025-09-04,MC1010,Excavator,10,Overdue,OP1012,Intermediate,1.0,Trenching,88.0,0.5,434.5,2.58,20.9,Rocky,Dry,Cloudy,21.8,60.1,Good,Morning,74.8,No,None,139.4,86.36
TASK01045,2025-03-18,MC1010,Excavator,10,Good,OP1012,Intermediate,6.8,Demolition,125.9,1.57,378.3,3.68,36.5,Flat,Muddy,Windy,29.2,51.4,Good,Morning,116.2,No,None,211.7,82.19
TASK01046,2025-01-25,MC1007,Bulldozer,7,Good,OP1013,Intermediate,8.1,Trenching,81.1,0.5,504.2,3.09,10.6,Flat,Muddy,Hot,29.6,41.4,Moderate,,70.1,No,None,137.8,96.58
TASK01047,2025-11-19,MC1007,Bulldozer,7,Good,OP1008,Intermediate,,Trenching,270.5,2.55,317.2,5.93,3.5,Muddy,Wet,Windy,19.8,62.0,Good,Morning,198.9,Yes,Equipment Fault,492.1,147.41
TASK01048,2025-02-13,MC1007,Bulldozer,7,Good,OP1001,Beginner,1.0,Demolition,59.2,0.5,233.4,1.6,4.9,Flat,Wet,Cloudy,28.4,66.4,Poor,Morning,64.2,No,None,105.6,64.49
TASK01049,2025-08-26,MC1003,Excavator,4,Overdue,OP1007,Intermediate,4.9,Demolition,67.0,0.5,133.8,1.19,20.7,Steep,Dry,Windy,27.7,38.9,Good,Afternoon,70.2,Yes,Equipment Fault,217.0,209.12
TASK01050,2025-06-29,MC1009,Bulldozer,9,Good,OP1003,Beginner,1.9,Earth Excavation,376.2,5.61,575.0,8.65,5.3,Rocky,Normal,Windy,27.6,76.6,Moderate,Morning,207.6,No,None,387.4,86.61
TASK01051,2025-10-08,MC1003,Excavator,4,Good,OP1007,Intermediate,5.3,Demolition,70.6,0.61,91.9,1.31,75.0,Rocky,Normal,Rainy,23.6,87.9,Good,Night,73.1,No,None,187.7,156.77
TASK01052,2025-01-03,MC1004,Loader,5,Good,OP1005,Beginner,1.3,Earth Excavation,239.6,2.67,400.9,4.97,15.3,Flat,Wet,Rainy,22.1,76.2,Good,Morning,136.6,No,None,221.1,61.86
TASK01053,2025-03-20,MC1001,Excavator,1,Due Soon,OP1003,Beginner,3.1,Grading,865.4,5.2,1166.1,13.75,5.9,Rolling,Normal,Clear,30.3,51.8,Good,Morning,403.4,No,None,596.0,47.74
TASK01054,2025-05-29,MC1010,Excavator,10,Good,OP1005,Beginner,3.8,Demolition,91.9,1.31,306.6,2.66,49.9,Flat,Muddy,Cloudy,29.6,73.7,Good,Afternoon,89.7,No,None,199.1,121.96
TASK01055,2025-05-11,MC1002,Excavator,2,Good,OP1020,Expert,2.1,Demolition,111.6,1.3,529.4,2.73,69.4,Flat,Dry,Clear,30.8,82.8,Good,Morning,105.1,No,Material Availability,189.0,79.83
TASK01056,2025-05-27,MC1003,Excavator,4,Due Soon,OP1006,Beginner,4.7,Demolition,171.5,1.43,446.3,3.98,16.4,Rolling,Muddy,Cloudy,29.5,80.0,Good,Afternoon,151.8,No,None,273.5,80.17
TASK01057,2025-12-23,MC1004,Loader,5,Good,OP1015,Expert,2.3,Demolition,99.9,0.72,385.0,2.4,40.9,Rolling,,Clear,32.0,68.9,Good,Afternoon,96.0,No,None,137.6,43.33
TASK01058,2025-03-03,MC1005,Loader,6,Due Soon,OP1017,Expert,3.9,Grading,220.8,0.5,1013.5,5.41,11.7,Muddy,Normal,Clear,22.8,65.9,Poor,Afternoon,113.4,No,Weather,188.5,66.23
TASK01059,2025-10-10,MC1007,Bulldozer,7,Good,OP1002,Beginner,3.2,Trenching,98.3,0.85,461.5,3.09,6.5,Flat,Dry,Cloudy,20.7,87.2,Good,Morning,81.8,No,None,106.6,30.32
TASK01060,2025-12-16,MC1008,Bulldozer,8,Good,OP1018,Expert,2.5,Material Loading,242.2,3.16,203.6,6.12,34.7,Muddy,Wet,Clear,28.1,67.5,Moderate,Morning,102.0,No,None,179.7,76.18
TASK01061,2025-09-02,MC1003,Excavator,4,Good,OP1010,Intermediate,3.6,Trenching,224.3,1.97,139.4,3.98,5.4,Rolling,Normal,Clear,26.2,59.3,Good,Morning,167.5,No,None,204.5,22.09
TASK01062,2025-11-11,MC1004,Loader,5,Due Soon,OP1005,Beginner,1.0,Grading,677.9,3.8,570.7,10.54,3.7,Rolling,Normal,Windy,28.2,,Good,Morning,319.1,No,None,535.8,67.91
TASK01063,2025-09-04,MC1009,Bulldozer,9,Good,OP1006,Beginner,2.9,Trenching,190.0,1.2,204.2,4.02,3.6,Flat,Muddy,Clear,25.5,62.9,,Morning,144.2,No,None,201.8,39.94
TASK01064,2025-08-25,MC1002,Excavator,2,Good,OP1011,Intermediate,6.6,Earth Excavation,323.4,3.32,164.4,5.41,13.5,Rolling,Wet,Cloudy,18.5,71.3,Moderate,Afternoon,180.2,No,None,246.8,36.96
TASK01065,2025-10-02,MC1009,Bulldozer,9,Good,OP1003,Beginner,4.5,Trenching,298.9,2.79,365.7,,6.7,Flat,Dry,Rainy,18.6,84.5,Good,Morning,218.3,No,None,316.0,44.75
TASK01066,2025-03-17,MC1010,Excavator,10,Good,OP1009,Intermediate,2.6,Grading,805.1,4.57,855.1,13.66,16.0,Flat,Normal,Clear,29.7,61.2,Good,Afternoon,376.3,No,None,491.9,30.72
TASK01067,2025-12-19,MC1010,Excavator,10,Good,OP1013,Intermediate,6.3,Demolition,102.8,1.55,128.6,2.65,18.6,Rocky,Normal,Clear,24.6,43.8,Moderate,Night,98.2,No,None,171.8,74.95
TASK01068,2025-06-12,MC1005,Loader,6,Good,OP1019,Expert,6.5,Trenching,111.1,0.5,425.1,2.74,16.6,,Dry,Rainy,21.4,76.8,Good,Night,90.5,No,None,141.9,56.8
TASK01069,2025-01-22,MC1001,Excavator,1,Due Soon,OP1015,Expert,3.6,Trenching,64.7,0.69,471.4,2.39,2.7,Rocky,Dry,Hot,32.2,32.4,Good,Night,59.0,No,None,91.4,54.92
TASK01070,2025-12-24,MC1006,Loader,3,Due Soon,OP1010,Intermediate,4.7,Material Loading,363.7,7.01,544.8,9.37,11.0,Rolling,Dry,Hot,35.1,41.1,Moderate,Afternoon,148.2,No,None,351.3,137.04
TASK01071,2025-10-23,MC1002,Excavator,2,Due Soon,OP1003,Beginner,3.6,Earth Excavation,198.2,2.41,59.8,4.06,,Flat,Loose,Clear,26.9,,Good,Morning,115.1,No,None,173.1,50.39
TASK01072,2025-12-29,MC1010,Excavator,10,Good,OP1008,Intermediate,5.0,Trenching,166.5,,877.3,4.77,9.9,Rolling,Muddy,Windy,21.6,40.4,Good,Afternoon,128.2,Yes,Equipment Fault,287.2,124.02
TASK01073,2025-02-03,MC1009,Bulldozer,9,Good,OP1012,Intermediate,5.0,Trenching,132.8,0.88,149.0,3.17,3.2,Rolling,Wet,Hot,37.6,53.4,Good,Afternoon,105.3,No,None,138.4,31.43
TASK01074,2025-08-18,MC1002,Excavator,2,Due Soon,OP1005,Beginner,3.8,Grading,301.5,2.07,1031.0,6.11,14.7,Steep,Loose,Clear,28.3,67.4,Good,Morning,149.7,No,None,270.5,80.69
TASK01075,2025-12-27,MC1002,Excavator,2,Good,OP1017,Expert,6.0,Material Loading,248.8,5.97,403.9,,8.1,Muddy,Normal,Hot,36.5,35.2,Good,Night,104.6,No,None,170.4,62.91
TASK01076,2025-05-08,MC1010,Excavator,10,Due Soon,OP1002,Beginner,4.0,Material Loading,138.0,2.83,536.1,5.8,,Rocky,Dry,Rainy,25.5,90.7,Good,Afternoon,62.4,No,Weather,173.0,177.24
TASK01077,2025-12-24,MC1002,Excavator,2,Due Soon,OP1009,Intermediate,4.0,Trenching,198.7,1.69,330.0,4.31,6.1,Muddy,Wet,Cloudy,25.3,58.0,Moderate,Morning,150.1,No,None,140.6,-6.33
TASK01078,2025-01-20,MC1002,Excavator,2,Good,OP1009,Intermediate,5.8,Trenching,92.9,0.66,453.1,2.49,5.0,Rocky,Loose,Hot,37.4,45.4,Good,,78.2,No,None,123.1,57.42
TASK01079,2025-07-27,MC1006,Loader,3,Overdue,OP1001,Beginner,3.0,Demolition,148.7,0.84,191.1,2.43,14.5,Flat,Normal,Clear,23.4,59.0,Good,Afternoon,134.0,No,None,201.3,50.22
TASK01080,2025-12-06,MC1005,Loader,6,Overdue,OP1013,Intermediate,6.8,Demolition,124.0,0.98,416.2,2.76,31.4,Muddy,Muddy,Cloudy,22.4,72.4,Good,Afternoon,114.7,Yes,Equipment Fault,356.8,211.07
TASK01081,2025-09-26,MC1007,Bulldozer,7,Good,OP1006,Beginner,2.3,Earth Excavation,280.9,4.8,397.2,8.48,36.6,Flat,Wet,Windy,21.2,45.1,Good,Afternoon,158.1,No,None,253.1,60.09
TASK01082,2025-11-23,MC1006,Loader,3,Overdue,OP1018,Expert,2.9,Earth Excavation,382.3,6.44,305.2,7.9,16.2,Rocky,Normal,Rainy,22.0,94.8,Good,Morning,210.8,No,None,327.3,55.27
TASK01083,2025-05-29,MC1007,Bulldozer,7,Good,OP1001,Beginner,3.3,Earth Excavation,212.0,3.07,261.8,5.22,15.9,Rolling,Muddy,Clear,32.1,65.2,Good,Morning,122.2,No,None,196.3,60.64
TASK01084,2025-06-25,MC1003,Excavator,4,Due Soon,OP1016,Expert,3.5,Grading,806.8,3.29,335.3,10.84,16.3,Muddy,Normal,Clear,26.3,56.4,Moderate,Afternoon,377.1,No,None,504.2,33.7
TASK01085,2025-10-14,MC1008,Bulldozer,8,Good,OP1018,Expert,6.8,Material Loading,528.9,13.08,284.6,,46.2,Rocky,Normal,Rainy,24.8,80.8,Moderate,Night,211.0,No,None,434.8,106.07
TASK01086,2025-08-27,MC1010,Excavator,10,Good,OP1004,Beginner,1.0,Grading,631.7,4.41,563.2,10.56,,Muddy,Wet,Clear,28.1,57.8,Good,Morning,298.3,No,None,472.5,58.4
TASK01087,2025-11-19,MC1005,Loader,6,Good,OP1011,Intermediate,5.8,Material Loading,575.8,,,12.04,14.3,Rolling,Normal,Hot,32.3,45.6,Moderate,Night,228.8,No,Weather,372.3,62.72
TASK01088,2025-01-07,MC1006,Loader,3,Good,OP1020,Expert,7.3,Earth Excavation,316.0,4.27,,,4.3,,Normal,Cloudy,19.9,52.3,,Afternoon,176.3,No,None,179.2,1.64
TASK01089,2025-10-27,MC1010,Excavator,10,Good,OP1020,Expert,5.2,Trenching,73.1,0.5,349.1,2.28,2.6,,Wet,Clear,23.7,62.0,Moderate,Afternoon,64.7,No,None,87.9,35.86
TASK01090,2025-10-18,MC1008,Bulldozer,8,Good,OP1013,Intermediate,4.4,Trenching,183.8,1.93,377.1,,7.9,Rocky,Dry,Clear,33.3,64.1,Good,Morning,140.0,No,None,187.3,33.79
TASK01091,2025-02-04,MC1008,Bulldozer,8,Due Soon,OP1009,Intermediate,3.6,Grading,525.5,4.51,410.4,10.92,14.1,Rocky,Normal,Clear,30.9,,Good,Afternoon,250.5,No,None,365.3,45.83
TASK01092,2025-07-26,MC1008,Bulldozer,8,Overdue,OP1006,Beginner,2.8,Grading,333.0,2.47,479.3,8.0,8.7,Muddy,Wet,Rainy,20.1,78.7,Moderate,Morning,163.8,No,None,379.2,131.5
TASK01093,2025-04-16,MC1009,Bulldozer,9,Good,OP1019,Expert,1.6,Earth Excavation,332.6,4.01,135.7,6.96,30.6,Flat,Muddy,Clear,32.4,65.8,Good,Morning,184.9,No,None,239.3,29.42
TASK01094,2025-04-09,MC1003,Excavator,4,Good,OP1014,Expert,4.5,Demolition,60.2,0.5,302.8,1.57,29.0,Muddy,Muddy,Clear,33.1,42.3,Moderate,Night,64.9,No,None,126.2,94.45
TASK01095,2025-02-22,MC1003,Excavator,4,Due Soon,OP1013,Intermediate,,Demolition,190.3,1.7,133.4,3.21,16.8,Flat,Normal,Hot,39.2,32.9,,Morning,166.4,No,None,209.5,25.9
TASK01096,2025-06-27,MC1007,Bulldozer,7,Good,OP1014,Expert,4.2,Grading,206.6,,854.3,5.32,1.8,Muddy,Dry,Clear,28.0,62.7,Good,Afternoon,107.0,Yes,Equipment Fault,262.8,145.61
TASK01097,2025-01-27,MC1010,Excavator,10,Due Soon,OP1004,Beginner,5.0,Material Loading,133.8,2.24,253.2,3.6,,Rolling,Muddy,Clear,19.8,64.5,Moderate,Morning,60.8,No,None,167.4,175.33
TASK01098,2025-12-12,MC1007,Bulldozer,7,Due Soon,OP1017,Expert,1.8,Grading,438.1,0.83,851.4,8.46,12.1,Flat,Muddy,Clear,29.5,63.5,Good,Morning,211.1,No,None,255.5,21.03
TASK01099,2025-11-16,MC1006,Loader,3,Due Soon,OP1004,Beginner,5.3,Material Loading,290.1,5.87,,6.49,4.1,Rocky,Muddy,Cloudy,21.2,64.7,Good,Morning,120.2,No,None,245.7,104.41
TASK01100,2025-10-21,MC1006,Loader,3,Good,OP1002,Beginner,7.5,Earth Excavation,439.5,3.83,289.5,6.73,27.6,Rolling,Muddy,Windy,19.8,38.6,Moderate,Afternoon,240.5,No,None,409.6,70.31
TASK01101,2025-04-24,MC1010,Excavator,10,Good,OP1012,Intermediate,4.2,Grading,515.9,1.03,458.3,7.69,12.2,Flat,Normal,Rainy,29.3,83.0,,Morning,246.1,No,None,348.8,41.73
TASK01102,2025-07-02,MC1001,Excavator,1,Good,OP1012,Intermediate,4.6,Demolition,74.2,,226.3,1.64,18.3,Flat,Normal,Hot,35.2,55.7,Good,,75.9,No,None,88.8,17.0
TASK01103,2025-04-10,MC1001,Excavator,1,Due Soon,OP1007,Intermediate,3.4,Demolition,143.6,1.4,311.5,3.39,10.4,Muddy,Normal,Cloudy,27.4,59.8,,Morning,130.0,No,None,189.3,45.62
TASK01104,2025-11-13,MC1007,Bulldozer,7,Good,OP1013,Intermediate,4.4,Grading,239.7,,807.9,6.28,,Steep,Muddy,Cloudy,26.1,52.4,Good,Night,121.8,No,None,213.7,75.45
TASK01105,2025-09-11,MC1005,Loader,6,Good,OP1014,Expert,10.0,Material Loading,594.1,10.23,400.8,13.59,24.4,Flat,Wet,Hot,34.8,50.0,Good,Night,235.8,No,Site Condition,622.2,163.87
TASK01106,2025-11-25,MC1002,Excavator,2,Good,OP1017,Expert,3.2,Trenching,158.0,,464.0,2.87,21.3,Flat,Normal,Clear,33.6,46.7,Good,Afternoon,122.4,No,None,140.5,14.79
TASK01107,2025-06-22,MC1009,Bulldozer,9,Good,OP1002,Beginner,3.1,Trenching,144.3,,722.6,4.79,9.8,Rolling,Loose,Cloudy,28.0,79.3,Moderate,Afternoon,113.1,No,None,187.9,66.14
TASK01108,2025-01-24,MC1007,Bulldozer,7,Good,OP1017,Expert,2.8,Material Loading,254.0,4.75,484.0,,21.7,,Muddy,Cloudy,28.0,,Moderate,Afternoon,106.5,No,None,163.7,53.71
TASK01109,2025-09-10,MC1008,Bulldozer,8,Good,OP1001,Beginner,2.8,Earth Excavation,258.7,3.31,113.1,5.94,3.0,Flat,Muddy,Clear,27.7,64.6,Poor,Morning,146.5,No,Operator Delay,232.0,58.36
TASK01110,2025-02-04,MC1002,Excavator,2,Due Soon,OP1008,Intermediate,2.0,Earth Excavation,107.2,0.7,160.4,,11.6,Muddy,Wet,Clear,36.6,35.2,Good,Morning,67.7,Yes,Equipment Fault,215.2,217.87
TASK01111,2025-06-21,MC1007,Bulldozer,7,Good,OP1015,Expert,1.0,Earth Excavation,291.5,4.9,385.3,6.66,19.7,Flat,Normal,Clear,28.6,60.2,Good,Morning,163.6,No,None,172.7,5.56
TASK01112,2025-06-03,MC1004,Loader,5,Due Soon,OP1005,Beginner,3.0,Trenching,259.6,1.67,713.0,5.42,8.4,Rolling,Wet,Cloudy,31.7,67.7,Moderate,Morning,191.6,No,Site Condition,273.5,42.75
TASK01113,2025-05-25,MC1003,Excavator,4,Due Soon,OP1017,Expert,4.3,Material Loading,194.5,5.25,260.6,5.81,11.3,Rolling,Muddy,Hot,35.3,45.4,Moderate,Afternoon,83.9,Yes,Equipment Fault,207.7,147.56
TASK01114,2025-03-02,MC1005,Loader,6,Good,OP1011,Intermediate,7.2,Material Loading,553.1,7.71,202.0,10.45,4.0,,Dry,Hot,35.8,54.4,Moderate,Afternoon,220.2,No,None,323.1,46.73
TASK01115,2025-09-10,MC1004,Loader,5,Due Soon,OP1016,Expert,1.0,Trenching,257.3,1.91,481.3,5.41,9.9,Rocky,Loose,Clear,30.1,56.5,Good,Morning,190.0,No,None,210.2,10.63
TASK01116,2025-08-20,MC1003,Excavator,4,Good,OP1007,Intermediate,9.0,Grading,709.8,1.74,,11.62,19.3,Steep,Dry,Hot,,52.5,Good,Night,333.4,No,,581.3,74.36
TASK01117,2025-12-14,MC1009,Bulldozer,9,Overdue,OP1006,Beginner,4.6,Demolition,77.5,0.5,274.2,2.4,75.0,Rolling,Wet,Rainy,25.0,84.5,Good,Afternoon,78.4,No,Weather,231.9,195.79
TASK01118,2025-03-22,MC1006,Loader,3,Good,OP1002,Beginner,1.7,Earth Excavation,239.2,4.83,385.4,6.1,10.1,,Normal,Rainy,23.5,82.0,Poor,Morning,136.4,No,None,273.4,100.44
TASK01119,2025-10-12,MC1007,Bulldozer,7,Overdue,OP1012,Intermediate,5.7,Earth Excavation,254.3,2.36,219.1,5.58,14.4,Rolling,Normal,Windy,29.0,59.0,Good,Morning,144.2,No,Site Condition,275.5,91.05
TASK01120,2025-09-05,MC1010,Excavator,10,Overdue,OP1008,Intermediate,3.0,Demolition,86.5,0.59,,1.8,19.6,Flat,,Rainy,26.5,71.4,Moderate,Morning,85.4,Yes,Equipment Fault,202.9,137.59
TASK01121,2025-12-03,MC1008,Bulldozer,8,Good,OP1008,Intermediate,1.0,Grading,626.9,4.47,1117.2,13.55,10.1,Rocky,Normal,Clear,25.5,51.8,Good,Afternoon,296.1,No,None,460.3,55.45
TASK01122,2025-10-22,MC1003,Excavator,4,Good,OP1011,Intermediate,,Grading,281.1,0.87,468.6,5.16,11.0,Muddy,Normal,Hot,35.4,48.0,Moderate,Night,140.5,No,None,261.7,86.26
TASK01123,2025-05-06,MC1007,Bulldozer,7,Due Soon,OP1004,Beginner,,Grading,437.6,2.14,1300.7,10.49,23.4,Muddy,Normal,Clear,20.7,64.0,Good,Afternoon,210.9,No,None,458.5,117.4
TASK01124,2025-06-13,MC1002,Excavator,2,Good,OP1010,Intermediate,9.9,Demolition,187.7,1.85,149.0,3.19,12.4,Rocky,Normal,Hot,33.8,39.5,Good,Night,164.4,No,None,278.3,69.28
TASK01125,2025-05-20,MC1002,Excavator,2,Good,OP1009,Intermediate,1.4,Grading,667.5,3.21,1631.7,,2.2,Rocky,Loose,Cloudy,26.0,54.1,Moderate,Morning,314.4,No,None,513.6,63.36
TASK01126,2025-09-11,MC1003,Excavator,4,Good,OP1012,Intermediate,3.8,Earth Excavation,420.1,6.5,86.9,8.43,7.5,Rolling,Dry,Cloudy,22.2,,Good,Morning,230.4,No,None,258.7,12.28
TASK01127,2025-06-11,MC1008,Bulldozer,8,Good,OP1014,Expert,,Earth Excavation,365.4,3.83,349.7,7.77,9.0,Rolling,,Clear,31.1,61.8,Good,Afternoon,202.0,No,None,237.4,17.52
TASK01128,2025-07-22,MC1010,Excavator,10,Good,OP1004,Beginner,2.1,Demolition,157.0,1.98,,,25.4,Flat,Normal,Rainy,20.7,86.8,Poor,Morning,140.4,No,None,233.3,66.17
TASK01129,2025-09-21,MC1001,Excavator,1,Good,OP1015,Expert,4.8,Material Loading,147.9,3.17,207.4,3.82,10.3,Flat,Normal,Clear,28.4,41.9,Moderate,Afternoon,66.2,No,Site Condition,102.4,54.68
TASK01130,2025-07-05,MC1007,Bulldozer,7,Due Soon,OP1001,Beginner,8.2,Earth Excavation,217.2,3.59,457.3,7.63,31.5,Muddy,Normal,Rainy,20.9,76.2,Good,Night,124.9,No,None,190.5,52.52
TASK01131,2025-01-02,MC1004,Loader,5,Due Soon,OP1018,Expert,2.1,Earth Excavation,416.4,6.78,377.1,9.72,4.7,Muddy,Normal,Hot,33.0,46.0,Good,Morning,228.5,No,None,296.6,29.8
TASK01132,2025-03-23,MC1008,Bulldozer,8,Good,OP1008,Intermediate,6.3,Trenching,271.6,2.57,623.1,7.18,10.0,Rocky,Wet,Hot,34.5,27.3,Good,Afternoon,199.7,No,None,389.0,94.79
TASK01133,2025-12-20,MC1010,Excavator,10,Overdue,OP1012,Intermediate,,Grading,381.6,3.03,857.2,9.86,18.9,Muddy,Wet,Cloudy,23.6,78.8,Moderate,Morning,185.7,No,None,397.1,113.84
TASK01134,2025-07-16,MC1007,Bulldozer,7,Good,OP1016,Expert,1.2,Demolition,86.7,0.67,194.9,2.31,34.7,Muddy,Normal,Clear,31.6,70.3,Good,Morning,85.6,No,None,135.7,58.53
TASK01135,2025-03-14,MC1009,Bulldozer,9,Due Soon,OP1013,Intermediate,2.1,Earth Excavation,386.4,4.14,317.1,9.65,11.8,Rolling,Normal,Clear,29.7,60.3,Good,Morning,212.9,No,None,276.3,29.78
TASK01136,2025-08-02,MC1005,Loader,6,Good,OP1006,Beginner,1.0,Earth Excavation,255.4,3.82,360.2,5.68,12.5,Rolling,Dry,Cloudy,28.3,76.1,Good,Morning,144.8,No,Site Condition,199.4,37.71
TASK01137,2025-10-18,MC1007,Bulldozer,7,Good,OP1010,Intermediate,4.7,Earth Excavation,354.5,4.22,295.2,9.25,2.9,Rolling,Wet,Hot,30.5,33.6,Good,Afternoon,196.4,No,None,306.1,55.86
TASK01138,2025-01-17,MC1004,Loader,5,Good,OP1002,Beginner,3.1,Trenching,235.3,2.47,201.2,4.38,15.6,Rocky,,Windy,,43.6,Good,Morning,175.0,No,None,357.4,104.23
TASK01139,2025-11-23,MC1009,Bulldozer,9,Good,OP1007,Intermediate,1.0,Material Loading,557.3,7.88,601.6,13.28,11.6,Flat,Normal,Hot,33.8,41.1,Good,Morning,221.8,No,None,311.1,40.26
TASK01140,2025-10-14,MC1007,Bulldozer,7,Good,OP1019,Expert,4.0,Trenching,204.3,1.02,361.2,4.44,4.4,Rolling,Dry,Clear,27.6,62.1,Moderate,Morning,153.9,No,None,166.9,8.45
TASK01141,2025-05-26,MC1005,Loader,6,Good,OP1008,Intermediate,4.7,Trenching,219.9,1.4,629.0,4.86,4.6,Muddy,Dry,Cloudy,,69.9,Good,Afternoon,164.6,No,None,242.6,47.39
TASK01142,2025-05-10,MC1007,Bulldozer,7,Good,OP1013,Intermediate,1.7,Trenching,190.7,1.86,348.1,4.59,1.7,Muddy,Loose,Clear,30.5,63.0,Good,Afternoon,144.7,No,None,196.1,35.52
TASK01143,2025-05-21,MC1007,Bulldozer,7,Good,OP1010,Intermediate,5.9,Grading,264.1,1.17,829.8,5.81,15.5,Flat,Muddy,Clear,24.9,49.6,Good,Night,132.8,No,None,190.4,43.37
TASK01144,2025-01-28,MC1001,Excavator,1,Good,OP1005,Beginner,2.8,Trenching,209.8,1.31,267.2,3.7,9.8,Rocky,,Cloudy,27.0,68.9,,Afternoon,157.6,No,None,323.7,105.39
TASK01145,2025-01-25,MC1007,Bulldozer,7,Good,OP1015,Expert,6.8,Earth Excavation,443.8,7.33,229.1,12.05,1.6,Flat,Wet,Cloudy,31.0,,Good,Afternoon,242.8,No,None,279.6,15.16
TASK01146,2025-10-16,MC1009,Bulldozer,9,Good,OP1020,Expert,4.1,Earth Excavation,221.2,,205.5,5.52,27.7,Rocky,Loose,Cloudy,27.3,66.1,Good,Afternoon,127.0,No,,232.3,82.91
TASK01147,2025-10-26,MC1006,Loader,3,Good,OP1018,Expert,3.2,Material Loading,496.5,12.55,338.3,12.56,14.0,Muddy,Normal,Cloudy,19.6,78.7,Good,Morning,198.7,No,None,310.8,56.42
TASK01148,2025-08-28,MC1006,Loader,3,Good,OP1001,Beginner,4.9,Grading,238.3,1.33,353.5,3.8,11.8,Rocky,Dry,Cloudy,21.9,73.5,Good,Afternoon,121.2,No,None,187.4,54.62
TASK01149,2025-01-27,MC1003,Excavator,4,Good,OP1011,Intermediate,2.9,Demolition,89.4,0.89,396.4,2.37,,,Dry,Cloudy,26.7,74.1,Good,Afternoon,87.8,No,None,129.2,47.15
TASK01150,2025-10-09,MC1006,Loader,3,Good,OP1011,Intermediate,2.7,Material Loading,200.2,3.27,114.4,3.66,10.8,Flat,Normal,Clear,31.7,54.0,Moderate,Afternoon,86.1,No,None,108.5,26.02
TASK01151,2025-05-20,MC1002,Excavator,2,Good,OP1004,Beginner,4.3,Grading,564.8,4.71,,10.89,24.8,Rocky,Dry,Rainy,18.5,83.8,Moderate,Morning,268.2,No,,463.3,72.74
TASK01152,2025-03-10,MC1006,Loader,3,Due Soon,OP1001,Beginner,6.8,Demolition,132.9,0.92,114.7,1.88,8.6,Flat,Normal,Cloudy,28.9,76.9,Good,Afternoon,121.7,No,None,175.8,44.45
TASK01153,2025-01-06,MC1010,Excavator,10,Due Soon,OP1020,Expert,3.0,Earth Excavation,145.9,1.81,252.4,3.91,8.6,,Dry,Clear,26.8,41.3,Good,Morning,87.9,No,None,116.8,32.88
TASK01154,2025-12-02,MC1007,Bulldozer,7,Due Soon,OP1019,Expert,3.2,Material Loading,206.4,3.62,329.7,6.78,25.4,Steep,Normal,Cloudy,26.0,59.8,Good,Morning,88.4,No,None,133.3,50.79
TASK01155,2025-04-03,MC1002,Excavator,2,Good,OP1005,Beginner,3.5,Trenching,71.6,0.71,362.5,2.18,22.4,Flat,Wet,Rainy,23.7,94.5,Moderate,Afternoon,63.7,No,,128.0,100.94
TASK01156,2025-03-09,MC1008,Bulldozer,8,Due Soon,OP1004,Beginner,5.5,Grading,666.7,4.59,1111.5,13.21,2.1,Rocky,Loose,Cloudy,31.9,72.0,Moderate,Morning,314.0,No,None,626.6,99.55
TASK01157,2025-02-09,MC1009,Bulldozer,9,Good,OP1005,Beginner,3.6,Trenching,59.4,0.5,316.4,2.13,,Rocky,Dry,Clear,,56.4,Good,Night,55.4,Yes,Equipment Fault,184.0,232.13
TASK01158,2025-07-31,MC1009,Bulldozer,9,Overdue,OP1004,Beginner,2.8,Demolition,90.8,0.5,445.1,3.13,22.0,Muddy,Dry,Clear,30.3,71.2,Good,Afternoon,88.8,No,Operator Delay,192.8,117.12
TASK01159,2025-11-22,MC1003,Excavator,4,Good,OP1009,Intermediate,1.0,Material Loading,125.5,2.02,327.3,3.16,51.1,Muddy,Normal,Windy,30.8,59.3,Good,Morning,57.7,No,None,139.6,141.94
TASK01160,2025-03-31,MC1001,Excavator,1,Good,OP1020,Expert,2.5,Trenching,143.2,1.09,324.8,2.96,3.5,Rolling,Wet,Clear,28.0,,Good,,112.4,No,None,136.2,21.17
TASK01161,2025-10-28,MC1009,Bulldozer,9,Good,OP1002,Beginner,3.9,Trenching,212.3,2.07,480.6,6.21,15.1,Muddy,Loose,Clear,37.3,46.7,Good,Afternoon,159.4,No,None,315.3,97.8
TASK01162,2025-01-30,MC1005,Loader,6,Good,OP1003,Beginner,2.8,Material Loading,346.6,4.62,396.4,7.57,15.2,Muddy,Dry,Cloudy,26.8,66.1,Good,Afternoon,141.7,No,None,234.5,65.49
TASK01163,2025-10-15,MC1005,Loader,6,Due Soon,OP1019,Expert,1.0,Trenching,94.3,0.5,656.0,2.42,25.5,Rolling,Loose,Rainy,27.5,84.3,Poor,Morning,79.1,No,None,134.7,70.29
TASK01164,2025-05-17,MC1010,Excavator,10,Due Soon,OP1003,Beginner,5.8,Grading,435.4,3.38,323.5,7.96,1.4,Muddy,Dry,Clear,29.0,54.0,Moderate,Morning,209.9,No,None,354.7,68.99
TASK01165,2025-08-09,MC1009,Bulldozer,9,Good,OP1016,Expert,1.0,Earth Excavation,246.1,2.68,325.2,6.08,46.5,Rocky,,Rainy,25.2,91.7,Good,Morning,140.0,No,None,269.5,92.5
TASK01166,2025-09-11,MC1003,Excavator,4,Due Soon,OP1020,Expert,,Trenching,55.3,,316.6,1.78,13.6,Steep,Loose,Rainy,27.1,71.5,Good,Morning,52.6,No,None,85.2,61.98
TASK01167,2025-04-11,MC1009,Bulldozer,9,Good,OP1008,Intermediate,3.7,Demolition,51.1,0.5,480.3,2.12,19.2,Steep,Normal,Cloudy,24.4,78.5,Good,Morning,57.9,No,None,148.4,156.3
TASK01168,2025-03-17,MC1003,Excavator,4,Good,OP1001,Beginner,1.9,Grading,414.4,0.94,912.2,6.89,7.3,Flat,Loose,Hot,34.0,39.8,Good,Afternoon,200.5,No,None,327.9,63.54
TASK01169,2025-03-07,MC1010,Excavator,10,Due Soon,OP1006,Beginner,6.4,Trenching,79.9,0.63,758.6,,18.3,Rolling,Normal,Cloudy,32.9,50.2,Good,Night,69.3,No,None,159.3,129.87
TASK01170,2025-05-27,MC1007,Bulldozer,7,Due Soon,OP1002,Beginner,1.0,Grading,562.4,1.93,539.0,,11.3,Rocky,Dry,Rainy,,72.4,Good,Afternoon,267.1,No,None,523.5,95.99
TASK01171,2025-01-09,MC1008,Bulldozer,8,Due Soon,OP1013,Intermediate,8.3,Trenching,262.4,1.31,667.9,6.42,3.2,Flat,Normal,Clear,32.0,66.6,Moderate,Afternoon,193.4,No,None,301.7,56.0
TASK01172,2025-10-16,MC1004,Loader,5,Good,OP1013,Intermediate,9.5,Demolition,103.4,1.62,285.4,2.63,,Rolling,Dry,Rainy,24.7,80.1,Moderate,Night,98.7,No,None,175.0,77.3
TASK01173,2025-11-11,MC1006,Loader,3,Due Soon,OP1005,Beginner,5.3,Demolition,141.3,2.27,362.1,3.75,33.4,Rocky,Dry,Hot,35.5,49.4,Good,Afternoon,128.2,No,None,243.2,89.7
TASK01174,2025-12-27,MC1004,Loader,5,Due Soon,OP1002,Beginner,4.3,Earth Excavation,395.1,3.1,177.5,6.08,20.3,Rolling,Muddy,Clear,29.4,59.5,Poor,Night,217.4,No,None,485.9,123.51
TASK01175,2025-05-19,MC1003,Excavator,4,Good,OP1006,Beginner,4.2,Demolition,69.4,0.63,217.5,1.97,33.0,Rolling,Normal,Hot,37.0,52.0,Moderate,Morning,72.1,No,None,138.9,92.65
TASK01176,2025-11-27,MC1001,Excavator,1,Good,OP1008,Intermediate,1.0,Earth Excavation,403.8,5.06,195.0,8.34,2.5,Steep,Loose,Hot,35.8,44.4,Moderate,Morning,222.0,No,None,341.2,53.69
TASK01177,2025-12-24,MC1003,Excavator,4,Due Soon,OP1010,Intermediate,3.9,Material Loading,578.5,9.9,339.0,,25.4,Flat,Muddy,Clear,24.8,54.0,Good,Afternoon,229.8,No,None,358.3,55.92
TASK01178,2025-05-26,MC1007,Bulldozer,7,Good,OP1015,Expert,2.0,Trenching,131.2,0.96,437.9,3.78,11.0,Muddy,Loose,Cloudy,26.2,49.7,Good,Afternoon,104.2,No,None,133.0,27.64
TASK01179,2025-10-24,MC1003,Excavator,4,Good,OP1012,Intermediate,2.0,Demolition,73.2,0.5,185.1,1.62,29.2,Rocky,Normal,Clear,32.2,55.7,Poor,Morning,75.1,No,None,149.8,99.47
TASK01180,2025-05-29,MC1003,Excavator,4,Overdue,OP1017,Expert,4.7,Earth Excavation,172.6,1.28,236.4,3.84,9.8,Rolling,Wet,Windy,29.2,60.8,Good,Afternoon,101.7,No,Material Availability,171.5,68.63
TASK01181,2025-02-23,MC1007,Bulldozer,7,Due Soon,OP1011,Intermediate,3.2,Earth Excavation,362.9,4.26,319.2,8.72,5.4,Rocky,Wet,Clear,27.6,72.7,,Afternoon,200.7,No,None,297.2,48.08
TASK01182,2025-08-18,MC1004,Loader,5,Due Soon,OP1009,Intermediate,4.7,Material Loading,336.0,5.56,256.8,,7.1,Rolling,Loose,Rainy,20.5,82.4,,Afternoon,137.7,No,None,240.5,74.66
TASK01183,2025-05-29,MC1005,Loader,6,Good,OP1018,Expert,1.7,Grading,834.9,2.89,777.1,10.95,8.7,Flat,Muddy,Clear,31.1,73.6,Good,Afternoon,389.7,No,None,459.2,17.83
TASK01184,2025-01-01,MC1003,Excavator,4,Good,OP1003,Beginner,2.6,Earth Excavation,217.8,1.85,299.6,3.57,7.9,Rolling,,Clear,21.5,44.1,Good,Morning,125.3,No,None,194.2,54.99
TASK01185,2025-09-16,MC1001,Excavator,1,Good,OP1018,Expert,4.0,Earth Excavation,446.6,3.41,528.1,6.79,3.1,Rolling,Loose,Clear,26.1,52.3,Good,Afternoon,244.2,No,None,265.0,8.52
TASK01186,2025-06-14,MC1003,Excavator,4,Overdue,OP1017,Expert,1.8,Trenching,181.2,1.75,362.0,4.57,3.5,Rolling,Normal,Rainy,19.2,67.6,Moderate,Morning,138.2,No,None,198.5,43.63
TASK01187,2025-03-04,MC1003,Excavator,4,Good,OP1020,Expert,1.4,Grading,689.7,3.41,,10.94,8.8,Rolling,Muddy,Clear,34.0,54.8,Good,Afternoon,324.4,No,None,397.8,22.63
TASK01188,2025-09-10,MC1006,Loader,3,Good,OP1008,Intermediate,3.7,Earth Excavation,208.1,2.23,336.2,3.72,3.0,Flat,Muddy,Cloudy,24.8,70.3,Moderate,Morning,120.2,No,Operator Delay,173.1,44.01
TASK01189,2025-01-15,MC1002,Excavator,2,Good,OP1009,Intermediate,6.5,Demolition,86.6,1.01,459.9,2.83,30.0,Muddy,Loose,Cloudy,30.2,78.9,,Afternoon,85.5,No,Operator Delay,180.1,110.64
TASK01190,2025-01-20,MC1010,Excavator,10,Good,OP1006,Beginner,1.6,Material Loading,681.7,9.41,,15.14,8.9,Muddy,Loose,Clear,36.1,49.1,Good,Morning,269.0,Yes,Equipment Fault,524.8,95.09
TASK01191,2025-07-24,MC1003,Excavator,4,Good,OP1018,Expert,1.0,Earth Excavation,186.6,2.6,153.6,3.87,5.3,Rolling,Normal,Clear,29.1,52.3,Good,Morning,109.0,No,None,117.8,8.07
TASK01192,2025-08-03,MC1008,Bulldozer,8,Overdue,OP1005,Beginner,7.4,Demolition,90.7,1.17,311.2,3.31,27.5,Rocky,Normal,Rainy,18.8,78.7,Good,Night,88.7,No,None,232.7,162.34
TASK01193,2025-06-04,MC1009,Bulldozer,9,Good,OP1013,Intermediate,1.2,Material Loading,120.5,2.09,194.7,3.71,28.8,Rolling,Wet,Rainy,25.6,98.0,Good,Morning,55.8,No,None,118.7,112.72
TASK01194,2025-06-25,MC1010,Excavator,10,Good,OP1002,Beginner,1.5,Trenching,116.8,1.57,481.2,4.6,7.5,Rocky,Loose,Hot,34.9,36.0,Good,,94.4,No,None,192.4,103.81
TASK01195,2025-10-21,MC1004,Loader,5,Overdue,OP1019,Expert,2.6,Trenching,299.2,1.16,,4.98,12.8,,Muddy,Windy,29.3,59.7,Good,Afternoon,218.4,No,None,329.4,50.82
TASK01196,2025-09-13,MC1005,Loader,6,Due Soon,OP1019,Expert,3.3,Material Loading,393.2,6.49,164.3,8.03,39.9,Rolling,Wet,Windy,25.9,61.3,,Morning,159.4,No,None,238.7,49.75
TASK01197,2025-07-03,MC1003,Excavator,4,Good,OP1012,Intermediate,1.0,Demolition,159.2,1.92,102.6,2.95,33.8,Rocky,Wet,Cloudy,24.8,60.4,Good,Morning,142.2,No,None,218.9,53.94
TASK01198,2025-10-10,MC1008,Bulldozer,8,Good,OP1015,Expert,5.1,Demolition,128.0,,649.3,4.5,4.5,Muddy,Muddy,Rainy,24.4,67.6,Moderate,Afternoon,117.9,No,None,225.8,91.52
TASK01199,2025-07-26,MC1004,Loader,5,Due Soon,OP1020,Expert,3.9,Material Loading,323.7,3.87,150.1,6.12,15.6,,Loose,Clear,23.3,72.0,Good,Afternoon,133.0,No,None,165.9,24.74
TASK01200,2025-09-09,MC1003,Excavator,4,Good,OP1001,Beginner,1.4,Trenching,277.8,1.9,540.7,5.12,4.6,Flat,Muddy,Cloudy,28.5,76.9,Good,Morning,203.9,No,None,308.7,51.4
TASK01201,2025-07-15,MC1002,Excavator,2,Good,OP1018,Expert,3.1,Material Loading,154.0,3.1,,3.99,12.5,Flat,Wet,Hot,36.2,35.8,Good,Morning,68.5,No,,89.3,30.36
TASK01202,2025-11-26,MC1010,Excavator,10,Good,OP1010,Intermediate,1.1,Grading,536.8,3.43,265.1,,3.2,Rocky,Normal,Clear,27.9,48.3,Good,Morning,255.5,Yes,Equipment Fault,538.5,110.76
TASK01203,2025-09-03,MC1002,Excavator,2,Due Soon,OP1020,Expert,7.3,Material Loading,506.7,13.76,211.2,12.02,45.3,Flat,Dry,Clear,25.8,53.0,Moderate,Night,202.6,No,None,293.1,44.67
TASK01204,2025-03-02,MC1003,Excavator,4,Due Soon,OP1003,Beginner,5.8,Earth Excavation,204.6,1.59,271.0,3.68,1.3,Rocky,Normal,Clear,36.6,56.7,Moderate,Afternoon,118.4,No,None,215.0,81.59
TASK01205,2025-09-16,MC1007,Bulldozer,7,Due Soon,OP1020,Expert,3.8,Material Loading,151.8,3.33,365.1,4.95,37.0,Flat,Normal,Clear,29.9,49.1,Good,Afternoon,67.7,No,None,100.8,48.89
TASK01206,2025-08-03,MC1002,Excavator,2,Due Soon,OP1006,Beginner,5.1,Grading,450.6,3.05,360.3,7.28,14.7,Flat,Wet,Clear,30.9,71.9,Moderate,Morning,216.8,No,None,335.0,54.52
TASK01207,2025-03-05,MC1005,Loader,6,Good,OP1017,Expert,5.4,Earth Excavation,299.0,2.57,297.2,5.19,1.8,Steep,Loose,Rainy,,89.5,Good,Morning,167.5,No,None,244.6,46.03
TASK01208,2025-05-12,MC1005,Loader,6,Good,OP1002,Beginner,1.2,Grading,860.9,5.39,1049.0,15.63,9.6,Flat,Wet,Hot,34.5,36.0,Moderate,Morning,401.4,No,None,641.2,59.74
TASK01209,2025-04-03,MC1004,Loader,5,Due Soon,OP1007,Intermediate,3.3,Grading,696.2,1.71,772.8,10.71,9.9,Rocky,Dry,Cloudy,31.7,74.8,Good,Morning,327.3,No,Weather,417.5,27.56
TASK01210,2025-02-22,MC1007,Bulldozer,7,Good,OP1011,Intermediate,4.6,Grading,788.1,4.27,1457.3,17.32,6.5,Muddy,Muddy,Clear,30.8,44.0,Good,Night,368.6,No,Material Availability,679.8,84.43
TASK01211,2025-07-06,MC1005,Loader,6,Good,OP1006,Beginner,5.1,Material Loading,442.6,10.18,392.8,12.39,13.5,Rocky,Loose,Clear,33.8,63.7,Good,Afternoon,178.2,No,None,349.6,96.18
TASK01212,2025-05-16,MC1001,Excavator,1,Due Soon,OP1007,Intermediate,4.9,Material Loading,349.0,7.26,219.6,9.57,12.0,Rolling,Normal,Hot,35.6,32.8,Moderate,Night,142.6,No,None,234.0,64.1
TASK01213,2025-12-23,MC1002,Excavator,2,Good,OP1020,Expert,2.3,Earth Excavation,416.9,3.31,,7.49,5.0,Rolling,Normal,Cloudy,21.0,75.0,Moderate,Morning,228.8,No,None,269.4,17.74
TASK01214,2025-05-04,MC1006,Loader,3,Due Soon,OP1005,Beginner,1.0,Material Loading,475.1,11.93,274.6,11.17,14.7,Flat,Normal,Cloudy,18.5,61.1,,Morning,190.5,No,None,271.5,42.52
TASK01215,2025-08-21,MC1003,Excavator,4,Good,OP1002,Beginner,6.1,Earth Excavation,224.3,1.91,,3.7,7.2,Flat,Dry,Clear,33.1,60.6,Good,Afternoon,128.6,No,None,159.0,23.64
TASK01216,2025-11-28,MC1007,Bulldozer,7,Overdue,OP1013,Intermediate,1.0,Demolition,213.4,1.91,402.5,5.49,30.8,Rolling,Dry,Windy,27.0,48.1,Good,Morning,184.5,No,None,282.3,53.01
TASK01217,2025-12-09,MC1010,Excavator,10,Good,OP1007,Intermediate,1.8,Grading,353.8,1.66,357.9,6.42,,Muddy,Muddy,Clear,28.6,65.0,Good,Morning,173.2,No,None,266.4,53.81
TASK01218,2025-06-09,MC1009,Bulldozer,9,Good,OP1016,Expert,4.8,Grading,511.1,3.76,348.8,10.86,5.2,Flat,Normal,Clear,26.4,60.3,Good,Night,244.0,No,None,302.5,23.98
TASK01219,2025-12-17,MC1006,Loader,3,Due Soon,OP1013,Intermediate,1.8,Trenching,79.8,0.5,613.8,2.8,12.7,Rocky,Normal,Rainy,23.1,86.6,Good,Afternoon,69.3,No,None,139.3,101.01
TASK01220,2025-12-06,MC1009,Bulldozer,9,Due Soon,OP1005,Beginner,4.3,Trenching,179.7,0.96,543.1,6.03,,Rocky,Normal,Hot,36.3,42.3,Moderate,Morning,137.2,Yes,Equipment Fault,372.8,171.72
TASK01221,2025-10-08,MC1005,Loader,6,Good,OP1011,Intermediate,5.9,Grading,502.7,1.27,631.9,7.4,5.0,Rocky,Loose,Clear,29.2,69.7,Good,Afternoon,240.2,No,None,346.9,44.42
TASK01222,2025-04-28,MC1007,Bulldozer,7,Good,OP1006,Beginner,3.0,Demolition,59.0,0.78,136.1,1.55,18.9,Steep,Normal,Clear,30.3,50.7,Poor,Morning,64.0,No,None,123.3,92.66
TASK01223,2025-03-20,MC1002,Excavator,2,Good,OP1017,Expert,4.0,Material Loading,368.3,6.62,306.5,6.45,31.3,Flat,Wet,Cloudy,22.6,72.6,Good,Afternoon,149.9,No,None,183.1,22.15
TASK01224,2025-08-22,MC1002,Excavator,2,Good,OP1002,Beginner,5.9,Earth Excavation,257.9,2.06,117.4,4.06,4.6,Rocky,Wet,Cloudy,28.1,75.4,Moderate,Night,146.1,No,Site Condition,284.2,94.52
TASK01225,2025-03-19,MC1002,Excavator,2,Due Soon,OP1001,Beginner,6.0,Demolition,214.8,2.14,291.1,4.9,8.1,Rolling,Wet,Rainy,27.7,96.5,Good,Night,185.6,Yes,Equipment Fault,473.8,155.28
TASK01226,2025-05-23,MC1003,Excavator,4,Good,OP1013,Intermediate,6.3,Earth Excavation,334.0,5.57,548.8,8.25,9.4,Rolling,Loose,Cloudy,24.6,69.2,Good,Morning,185.7,No,None,261.1,40.6
TASK01227,2025-08-18,MC1007,Bulldozer,7,Good,OP1019,Expert,1.8,Grading,353.0,1.53,504.9,,6.2,Flat,,Cloudy,28.2,70.0,Poor,Morning,172.9,No,None,216.9,25.45
TASK01228,2025-08-19,MC1007,Bulldozer,7,Overdue,OP1020,Expert,3.9,Earth Excavation,225.0,2.08,260.7,5.13,10.7,Flat,Normal,Clear,34.1,30.7,Good,Afternoon,129.0,No,None,159.8,23.88
TASK01229,2025-02-17,MC1008,Bulldozer,8,Good,OP1012,Intermediate,2.4,Material Loading,141.1,2.48,229.7,3.45,47.4,Steep,Normal,Clear,33.7,63.6,Poor,Morning,63.6,No,None,138.6,117.92
TASK01230,2025-01-14,MC1001,Excavator,1,Good,OP1019,Expert,1.1,Material Loading,428.7,10.12,685.4,12.55,11.9,Flat,Dry,Rainy,22.1,86.9,Good,Morning,172.9,No,None,196.7,13.77
TASK01231,2025-10-06,MC1005,Loader,6,Good,OP1003,Beginner,1.0,Material Loading,269.2,5.29,195.7,6.53,5.3,Flat,Dry,Cloudy,23.2,74.9,Good,Afternoon,112.3,No,None,151.1,34.55
TASK01232,2025-05-23,MC1006,Loader,3,Good,OP1003,Beginner,1.0,Earth Excavation,93.5,1.65,199.3,2.13,,Muddy,Wet,Clear,30.1,55.2,,Morning,60.6,No,,120.2,98.35
TASK01233,2025-02-13,MC1006,Loader,3,Good,OP1017,Expert,1.2,Demolition,107.7,1.35,312.2,2.4,17.9,Rocky,Dry,Hot,37.5,,Good,Afternoon,102.0,No,None,141.0,38.24
TASK01234,2025-03-25,MC1003,Excavator,4,Good,OP1014,Expert,5.1,Trenching,274.2,2.92,201.8,5.1,1.5,Muddy,Normal,Windy,30.2,61.9,Good,Night,201.5,No,None,287.6,42.73
TASK01235,2025-09-05,MC1009,Bulldozer,9,Good,OP1011,Intermediate,2.6,Trenching,67.0,,427.0,2.72,4.1,,Normal,Rainy,23.2,82.7,Poor,Morning,60.5,No,None,109.9,81.65
TASK01236,2025-12-22,MC1007,Bulldozer,7,Due Soon,OP1012,Intermediate,5.0,Earth Excavation,267.4,,202.2,5.08,9.6,Flat,Normal,Cloudy,27.7,49.3,Good,Afternoon,151.0,No,None,198.2,31.26
TASK01237,2025-07-30,MC1010,Excavator,10,Overdue,OP1006,Beginner,4.2,Trenching,138.0,1.02,621.6,4.17,3.3,Steep,,Cloudy,25.6,67.8,Moderate,Afternoon,108.8,No,None,236.5,117.37
TASK01238,2025-03-17,MC1005,Loader,6,Due Soon,OP1009,Intermediate,7.7,Earth Excavation,228.0,2.98,,,5.4,Rolling,Dry,Cloudy,30.6,58.5,Good,Afternoon,130.6,No,None,180.5,38.21
TASK01239,2025-08-08,MC1007,Bulldozer,7,Good,OP1004,Beginner,4.9,Earth Excavation,257.4,5.06,348.3,6.77,15.9,Flat,Normal,Clear,37.2,51.5,Moderate,Afternoon,145.8,No,None,228.5,56.72
TASK01240,2025-06-29,MC1008,Bulldozer,8,Good,OP1016,Expert,1.5,Trenching,183.2,1.68,473.3,5.7,1.6,Steep,Wet,Clear,17.8,58.0,Good,Morning,139.5,No,None,182.8,31.04
TASK01241,2025-02-10,MC1006,Loader,3,Good,OP1007,Intermediate,,Demolition,65.7,0.61,700.5,2.4,52.2,Muddy,Wet,Clear,26.9,69.1,Good,Morning,69.2,No,Site Condition,175.6,153.76
TASK01242,2025-01-19,MC1005,Loader,6,Good,OP1011,Intermediate,6.6,Material Loading,569.6,12.82,489.3,12.76,14.4,Rocky,,Cloudy,29.0,67.0,,Afternoon,226.5,No,None,341.4,50.73
TASK01243,2025-12-29,MC1005,Loader,6,Due Soon,OP1019,Expert,7.6,Trenching,150.6,0.64,635.7,3.64,16.1,Steep,Dry,Rainy,25.4,87.8,Good,Night,117.4,No,None,202.3,72.32
TASK01244,2025-09-15,MC1003,Excavator,4,Good,OP1003,Beginner,1.5,Material Loading,421.0,8.53,422.3,10.49,2.2,Rocky,Normal,Windy,21.0,54.4,Good,Morning,170.0,No,None,303.8,78.71
TASK01245,2025-07-25,MC1003,Excavator,4,Due Soon,OP1007,Intermediate,3.1,Material Loading,410.4,8.27,304.8,10.16,21.2,,Wet,Cloudy,26.1,84.3,Moderate,Night,166.0,No,None,348.6,110.0
TASK01246,2025-09-12,MC1005,Loader,6,Good,OP1002,Beginner,4.5,Demolition,193.6,1.33,161.4,3.13,28.0,Flat,Normal,Clear,37.4,65.5,Moderate,Morning,169.0,No,None,237.9,40.77
TASK01247,2025-10-23,MC1010,Excavator,10,Good,OP1003,Beginner,4.8,Earth Excavation,187.4,2.77,204.4,4.83,9.3,Muddy,Normal,Clear,27.1,74.5,Moderate,Afternoon,109.5,No,None,220.3,101.19
TASK01248,2025-09-17,MC1004,Loader,5,Due Soon,OP1014,Expert,8.1,Trenching,251.8,1.5,730.4,5.83,6.9,Rocky,Wet,Hot,32.9,51.9,,Night,186.2,No,None,298.2,60.15
TASK01249,2025-02-17,MC1006,Loader,3,Overdue,OP1006,Beginner,2.9,Material Loading,567.1,8.36,,12.09,17.3,Rocky,Normal,Cloudy,25.1,95.3,Moderate,Afternoon,225.5,No,None,457.5,102.88
TASK01250,2025-03-01,MC1008,Bulldozer,8,Due Soon,OP1019,Expert,2.3,Earth Excavation,350.1,6.74,419.1,11.12,45.9,Muddy,Dry,Windy,18.8,47.4,Moderate,Afternoon,194.1,No,None,370.4,90.83
TASK01251,2025-05-10,MC1006,Loader,3,Overdue,OP1009,Intermediate,1.6,Demolition,130.4,1.91,263.7,,18.9,Muddy,Wet,Clear,32.3,,Good,Morning,119.7,No,,202.0,68.76
TASK01252,2025-12-14,MC1003,Excavator,4,Good,OP1009,Intermediate,6.5,Material Loading,436.9,10.93,531.7,12.26,15.5,Steep,Normal,Clear,31.4,75.0,Good,Afternoon,176.0,No,Material Availability,310.2,76.25
TASK01253,2025-11-02,MC1001,Excavator,1,Good,OP1012,Intermediate,1.0,Trenching,262.1,1.1,637.2,4.59,12.8,Flat,Wet,Clear,33.4,61.2,Moderate,Afternoon,193.2,No,,254.4,31.68
TASK01254,2025-06-02,MC1001,Excavator,1,Due Soon,OP1013,Intermediate,1.0,Earth Excavation,432.4,,275.1,9.37,5.8,Muddy,Loose,Cloudy,22.1,56.7,Good,Afternoon,236.8,No,None,327.2,38.18
TASK01255,2025-10-15,MC1005,Loader,6,Due Soon,OP1006,Beginner,6.3,Trenching,136.4,1.1,643.0,4.27,11.3,Rolling,Normal,Rainy,26.7,70.5,Poor,Afternoon,107.7,No,None,221.3,105.48
TASK01256,2025-02-06,MC1009,Bulldozer,9,Good,OP1011,Intermediate,2.1,Grading,271.4,1.58,1076.9,8.1,15.5,Muddy,Wet,Clear,32.7,62.6,Good,Morning,136.1,No,,228.5,67.89
TASK01257,2025-08-22,MC1009,Bulldozer,9,Good,OP1002,Beginner,5.0,Demolition,156.0,1.46,138.3,3.45,41.6,Rocky,,Clear,34.8,74.5,Good,Afternoon,139.7,No,None,254.3,82.03
TASK01258,2025-01-26,MC1007,Bulldozer,7,Good,OP1006,Beginner,3.2,Grading,327.8,2.87,649.7,7.64,18.0,Muddy,Dry,Rainy,20.6,86.2,Good,Morning,161.5,No,None,326.2,101.98
TASK01259,2025-09-02,MC1008,Bulldozer,8,Good,OP1014,Expert,3.0,Earth Excavation,251.5,3.63,,6.19,,,Dry,Windy,24.9,55.4,Moderate,Afternoon,142.8,No,Material Availability,179.9,25.98
TASK01260,2025-02-20,MC1002,Excavator,2,Good,OP1020,Expert,1.7,Earth Excavation,203.9,3.98,,5.25,20.5,Flat,Loose,Rainy,26.3,75.4,Moderate,Morning,118.0,No,None,180.9,53.31
TASK01261,2025-05-31,MC1002,Excavator,2,Due Soon,OP1005,Beginner,5.6,Grading,401.1,0.96,614.0,6.82,6.2,Rocky,Normal,Clear,30.6,55.9,Good,Afternoon,194.5,No,None,331.2,70.28
TASK01262,2025-05-26,MC1004,Loader,5,Good,OP1019,Expert,3.3,Trenching,168.0,0.74,289.1,,9.4,Muddy,Normal,Cloudy,25.5,,Moderate,Morning,129.3,No,None,169.5,31.09
TASK01263,2025-09-10,MC1003,Excavator,4,Due Soon,OP1013,Intermediate,6.1,Material Loading,329.4,3.73,130.9,6.83,13.3,Steep,Muddy,Clear,,84.0,Good,Night,135.2,No,None,278.0,105.62
TASK01264,2025-10-16,MC1007,Bulldozer,7,Due Soon,OP1004,Beginner,2.6,Demolition,50.2,0.5,180.0,1.54,23.2,Steep,Normal,Cloudy,28.7,68.2,Good,Afternoon,57.1,No,None,127.3,122.94
TASK01265,2025-01-30,MC1001,Excavator,1,Due Soon,OP1005,Beginner,2.5,Trenching,172.8,2.05,215.8,3.57,38.6,Steep,Normal,Windy,33.1,,Good,Morning,132.5,No,None,269.3,103.25
TASK01266,2025-04-18,MC1008,Bulldozer,8,Good,OP1008,Intermediate,3.8,Demolition,210.6,2.66,198.6,4.59,17.7,Flat,Dry,Clear,21.8,64.8,Moderate,Afternoon,182.3,No,None,220.5,20.95
TASK01267,2025-06-26,MC1006,Loader,3,Due Soon,OP1014,Expert,4.4,Material Loading,519.3,9.21,195.3,10.86,9.9,Flat,Muddy,Clear,22.6,55.2,Moderate,Morning,207.3,No,None,305.0,47.13
TASK01268,2025-05-26,MC1006,Loader,3,Due Soon,OP1002,Beginner,4.7,Grading,502.9,2.58,1499.3,10.39,23.4,Muddy,Wet,Clear,27.6,52.6,Moderate,,240.3,No,None,523.0,117.64
TASK01269,2025-10-15,MC1002,Excavator,2,Good,OP1016,Expert,2.1,Grading,634.9,3.15,595.2,10.1,12.6,Rocky,Wet,Clear,25.1,63.1,Good,Afternoon,299.7,No,None,412.0,37.47
TASK01270,2025-02-10,MC1001,Excavator,1,Overdue,OP1015,Expert,2.2,Earth Excavation,207.4,3.14,216.2,4.86,9.6,Flat,Muddy,Rainy,30.2,87.3,Good,Morning,119.8,No,Weather,187.5,56.51
TASK01271,2025-05-01,MC1007,Bulldozer,7,Good,OP1014,Expert,4.2,Demolition,104.7,1.63,206.1,3.18,27.7,Flat,Wet,Cloudy,23.0,68.1,Good,Morning,99.7,No,None,125.0,25.38
TASK01272,2025-02-17,MC1007,Bulldozer,7,Overdue,OP1006,Beginner,1.0,Demolition,119.0,1.17,132.9,2.71,24.4,Flat,Dry,Windy,22.9,37.4,Good,Afternoon,110.9,No,Material Availability,221.7,99.91
TASK01273,2025-11-07,MC1006,Loader,3,Due Soon,OP1005,Beginner,3.4,Grading,202.2,1.17,2500.0,9.27,3.9,Rolling,Normal,Hot,37.6,,Good,Morning,105.0,No,None,192.8,83.62
TASK01274,2025-11-09,MC1006,Loader,3,Good,OP1012,Intermediate,4.2,Earth Excavation,392.7,6.55,233.4,8.74,,Muddy,Normal,Hot,33.6,42.3,Good,Afternoon,216.2,Yes,Equipment Fault,457.1,111.42
TASK01275,2025-04-14,MC1004,Loader,5,Good,OP1004,Beginner,3.3,Demolition,54.5,0.91,303.7,1.76,16.0,Flat,Dry,Clear,28.7,59.3,Moderate,Morning,60.5,Yes,Equipment Fault,147.4,143.64
TASK01276,2025-09-22,MC1004,Loader,5,Good,OP1014,Expert,7.5,Grading,557.4,3.01,742.9,9.77,32.7,Steep,Wet,Rainy,27.7,91.2,Good,Night,264.8,No,None,473.0,78.63
TASK01277,2025-04-30,MC1002,Excavator,2,Good,OP1002,Beginner,1.0,Grading,238.6,1.68,501.1,4.24,3.0,Steep,Normal,Clear,28.2,51.6,Moderate,Morning,121.3,No,None,185.7,53.09
TASK01278,2025-07-04,MC1006,Loader,3,Due Soon,OP1008,Intermediate,4.6,Material Loading,190.5,3.47,159.8,4.51,42.1,Rocky,Loose,Cloudy,24.0,80.0,Good,Afternoon,82.4,No,None,172.9,109.83
TASK01279,2025-07-31,MC1005,Loader,6,Good,OP1005,Beginner,4.2,Trenching,205.7,0.8,339.9,3.59,2.3,Flat,Dry,Clear,34.3,65.3,Moderate,Night,154.9,No,None,233.5,50.74
TASK01280,2025-05-10,MC1002,Excavator,2,Good,OP1007,Intermediate,3.8,Demolition,150.3,1.81,306.5,3.46,20.4,Rocky,Wet,Hot,34.0,49.5,Moderate,Night,135.2,No,None,278.9,106.29
TASK01281,2025-12-22,MC1008,Bulldozer,8,Good,OP1003,Beginner,4.6,Material Loading,109.8,2.42,137.9,3.68,8.5,Muddy,Normal,Clear,29.5,46.6,,Afternoon,51.7,No,None,113.4,119.34
TASK01282,2025-10-28,MC1008,Bulldozer,8,Good,OP1020,Expert,2.1,Trenching,156.2,0.53,941.3,5.86,4.3,Muddy,Normal,Clear,25.5,62.4,Good,Morning,121.2,No,None,160.3,32.26
TASK01283,2025-10-14,MC1006,Loader,3,Due Soon,OP1017,Expert,6.4,Material Loading,496.9,5.13,219.9,9.21,75.0,Flat,Dry,Rainy,27.1,72.2,Good,Morning,198.8,No,None,286.2,43.96
TASK01284,2025-08-12,MC1001,Excavator,1,Good,OP1004,Beginner,4.1,Earth Excavation,120.4,2.1,190.2,3.03,4.7,Flat,Muddy,Rainy,19.4,73.9,Good,Morning,74.6,No,None,135.2,81.23
TASK01285,2025-12-14,MC1008,Bulldozer,8,Due Soon,OP1014,Expert,5.1,Grading,835.8,2.62,925.4,15.96,3.2,Flat,Muddy,Cloudy,23.0,73.6,Moderate,Morning,390.1,No,None,542.8,39.14
TASK01286,2025-01-05,MC1003,Excavator,4,Due Soon,OP1012,Intermediate,5.6,Earth Excavation,367.0,7.48,212.2,10.44,16.8,Flat,Dry,Rainy,25.3,77.4,Poor,Afternoon,202.8,No,Operator Delay,358.3,76.68
TASK01287,2025-03-26,MC1007,Bulldozer,7,Good,OP1011,Intermediate,1.9,Demolition,202.8,1.62,334.0,4.43,13.9,Muddy,Loose,Cloudy,27.8,58.9,Good,Morning,176.2,No,,286.6,62.66
TASK01288,2025-05-18,MC1005,Loader,6,Due Soon,OP1009,Intermediate,4.1,Grading,494.6,1.97,886.4,8.71,15.2,Rocky,Normal,Windy,23.0,60.9,Good,,236.6,Yes,Equipment Fault,503.4,112.76
TASK01289,2025-09-05,MC1005,Loader,6,Due Soon,OP1020,Expert,1.0,Earth Excavation,400.0,5.91,430.0,9.27,,Steep,Dry,Cloudy,22.9,61.5,Good,Morning,220.0,No,None,290.0,31.82
TASK01290,2025-02-27,MC1006,Loader,3,Overdue,OP1001,Beginner,4.0,Demolition,111.5,1.36,471.2,3.01,21.7,Rocky,Wet,Cloudy,23.8,72.4,Moderate,Morning,105.0,No,None,214.5,104.29
TASK01291,2025-03-17,MC1001,Excavator,1,Good,OP1007,Intermediate,1.0,Demolition,207.0,2.29,416.4,3.64,46.3,Rolling,Loose,Clear,24.8,64.6,Poor,Afternoon,179.4,No,None,295.1,64.49
TASK01292,2025-10-01,MC1003,Excavator,4,Overdue,OP1015,Expert,2.4,Grading,405.5,3.34,833.1,8.91,14.2,Rocky,Normal,Cloudy,28.1,74.3,Good,Afternoon,196.5,No,None,275.1,40.0
TASK01293,2025-07-30,MC1004,Loader,5,Good,OP1001,Beginner,5.9,Trenching,147.9,1.01,449.5,3.23,6.6,Flat,Loose,Clear,38.3,41.4,Good,Afternoon,115.5,No,None,162.7,40.87
TASK01294,2025-10-08,MC1002,Excavator,2,Due Soon,OP1011,Intermediate,4.3,Trenching,96.2,0.85,598.5,3.14,4.0,,Dry,Clear,28.8,62.7,Good,Morning,80.4,No,None,126.3,57.09
TASK01295,2025-08-20,MC1001,Excavator,1,Good,OP1009,Intermediate,,Material Loading,256.2,4.89,490.6,6.39,17.1,Steep,Wet,Clear,21.8,43.2,Good,,107.3,No,None,192.5,79.4
TASK01296,2025-03-22,MC1007,Bulldozer,7,Good,OP1020,Expert,2.7,Earth Excavation,90.9,0.9,434.2,2.86,8.0,Muddy,Loose,Cloudy,27.7,57.7,Good,Afternoon,59.3,No,None,88.1,48.57
TASK01297,2025-04-22,MC1010,Excavator,10,Due Soon,OP1005,Beginner,3.9,Material Loading,392.3,4.36,,9.32,3.4,Rolling,Normal,Cloudy,26.8,67.1,Good,Afternoon,159.1,No,Weather,276.1,73.54
TASK01298,2025-02-19,MC1002,Excavator,2,Good,OP1009,Intermediate,4.7,Material Loading,248.6,3.67,244.1,4.69,4.8,Rolling,Loose,Clear,31.5,76.4,Poor,Afternoon,104.5,No,None,149.8,43.35
TASK01299,2025-06-16,MC1001,Excavator,1,Due Soon,OP1009,Intermediate,2.5,Grading,230.7,,1352.6,6.24,15.5,Rocky,Normal,Cloudy,25.7,60.1,Good,Morning,117.8,No,Site Condition,221.5,88.03
TASK01300,2025-02-19,MC1007,Bulldozer,7,Due Soon,OP1018,Expert,2.3,Grading,813.5,3.69,613.0,15.71,6.7,Rolling,Normal,Windy,,48.8,Moderate,,380.1,No,None,479.8,26.23
TASK01301,2025-08-02,MC1002,Excavator,2,Overdue,OP1010,Intermediate,1.0,Trenching,122.6,1.53,783.6,4.45,12.1,Steep,Muddy,Clear,27.1,47.0,,Morning,98.4,No,None,187.5,90.55
TASK01302,2025-10-03,MC1008,Bulldozer,8,Good,OP1017,Expert,1.4,Grading,758.5,,453.3,14.74,7.8,Muddy,Dry,Hot,37.2,46.6,Poor,Morning,355.3,No,None,525.3,47.85
TASK01303,2025-05-01,MC1005,Loader,6,Overdue,OP1018,Expert,2.8,Trenching,112.6,0.67,345.8,2.51,16.5,Rocky,Normal,Rainy,18.7,77.7,Moderate,Morning,91.5,No,None,137.5,50.27
TASK01304,2025-12-25,MC1004,Loader,5,Good,OP1020,Expert,1.8,Demolition,116.9,0.62,312.8,2.28,55.5,Flat,Normal,Hot,34.1,41.5,,Afternoon,109.1,No,,166.7,52.8
TASK01305,2025-10-06,MC1005,Loader,6,Good,OP1008,Intermediate,,Grading,475.6,1.86,,8.46,23.9,Rolling,Muddy,Rainy,26.5,79.9,Good,Night,228.0,No,None,424.6,86.23
TASK01306,2025-02-16,MC1010,Excavator,10,Good,OP1018,Expert,5.0,Earth Excavation,213.5,3.96,325.9,6.46,16.2,Flat,Normal,Clear,24.6,67.2,Moderate,Afternoon,123.0,No,None,157.1,27.72
TASK01307,2025-06-06,MC1008,Bulldozer,8,Good,OP1010,Intermediate,3.0,Grading,780.2,3.33,698.6,14.68,22.7,Flat,Muddy,Clear,33.6,65.1,Good,Afternoon,365.1,No,None,523.0,43.25
TASK01308,2025-11-17,MC1002,Excavator,2,Good,OP1007,Intermediate,4.7,Demolition,196.2,3.26,191.1,5.02,46.0,Rocky,Normal,Windy,27.3,56.7,Moderate,Afternoon,171.1,No,None,321.5,87.9
TASK01309,2025-07-13,MC1004,Loader,5,Good,OP1013,Intermediate,1.9,Material Loading,557.2,7.36,431.7,11.53,15.5,Steep,Dry,Cloudy,30.4,75.2,Good,Morning,221.7,No,None,298.0,34.42
TASK01310,2025-12-16,MC1006,Loader,3,Good,OP1006,Beginner,2.1,Earth Excavation,470.4,5.1,266.6,8.8,8.9,Flat,Muddy,Clear,32.5,51.9,Moderate,Morning,256.6,No,None,656.7,155.92
TASK01311,2025-01-03,MC1006,Loader,3,Due Soon,OP1014,Expert,3.9,Grading,466.3,1.79,859.7,7.21,5.0,Rolling,Wet,Clear,32.1,52.6,Poor,Night,223.8,No,None,312.4,39.59
TASK01312,2025-06-21,MC1009,Bulldozer,9,Overdue,OP1007,Intermediate,1.0,Grading,831.5,1.53,812.9,17.35,12.8,Muddy,Loose,Clear,24.3,,Good,Morning,388.2,No,None,688.8,77.43
TASK01313,2025-11-02,MC1008,Bulldozer,8,Good,OP1009,Intermediate,5.4,Demolition,78.9,0.64,496.9,2.69,46.8,Rocky,Muddy,Rainy,28.2,73.7,Good,Afternoon,79.6,No,None,210.6,164.57
TASK01314,2025-07-23,MC1009,Bulldozer,9,Good,OP1014,Expert,3.1,Earth Excavation,458.4,7.12,168.6,11.82,1.6,Flat,Dry,Cloudy,,61.5,Moderate,Afternoon,250.3,No,None,280.9,12.23
TASK01315,2025-01-06,MC1009,Bulldozer,9,Overdue,OP1001,Beginner,1.0,Demolition,53.9,0.58,308.9,2.03,38.9,Muddy,Dry,Clear,20.8,54.9,,Morning,60.1,No,Operator Delay,176.4,193.51
TASK01316,2025-02-11,MC1001,Excavator,1,Good,OP1018,Expert,1.0,Trenching,86.4,0.5,400.1,2.19,6.1,Flat,Loose,Windy,27.9,43.8,Good,Morning,73.7,No,,91.8,24.56
TASK01317,2025-01-12,MC1005,Loader,6,Due Soon,OP1008,Intermediate,6.7,Earth Excavation,414.1,7.48,261.2,9.91,6.5,Rolling,Loose,Clear,28.2,63.1,Moderate,Night,227.3,No,None,336.8,48.17
TASK01318,2025-02-16,MC1003,Excavator,4,Good,OP1009,Intermediate,5.9,Grading,382.3,1.16,634.6,6.93,15.9,,Dry,Clear,26.4,67.8,Good,Night,186.0,No,None,223.7,20.27
TASK01319,2025-09-02,MC1002,Excavator,2,Due Soon,OP1017,Expert,4.8,Earth Excavation,199.3,2.66,217.4,4.93,6.8,Steep,Normal,Rainy,23.1,80.0,Good,Morning,115.6,No,None,188.8,63.32
TASK01320,2025-01-21,MC1006,Loader,3,Good,OP1013,Intermediate,3.2,Earth Excavation,90.2,1.17,401.0,2.44,37.6,Flat,Normal,Rainy,22.0,76.2,Moderate,,58.9,No,None,122.2,107.47
TASK01321,2025-08-01,MC1005,Loader,6,Due Soon,OP1020,Expert,4.5,Grading,245.9,1.6,664.4,5.57,11.1,Rocky,Wet,Windy,28.1,49.1,Good,Morning,124.7,No,None,186.4,49.48
TASK01322,2025-09-07,MC1004,Loader,5,Due Soon,OP1019,Expert,1.0,Grading,695.6,2.99,,10.83,25.5,Flat,Dry,Windy,33.9,,Good,Morning,327.0,No,None,379.8,16.15
TASK01323,2025-04-18,MC1006,Loader,3,Good,OP1001,Beginner,6.4,Earth Excavation,232.4,2.33,120.6,4.07,10.1,Rolling,Dry,Clear,34.9,72.8,Good,Night,132.9,No,None,187.4,41.01
TASK01324,2025-07-17,MC1008,Bulldozer,8,Due Soon,OP1017,Expert,4.6,Material Loading,347.3,8.45,311.4,10.78,31.7,Flat,Normal,Clear,24.8,68.9,Good,Night,142.0,No,None,209.5,47.54
TASK01325,2025-01-27,MC1005,Loader,6,Due Soon,OP1006,Beginner,5.0,Trenching,73.5,0.52,449.0,1.95,7.4,Flat,Wet,Cloudy,28.7,53.2,Poor,,65.0,No,None,116.0,78.46
TASK01326,2025-12-14,MC1005,Loader,6,Good,OP1008,Intermediate,4.8,Material Loading,204.6,4.34,217.4,5.09,16.7,Flat,,Rainy,23.1,63.1,Good,Night,87.8,No,None,134.5,53.19
TASK01327,2025-05-04,MC1007,Bulldozer,7,Good,OP1020,Expert,4.9,Material Loading,242.4,4.77,476.9,8.03,18.5,Muddy,Normal,Rainy,21.9,92.0,Good,Morning,102.1,No,None,172.5,68.95
TASK01328,2025-01-12,MC1004,Loader,5,Good,OP1015,Expert,4.4,Demolition,180.6,2.0,112.9,3.21,46.9,,Normal,Clear,,27.1,Good,,158.9,No,None,180.7,13.72
TASK01329,2025-04-16,MC1006,Loader,3,Good,OP1007,Intermediate,5.0,Earth Excavation,211.2,1.54,,3.13,6.5,Flat,Wet,Clear,21.7,64.3,Poor,Night,121.8,No,None,151.8,24.63
TASK01330,2025-07-25,MC1007,Bulldozer,7,Due Soon,OP1016,Expert,4.4,Earth Excavation,127.2,0.97,408.1,3.48,11.1,Muddy,Wet,Clear,15.0,52.3,Good,Afternoon,78.1,No,None,133.2,70.55
TASK01331,2025-09-02,MC1004,Loader,5,Good,OP1011,Intermediate,1.0,Grading,829.8,2.05,1876.2,13.96,,Rolling,,Windy,27.3,51.0,Good,Afternoon,387.4,No,Operator Delay,657.3,69.67
TASK01332,2025-12-28,MC1005,Loader,6,Good,OP1009,Intermediate,3.5,Trenching,109.2,0.92,687.7,3.55,,Rolling,Muddy,Hot,35.5,56.3,Good,Morning,89.2,No,None,128.9,44.51
TASK01333,2025-10-28,MC1010,Excavator,10,Overdue,OP1018,Expert,2.3,Grading,567.4,3.58,469.1,,8.4,Rolling,Muddy,Clear,24.7,51.2,Good,Morning,269.3,No,None,362.4,34.57
TASK01334,2025-02-08,MC1009,Bulldozer,9,Good,OP1014,Expert,2.7,Grading,886.0,4.89,939.9,17.62,17.0,Muddy,Wet,Clear,26.7,70.7,Moderate,,412.7,Yes,Equipment Fault,766.1,85.63
TASK01335,2025-12-13,MC1001,Excavator,1,Good,OP1012,Intermediate,6.3,Trenching,194.1,2.16,664.1,3.99,1.2,Muddy,Wet,Clear,37.5,58.5,Good,Afternoon,147.0,No,None,223.9,52.31
TASK01336,2025-07-16,MC1007,Bulldozer,7,Good,OP1012,Intermediate,1.8,Earth Excavation,134.8,1.37,219.9,3.23,4.1,Flat,Dry,Clear,28.9,88.5,Good,,82.1,No,None,93.3,13.64
TASK01337,2025-11-01,MC1002,Excavator,2,Due Soon,OP1016,Expert,1.3,Material Loading,439.3,9.9,390.8,,19.2,Rocky,Muddy,Rainy,,76.7,Poor,Morning,177.0,No,None,368.1,107.97
TASK01338,2025-10-17,MC1001,Excavator,1,Good,OP1001,Beginner,3.3,Grading,466.4,3.25,700.0,8.19,6.8,Flat,,Clear,31.2,81.8,Good,Morning,223.9,No,None,284.8,27.2
TASK01339,2025-06-28,MC1004,Loader,5,Overdue,OP1012,Intermediate,4.5,Demolition,176.8,2.22,168.4,3.9,26.0,Rolling,Normal,Clear,28.5,69.3,Moderate,Afternoon,155.9,No,None,267.4,71.52
TASK01340,2025-02-02,MC1007,Bulldozer,7,Overdue,OP1014,Expert,4.5,Trenching,61.5,0.5,409.4,,13.8,Flat,Normal,Clear,31.7,54.4,Good,Afternoon,56.8,No,,75.2,32.39
TASK01341,2025-07-17,MC1005,Loader,6,Overdue,OP1014,Expert,1.2,Grading,373.8,,1016.2,8.88,22.1,Rocky,Wet,Hot,34.7,49.5,Good,Morning,182.2,No,Material Availability,317.0,73.98
TASK01342,2025-11-01,MC1010,Excavator,10,Good,OP1002,Beginner,7.5,Demolition,184.3,1.04,310.3,3.01,7.8,Rocky,Dry,Cloudy,25.8,70.0,Good,Night,161.8,No,None,346.0,113.84
TASK01343,2025-09-22,MC1009,Bulldozer,9,Good,OP1014,Expert,1.0,Trenching,199.0,1.26,300.4,4.28,2.3,Flat,Normal,Cloudy,25.6,,Moderate,Afternoon,150.3,No,None,169.9,13.04
TASK01344,2025-09-20,MC1008,Bulldozer,8,Due Soon,OP1007,Intermediate,9.0,Earth Excavation,227.3,2.55,369.3,6.8,5.0,Rolling,Wet,Hot,36.8,56.0,Poor,Night,130.2,No,,261.4,100.77
TASK01345,2025-05-25,MC1007,Bulldozer,7,Overdue,OP1006,Beginner,3.8,Demolition,217.4,,178.9,6.67,18.7,Muddy,Muddy,Clear,34.0,54.8,Good,Night,187.6,No,,433.9,131.29
TASK01346,2025-08-30,MC1008,Bulldozer,8,Overdue,OP1011,Intermediate,,Earth Excavation,222.1,1.51,261.8,5.38,3.8,Muddy,Dry,Clear,32.3,44.5,Poor,Afternoon,127.5,No,None,249.9,96.0
TASK01347,2025-04-12,MC1002,Excavator,2,Good,OP1020,Expert,3.9,Earth Excavation,358.2,4.69,388.7,7.11,2.8,Flat,Wet,Cloudy,26.8,58.6,,Night,198.3,No,None,245.8,23.95
TASK01348,2025-10-10,MC1010,Excavator,10,Good,OP1006,Beginner,2.8,Material Loading,410.9,8.64,209.6,10.7,23.9,Muddy,Dry,Rainy,25.9,81.1,Moderate,Morning,166.1,No,None,380.4,129.02
TASK01349,2025-11-26,MC1003,Excavator,4,Good,OP1016,Expert,5.7,Material Loading,591.1,11.46,156.7,14.97,,Muddy,Wet,Hot,32.8,,Moderate,Night,234.6,No,None,402.0,71.36
TASK01350,2025-06-03,MC1007,Bulldozer,7,Due Soon,OP1016,Expert,2.0,Earth Excavation,365.2,5.93,249.3,9.27,10.7,Steep,Loose,Clear,24.3,80.0,Poor,Morning,201.9,No,None,297.4,47.3
TASK01351,2025-10-19,MC1007,Bulldozer,7,Overdue,OP1013,Intermediate,4.7,Earth Excavation,260.8,2.46,330.9,5.43,11.8,Muddy,Dry,Clear,29.7,53.1,Good,Afternoon,147.6,No,None,220.0,49.05
TASK01352,2025-11-15,MC1005,Loader,6,Due Soon,OP1008,Intermediate,3.5,Trenching,250.7,2.07,191.9,4.46,6.0,Steep,Wet,Clear,30.9,61.1,Good,,185.4,No,None,267.9,44.5
TASK01353,2025-01-26,MC1010,Excavator,10,Due Soon,OP1006,Beginner,7.1,Grading,251.3,1.5,667.2,7.05,2.0,Rocky,Muddy,Hot,35.2,32.5,Good,Afternoon,127.1,No,None,318.6,150.67
TASK01354,2025-05-04,MC1007,Bulldozer,7,Good,OP1012,Intermediate,6.8,Demolition,129.7,0.62,388.1,3.56,21.7,Rocky,Wet,Rainy,32.0,88.8,Good,,119.1,No,None,256.9,115.7
TASK01355,2025-07-26,MC1010,Excavator,10,Good,OP1001,Beginner,6.3,Earth Excavation,112.7,1.69,700.0,4.16,8.6,Rolling,Normal,Rainy,24.0,81.1,,Afternoon,70.6,No,None,164.6,133.14
TASK01356,2025-05-28,MC1008,Bulldozer,8,Due Soon,OP1012,Intermediate,2.2,Earth Excavation,213.4,2.85,145.1,5.58,4.0,Steep,Normal,Rainy,25.0,74.3,Good,Morning,123.0,No,Site Condition,230.2,87.15
TASK01357,2025-01-27,MC1003,Excavator,4,Good,OP1006,Beginner,6.5,Material Loading,520.2,7.53,787.3,11.83,33.3,Flat,Normal,Cloudy,22.6,58.3,Good,Night,207.7,No,None,337.7,62.59
TASK01358,2025-12-18,MC1004,Loader,5,Good,OP1015,Expert,4.9,Material Loading,401.8,5.81,353.3,8.8,39.3,Steep,Dry,Windy,32.4,69.0,Poor,Afternoon,162.7,No,,306.5,88.38
TASK01359,2025-12-31,MC1007,Bulldozer,7,Due Soon,OP1015,Expert,2.9,Trenching,56.8,0.5,710.6,3.63,6.5,Rocky,Normal,Hot,32.4,59.2,Good,Afternoon,53.7,No,None,85.6,59.4
TASK01360,2025-09-01,MC1008,Bulldozer,8,Good,OP1004,Beginner,,Earth Excavation,369.9,4.41,231.6,8.36,4.3,Rolling,Dry,Clear,22.2,52.9,Good,Afternoon,204.3,No,None,261.4,27.95
TASK01361,2025-08-14,MC1001,Excavator,1,Due Soon,OP1009,Intermediate,2.2,Demolition,115.1,1.82,370.9,,32.7,Rolling,Normal,Rainy,21.0,84.8,Good,Afternoon,107.8,No,None,176.6,63.82
TASK01362,2025-12-23,MC1009,Bulldozer,9,Good,OP1015,Expert,2.8,Demolition,136.8,0.91,363.6,3.12,,,,Clear,24.6,78.4,Moderate,Morning,124.7,No,None,175.6,40.82
TASK01363,2025-06-30,MC1002,Excavator,2,Good,OP1006,Beginner,5.0,Demolition,51.0,0.52,216.0,1.44,57.2,Steep,Dry,Cloudy,26.9,69.8,Good,Afternoon,57.8,No,None,139.2,140.83
TASK01364,2025-01-28,MC1003,Excavator,4,Due Soon,OP1012,Intermediate,1.5,Material Loading,461.3,5.87,209.5,9.17,17.8,Flat,Normal,Clear,32.4,56.0,Good,Morning,185.3,No,None,232.7,25.58
TASK01365,2025-11-18,MC1007,Bulldozer,7,Good,OP1010,Intermediate,7.7,Grading,580.7,1.87,,13.99,9.6,Steep,Normal,Rainy,29.0,75.0,Poor,,275.3,No,None,571.5,107.59
TASK01366,2025-04-01,MC1007,Bulldozer,7,Due Soon,OP1015,Expert,4.3,Grading,378.9,1.7,553.9,7.56,3.4,Rocky,Loose,Cloudy,22.8,54.0,Poor,Night,184.5,No,None,285.9,54.96
TASK01367,2025-02-28,MC1003,Excavator,4,Good,OP1008,Intermediate,,Demolition,175.5,2.15,163.9,3.58,45.9,Rolling,Normal,Cloudy,25.1,71.4,Poor,Morning,154.9,Yes,Equipment Fault,308.9,99.42
TASK01368,2025-02-23,MC1003,Excavator,4,Good,OP1009,Intermediate,4.6,Trenching,90.8,0.54,977.9,3.87,7.2,Rolling,Normal,Rainy,27.5,80.1,Good,Night,76.7,No,Weather,149.7,95.18
TASK01369,2025-07-13,MC1001,Excavator,1,Due Soon,OP1018,Expert,5.0,Earth Excavation,382.6,2.55,301.7,6.64,2.4,Muddy,Loose,Rainy,26.5,85.6,Moderate,Morning,211.0,Yes,Equipment Fault,481.0,127.96
TASK01370,2025-09-16,MC1010,Excavator,10,Overdue,OP1013,Intermediate,5.0,Earth Excavation,344.3,5.84,412.9,11.15,18.2,Rocky,Normal,Rainy,24.4,85.0,Good,Afternoon,191.0,No,None,361.6,89.32
TASK01371,2025-01-26,MC1009,Bulldozer,9,Due Soon,OP1003,Beginner,1.3,Material Loading,150.4,3.89,352.9,5.96,8.7,Steep,Dry,Clear,27.2,50.2,Good,Morning,67.2,No,None,128.7,91.52
TASK01372,2025-07-29,MC1001,Excavator,1,Good,OP1017,Expert,4.5,Material Loading,237.5,3.0,496.4,5.27,7.9,Rocky,Dry,Windy,24.8,54.1,Moderate,Night,100.3,No,None,254.2,153.44
TASK01373,2025-06-02,MC1002,Excavator,2,Good,OP1008,Intermediate,2.0,Trenching,218.9,2.03,227.8,3.78,15.9,Flat,Muddy,Clear,32.0,89.5,Good,Morning,163.9,No,None,198.5,21.11
TASK01374,2025-03-01,MC1008,Bulldozer,8,Overdue,OP1016,Expert,1.5,Earth Excavation,374.7,6.86,156.9,11.93,11.6,Rocky,Normal,Rainy,22.8,80.6,Good,Afternoon,206.9,No,None,317.2,53.31
TASK01375,2025-08-29,MC1001,Excavator,1,Due Soon,OP1020,Expert,1.9,Earth Excavation,292.1,3.18,219.7,5.93,6.0,Flat,Dry,Cloudy,19.8,72.6,Good,Afternoon,163.9,No,None,166.7,1.71
TASK01376,2025-05-06,MC1008,Bulldozer,8,Due Soon,OP1007,Intermediate,4.4,Grading,655.3,6.21,1066.7,18.08,12.1,Rocky,Muddy,Rainy,23.6,77.5,Good,Afternoon,308.9,No,None,716.0,131.79
TASK01377,2025-07-24,MC1010,Excavator,10,Good,OP1005,Beginner,,Earth Excavation,316.7,2.05,116.0,5.83,4.4,Rolling,Normal,Hot,32.9,25.0,,Night,176.7,No,None,303.9,71.99
TASK01378,2025-08-25,MC1007,Bulldozer,7,Good,OP1019,Expert,2.3,Grading,874.8,2.68,340.4,14.56,14.5,Rolling,Wet,Hot,33.5,42.5,Good,Afternoon,407.6,No,Operator Delay,563.3,38.2
TASK01379,2025-09-23,MC1001,Excavator,1,Due Soon,OP1013,Intermediate,1.3,Trenching,90.0,0.5,190.1,1.61,6.2,Muddy,Dry,Hot,37.4,,Good,Afternoon,76.2,Yes,Equipment Fault,237.0,211.02
TASK01380,2025-03-12,MC1010,Excavator,10,Good,OP1019,Expert,6.2,Trenching,299.0,2.62,679.1,7.46,1.6,Muddy,Normal,Clear,31.5,50.9,Moderate,Afternoon,218.3,No,None,321.0,47.05
TASK01381,2025-02-13,MC1006,Loader,3,Overdue,OP1012,Intermediate,4.7,Earth Excavation,415.1,2.96,264.5,6.25,16.9,Rolling,Wet,Clear,26.1,56.8,Good,Afternoon,227.9,No,None,352.6,54.72
TASK01382,2025-07-06,MC1004,Loader,5,Due Soon,OP1016,Expert,1.0,Earth Excavation,354.7,6.0,565.2,8.02,15.2,Steep,Wet,Clear,25.2,,,Morning,196.4,No,None,266.5,35.69
TASK01383,2025-11-11,MC1001,Excavator,1,Good,OP1003,Beginner,5.2,Earth Excavation,119.2,1.57,297.2,2.94,1.1,Rolling,Normal,Rainy,,77.4,Good,Afternoon,74.0,No,None,120.7,63.11
TASK01384,2025-03-18,MC1006,Loader,3,Good,OP1011,Intermediate,2.7,Demolition,54.1,0.83,276.2,1.52,10.9,Flat,Normal,Windy,35.2,59.5,Moderate,Morning,60.2,No,None,82.8,37.54
TASK01385,2025-06-08,MC1010,Excavator,10,Good,OP1010,Intermediate,3.2,Material Loading,237.5,6.04,222.5,7.16,7.7,Muddy,Muddy,Cloudy,26.3,69.2,Moderate,Morning,100.2,No,None,213.0,112.57
TASK01386,2025-06-02,MC1004,Loader,5,Good,OP1014,Expert,5.3,Demolition,103.8,1.12,103.4,1.66,,Muddy,Wet,Rainy,25.3,87.4,Good,Afternoon,99.0,No,None,174.1,75.86
TASK01387,2025-05-26,MC1001,Excavator,1,Good,OP1014,Expert,,Trenching,128.7,1.32,915.1,3.99,3.9,,Muddy,Cloudy,27.2,70.6,Good,Afternoon,102.5,No,None,154.2,50.44
TASK01388,2025-10-13,MC1003,Excavator,4,Due Soon,OP1013,Intermediate,7.4,Grading,341.2,2.83,1130.8,8.24,26.4,Muddy,Muddy,Rainy,22.5,87.1,Good,Night,167.5,No,None,354.8,111.82
TASK01389,2025-11-05,MC1010,Excavator,10,Good,OP1011,Intermediate,1.2,Demolition,119.1,2.0,290.9,3.36,31.3,Flat,Muddy,Cloudy,28.7,,Moderate,Morning,110.9,No,None,196.0,76.74
TASK01390,2025-01-28,MC1002,Excavator,2,Overdue,OP1012,Intermediate,5.5,Material Loading,111.6,1.22,266.7,2.81,16.8,Steep,Loose,Clear,25.9,72.1,Moderate,Morning,52.4,No,None,96.5,84.16
TASK01391,2025-06-19,MC1009,Bulldozer,9,Good,OP1011,Intermediate,3.2,Earth Excavation,262.9,2.18,312.1,,5.0,Rolling,Normal,Clear,31.3,50.4,Moderate,Morning,148.7,No,None,201.2,35.31
TASK01392,2025-06-01,MC1002,Excavator,2,Good,OP1001,Beginner,2.9,Material Loading,129.4,2.02,112.9,3.17,19.1,Rolling,Wet,Hot,35.6,26.9,Good,Morning,59.2,No,None,115.9,95.78
TASK01393,2025-11-17,MC1003,Excavator,4,Good,OP1020,Expert,1.4,Demolition,143.7,1.18,243.8,2.99,,Muddy,Normal,Clear,23.9,62.2,Good,Morning,130.1,No,None,183.5,41.05
TASK01394,2025-04-29,MC1006,Loader,3,Good,OP1014,Expert,1.0,Material Loading,531.1,5.3,,9.01,43.2,Flat,Normal,Windy,23.2,64.4,Good,Morning,211.8,No,None,271.1,28.0
TASK01395,2025-12-25,MC1008,Bulldozer,8,Good,OP1020,Expert,4.7,Grading,479.2,1.11,653.1,8.63,11.6,Flat,Dry,Clear,30.1,75.9,Poor,Night,229.7,Yes,Equipment Fault,435.7,89.68
TASK01396,2025-01-16,MC1001,Excavator,1,Good,OP1010,Intermediate,3.8,Grading,828.0,3.45,1001.8,13.0,,Rocky,Normal,Clear,23.6,74.2,Good,Afternoon,386.6,No,None,486.0,25.71
TASK01397,2025-06-26,MC1003,Excavator,4,Good,OP1008,Intermediate,,Material Loading,437.6,7.94,381.0,11.16,,Flat,Wet,Cloudy,22.9,77.0,Good,Afternoon,176.3,No,None,255.0,44.64
TASK01398,2025-12-11,MC1005,Loader,6,Good,OP1002,Beginner,6.7,Earth Excavation,242.7,2.71,181.6,4.95,22.5,,Dry,Windy,27.3,73.5,Poor,Afternoon,138.2,No,None,273.5,97.9
TASK01399,2025-10-03,MC1001,Excavator,1,Overdue,OP1003,Beginner,4.4,Material Loading,311.8,5.43,,8.43,10.8,Rocky,Normal,Clear,21.7,60.2,Good,Morning,128.5,No,None,231.2,79.92
TASK01400,2025-06-14,MC1002,Excavator,2,Good,OP1016,Expert,7.0,Grading,397.7,1.31,,7.17,3.7,Flat,Normal,Windy,22.5,77.6,Moderate,Night,193.0,No,None,262.6,36.06
TASK01401,2025-10-16,MC1009,Bulldozer,9,Good,OP1007,Intermediate,3.6,Earth Excavation,277.5,2.07,225.0,6.44,,Flat,Normal,Clear,30.7,,Poor,Morning,156.3,No,None,191.5,22.52
TASK01402,2025-09-22,MC1010,Excavator,10,Good,OP1016,Expert,5.4,Material Loading,458.7,9.26,,12.19,10.3,Muddy,Normal,Clear,,69.2,Moderate,Morning,184.3,No,None,283.7,53.93
TASK01403,2025-11-08,MC1007,Bulldozer,7,Good,OP1019,Expert,1.1,Trenching,298.4,2.6,545.4,7.17,11.8,Flat,Muddy,Hot,36.8,51.8,Poor,Morning,217.9,No,None,335.1,53.79
TASK01404,2025-08-03,MC1003,Excavator,4,Good,OP1012,Intermediate,8.4,Trenching,294.8,2.07,995.8,6.69,3.8,Rolling,Loose,Hot,32.7,42.5,Good,Night,215.4,No,None,400.1,85.75
TASK01405,2025-09-29,MC1007,Bulldozer,7,Good,OP1008,Intermediate,1.0,Demolition,59.5,0.55,267.4,1.75,42.4,Flat,Normal,Windy,28.7,57.6,Good,Morning,64.4,No,None,116.1,80.28
TASK01406,2025-08-10,MC1004,Loader,5,Good,OP1013,Intermediate,4.7,Demolition,104.0,,325.1,2.48,15.4,Steep,Muddy,Rainy,21.9,76.0,Good,Afternoon,99.1,No,None,193.8,95.56
TASK01407,2025-03-14,MC1003,Excavator,4,Good,OP1015,Expert,1.0,Grading,869.7,5.85,,15.51,36.0,Muddy,Muddy,Rainy,26.6,62.9,Good,Morning,405.4,No,None,691.5,70.57
TASK01408,2025-02-01,MC1002,Excavator,2,Good,OP1010,Intermediate,6.0,Grading,794.0,4.06,336.9,12.02,8.9,Steep,Dry,Hot,30.6,35.7,Good,Afternoon,371.3,No,None,595.7,60.44
TASK01409,2025-06-14,MC1002,Excavator,2,Good,OP1006,Beginner,4.8,Earth Excavation,411.7,5.07,239.5,7.8,29.4,Muddy,Wet,Windy,25.2,60.4,,Afternoon,226.1,No,None,511.7,126.32
TASK01410,2025-03-09,MC1008,Bulldozer,8,Good,OP1012,Intermediate,5.0,Earth Excavation,259.6,3.39,142.2,5.79,29.0,Flat,Wet,Rainy,25.3,87.5,Moderate,Morning,147.0,No,None,253.8,72.65
TASK01411,2025-05-28,MC1009,Bulldozer,9,Good,OP1001,Beginner,6.7,Demolition,201.1,1.47,345.6,4.59,32.8,Muddy,Normal,Cloudy,27.9,70.4,Moderate,Night,174.8,No,None,384.1,119.74
TASK01412,2025-08-24,MC1008,Bulldozer,8,Good,OP1001,Beginner,2.8,Trenching,169.3,1.7,294.2,4.68,12.2,Steep,Normal,Cloudy,27.0,72.4,Poor,Morning,130.1,No,None,212.4,63.26
TASK01413,2025-04-09,MC1001,Excavator,1,Due Soon,OP1014,Expert,4.7,Trenching,249.2,1.17,282.4,4.32,7.7,Rolling,Normal,Hot,34.5,31.8,Good,Afternoon,184.4,No,None,218.7,18.6
TASK01414,2025-11-10,MC1002,Excavator,2,Good,OP1008,Intermediate,2.0,Grading,623.7,2.78,1074.0,9.28,14.3,Muddy,Normal,Cloudy,23.5,44.3,Moderate,Afternoon,294.7,No,None,458.0,55.41
TASK01415,2025-09-10,MC1003,Excavator,4,Good,OP1002,Beginner,8.2,Demolition,103.7,0.71,336.6,2.44,30.9,Rolling,Dry,Clear,32.3,,Good,Night,98.9,No,None,184.1,86.15
TASK01416,2025-06-27,MC1007,Bulldozer,7,Good,OP1013,Intermediate,1.8,Earth Excavation,272.7,2.4,889.6,,7.7,Flat,Dry,Rainy,19.4,78.0,Good,Morning,153.8,No,None,196.4,27.7
TASK01417,2025-04-02,MC1004,Loader,5,Good,OP1006,Beginner,5.3,Material Loading,558.0,8.12,228.7,10.51,25.8,Rolling,Wet,Cloudy,20.3,53.7,Moderate,Morning,222.0,No,,370.5,66.89
TASK01418,2025-05-25,MC1001,Excavator,1,Good,OP1020,Expert,1.6,Demolition,107.5,1.72,153.3,2.39,4.7,Flat,Normal,Clear,30.4,48.6,Good,Morning,101.9,No,None,111.3,9.22
TASK01419,2025-09-02,MC1009,Bulldozer,9,Due Soon,OP1019,Expert,6.3,Grading,878.5,7.57,1006.9,21.86,,Muddy,Normal,Clear,26.1,75.6,Moderate,Afternoon,409.3,Yes,Equipment Fault,758.7,85.37
TASK01420,2025-05-31,MC1009,Bulldozer,9,Good,OP1018,Expert,4.1,Material Loading,220.6,2.75,176.7,5.2,75.0,Rolling,Wet,Rainy,23.8,83.5,Good,,93.8,No,None,214.5,128.68
TASK01421,2025-12-16,MC1005,Loader,6,Overdue,OP1011,Intermediate,1.7,Trenching,179.3,,477.4,3.95,9.2,Muddy,Dry,Clear,28.4,51.3,Moderate,Morning,136.9,No,None,209.9,53.32
TASK01422,2025-10-25,MC1002,Excavator,2,Overdue,OP1017,Expert,5.3,Trenching,111.4,1.23,609.1,3.49,6.5,,,Windy,21.4,,Good,Afternoon,90.7,No,None,123.0,35.61
TASK01423,2025-06-11,MC1001,Excavator,1,Due Soon,OP1001,Beginner,1.0,Trenching,118.4,1.4,442.9,3.27,10.5,Flat,Wet,Clear,32.3,38.2,Good,Afternoon,95.5,No,None,140.9,47.54
TASK01424,2025-12-28,MC1005,Loader,6,Good,OP1003,Beginner,1.0,Material Loading,489.0,5.57,637.9,8.43,10.1,Muddy,Dry,Cloudy,24.2,82.2,Moderate,Morning,195.8,Yes,Equipment Fault,495.6,153.12
TASK01425,2025-07-23,MC1010,Excavator,10,Overdue,OP1017,Expert,2.1,Trenching,75.9,0.5,453.1,2.78,9.3,Rolling,Normal,Rainy,24.3,84.0,Poor,Morning,66.6,No,,146.9,120.57
TASK01426,2025-08-24,MC1005,Loader,6,Good,OP1006,Beginner,5.0,Trenching,159.8,0.6,721.4,3.79,15.5,Rocky,Wet,Windy,25.4,51.9,Good,Afternoon,123.7,No,None,249.4,101.62
TASK01427,2025-11-28,MC1004,Loader,5,Good,OP1006,Beginner,3.6,Earth Excavation,307.8,3.17,188.8,5.14,7.7,Flat,Dry,Cloudy,24.4,55.9,Moderate,Afternoon,172.0,No,None,235.4,36.86
TASK01428,2025-06-01,MC1006,Loader,3,Overdue,OP1008,Intermediate,1.4,Demolition,100.5,1.28,329.9,2.64,,,Wet,Clear,28.4,46.6,Good,Morning,96.4,No,None,309.7,221.27
TASK01429,2025-03-23,MC1004,Loader,5,Good,OP1015,Expert,5.2,Grading,342.3,2.43,527.9,6.59,25.2,Muddy,,Clear,31.4,45.1,Good,Afternoon,168.0,No,None,259.7,54.58
TASK01430,2025-04-29,MC1001,Excavator,1,Good,OP1011,Intermediate,1.5,Grading,643.0,2.5,287.3,9.91,6.3,Flat,Wet,Windy,27.3,,Good,Afternoon,303.3,No,None,408.5,34.69
TASK01431,2025-08-12,MC1010,Excavator,10,Good,OP1020,Expert,7.0,Demolition,182.8,1.36,155.4,3.48,16.2,Rolling,Wet,Clear,35.2,59.2,Good,Night,160.6,No,None,270.0,68.12
TASK01432,2025-05-16,MC1006,Loader,3,Good,OP1006,Beginner,1.0,Trenching,275.3,1.13,604.2,4.63,27.7,Muddy,Muddy,Cloudy,28.9,74.9,Moderate,Morning,202.2,No,None,417.2,106.33
TASK01433,2025-05-02,MC1007,Bulldozer,7,Good,OP1015,Expert,3.8,Trenching,120.8,1.13,182.8,2.62,22.2,Flat,Wet,Cloudy,24.1,51.6,Moderate,Morning,97.1,No,None,132.6,36.56
TASK01434,2025-12-10,MC1010,Excavator,10,Good,OP1016,Expert,4.4,Grading,765.4,2.57,576.0,12.43,11.3,Steep,Normal,Clear,24.2,75.0,Moderate,Morning,358.4,No,None,496.8,38.62
TASK01435,2025-05-08,MC1006,Loader,3,Overdue,OP1011,Intermediate,2.0,Demolition,73.2,,432.7,2.07,29.7,Rolling,Wet,Clear,25.8,52.8,Good,Morning,75.1,No,None,111.0,47.8
TASK01436,2025-11-06,MC1009,Bulldozer,9,Due Soon,OP1007,Intermediate,2.2,Grading,541.9,,438.1,9.2,5.2,Muddy,Dry,Clear,27.7,47.6,Moderate,Afternoon,257.9,No,None,415.7,61.19
TASK01437,2025-01-15,MC1005,Loader,6,Good,OP1018,Expert,2.6,Material Loading,721.1,8.04,259.0,11.47,22.8,Muddy,Loose,Cloudy,27.2,75.7,Moderate,Morning,284.0,No,,473.5,66.73
TASK01438,2025-02-07,MC1003,Excavator,4,Good,OP1001,Beginner,5.2,Earth Excavation,299.5,3.84,556.0,6.48,10.1,Muddy,Normal,Cloudy,21.7,65.6,Good,Afternoon,167.7,No,None,286.9,71.08
TASK01439,2025-07-27,MC1002,Excavator,2,Good,OP1014,Expert,4.5,Trenching,150.6,0.77,294.8,2.72,12.1,Rolling,Dry,Clear,27.8,38.6,Good,,117.4,No,None,131.1,11.67
TASK01440,2025-11-11,MC1002,Excavator,2,Good,OP1001,Beginner,1.8,Earth Excavation,100.5,1.17,,1.9,,Rocky,Wet,Clear,,39.5,Moderate,Afternoon,64.2,No,None,98.2,52.96
TASK01441,2025-11-19,MC1003,Excavator,4,Good,OP1007,Intermediate,6.4,Demolition,40.2,0.53,150.9,1.08,34.7,,Muddy,Cloudy,31.1,76.4,Good,Night,49.4,No,None,105.5,113.56
TASK01442,2025-08-29,MC1009,Bulldozer,9,Due Soon,OP1017,Expert,1.0,Demolition,81.5,0.89,231.3,2.39,19.9,Rolling,Normal,Clear,33.0,75.2,Good,Morning,81.6,No,None,112.3,37.62
TASK01443,2025-06-24,MC1008,Bulldozer,8,Good,OP1001,Beginner,2.4,Earth Excavation,269.7,1.6,397.9,5.91,,Rocky,Wet,Cloudy,28.9,70.7,,Afternoon,152.3,No,None,315.2,106.96
TASK01444,2025-07-10,MC1002,Excavator,2,Good,OP1004,Beginner,4.4,Grading,398.3,2.89,722.3,7.51,6.0,Steep,Wet,Hot,35.4,38.9,Good,Afternoon,193.2,No,None,356.6,84.58
TASK01445,2025-05-05,MC1001,Excavator,1,Good,OP1018,Expert,1.8,Trenching,103.6,1.27,,4.12,16.4,Rocky,Dry,Cloudy,30.5,77.6,Moderate,Morning,85.4,No,None,125.3,46.72
TASK01446,2025-10-29,MC1010,Excavator,10,Due Soon,OP1016,Expert,3.7,Earth Excavation,425.3,7.75,322.7,,10.9,Flat,Normal,Windy,30.6,,Good,Morning,233.2,No,None,280.0,20.07
TASK01447,2025-06-17,MC1010,Excavator,10,Due Soon,OP1012,Intermediate,2.1,Grading,585.3,3.31,842.6,13.31,4.1,Rocky,Normal,Rainy,23.8,70.9,Good,Morning,277.4,No,None,456.2,64.46
TASK01448,2025-08-12,MC1005,Loader,6,Good,OP1004,Beginner,1.6,Grading,472.0,2.83,981.8,8.99,7.6,Rolling,Normal,Clear,31.2,69.8,,Afternoon,226.4,No,None,309.2,36.57
TASK01449,2025-03-27,MC1010,Excavator,10,Overdue,OP1005,Beginner,3.0,Material Loading,304.1,,230.9,7.03,9.7,Rocky,,Hot,36.1,47.3,Moderate,Afternoon,125.6,No,None,275.8,119.59
TASK01450,2025-06-17,MC1004,Loader,5,Good,OP1008,Intermediate,2.2,Material Loading,356.0,6.68,172.0,7.28,12.3,Muddy,Dry,Cloudy,27.4,62.6,,Morning,145.3,No,None,257.4,77.15
TASK01451,2025-07-05,MC1008,Bulldozer,8,Good,OP1017,Expert,4.9,Trenching,210.6,0.69,339.4,4.09,3.1,Flat,Dry,Clear,38.1,54.0,Good,Afternoon,158.2,No,None,153.4,-3.03
TASK01452,2025-10-14,MC1008,Bulldozer,8,Good,OP1019,Expert,5.0,Trenching,288.6,2.22,348.7,6.44,10.8,Rolling,Normal,Cloudy,24.5,,Poor,Afternoon,211.2,No,None,283.3,34.14
TASK01453,2025-02-21,MC1004,Loader,5,Good,OP1006,Beginner,2.4,Material Loading,147.8,3.51,344.0,4.66,59.8,Flat,Muddy,Windy,25.8,49.2,Moderate,Afternoon,66.2,No,None,182.8,176.13
TASK01454,2025-11-14,MC1009,Bulldozer,9,Good,OP1011,Intermediate,5.2,Trenching,279.3,1.43,,7.26,4.9,Muddy,,Clear,25.8,59.7,,Night,204.9,No,None,371.2,81.16
TASK01455,2025-11-14,MC1008,Bulldozer,8,Good,OP1003,Beginner,5.3,Demolition,70.3,0.82,195.0,2.19,45.7,Flat,Muddy,Rainy,22.7,85.5,Good,Night,72.8,No,None,160.5,120.47
TASK01456,2025-09-17,MC1004,Loader,5,Good,OP1018,Expert,1.3,Material Loading,267.6,4.38,161.0,5.85,13.4,Steep,Muddy,Cloudy,22.1,62.6,Good,Afternoon,111.7,No,Material Availability,206.0,84.42
TASK01457,2025-12-11,MC1005,Loader,6,Good,OP1012,Intermediate,2.8,Grading,438.8,3.49,1420.5,8.7,24.4,Flat,Loose,Clear,22.5,84.9,Good,Afternoon,211.5,No,None,277.5,31.21
TASK01458,2025-12-27,MC1004,Loader,5,Overdue,OP1018,Expert,2.2,Material Loading,297.8,6.39,448.7,6.83,23.9,Muddy,Normal,Clear,19.4,53.6,Poor,Morning,123.2,No,None,197.5,60.31
TASK01459,2025-11-02,MC1007,Bulldozer,7,Good,OP1010,Intermediate,1.0,Material Loading,362.0,9.57,425.6,12.29,23.1,Rocky,Dry,Cloudy,29.8,64.7,Good,Morning,147.6,No,None,243.6,65.04
TASK01460,2025-04-28,MC1005,Loader,6,Due Soon,OP1015,Expert,4.4,Demolition,142.1,1.95,209.1,3.37,10.9,Muddy,Loose,Windy,27.4,80.9,Good,Afternoon,128.8,No,None,200.7,55.82
TASK01461,2025-11-22,MC1006,Loader,3,Overdue,OP1016,Expert,3.1,Demolition,151.4,0.77,181.8,2.64,21.0,Rolling,Dry,Clear,21.8,52.1,Moderate,Morning,136.1,No,None,161.4,18.59
TASK01462,2025-09-17,MC1008,Bulldozer,8,Due Soon,OP1006,Beginner,3.2,Trenching,230.4,1.26,173.1,3.93,3.7,Rolling,Loose,Cloudy,27.1,68.4,Good,Afternoon,171.7,No,None,239.3,39.37
TASK01463,2025-07-29,MC1005,Loader,6,Good,OP1012,Intermediate,3.1,Earth Excavation,294.6,3.17,128.5,4.59,0.7,Rolling,Dry,Clear,,62.1,Good,Afternoon,165.2,No,None,197.9,19.79
TASK01464,2025-05-24,MC1004,Loader,5,Due Soon,OP1018,Expert,4.8,Demolition,173.2,,300.2,4.31,7.4,Flat,Dry,Clear,24.9,63.3,Moderate,Afternoon,153.1,No,None,183.7,19.99
TASK01465,2025-08-09,MC1007,Bulldozer,7,Due Soon,OP1006,Beginner,5.2,Grading,304.0,1.57,772.7,7.8,10.9,Rocky,Loose,Cloudy,26.0,65.6,Moderate,Afternoon,150.8,No,None,328.7,117.97
TASK01466,2025-11-30,MC1010,Excavator,10,Good,OP1010,Intermediate,1.1,Trenching,183.4,1.37,385.7,4.69,19.5,Flat,Normal,Cloudy,25.8,67.4,Good,Morning,139.7,No,None,212.5,52.11
TASK01467,2025-01-18,MC1007,Bulldozer,7,Good,OP1011,Intermediate,3.7,Demolition,140.9,1.87,344.8,,43.3,Muddy,Normal,Hot,33.2,46.6,Poor,Afternoon,127.9,No,Site Condition,302.1,136.2
TASK01468,2025-11-15,MC1002,Excavator,2,Good,OP1016,Expert,1.0,Demolition,65.0,0.53,,1.27,42.6,Muddy,Normal,Windy,28.8,54.3,Good,Morning,68.7,No,None,127.8,86.03
TASK01469,2025-03-20,MC1003,Excavator,4,Good,OP1016,Expert,3.9,Demolition,123.6,1.51,155.3,2.56,1.5,Flat,Normal,Hot,32.1,29.1,Good,Afternoon,114.4,No,None,111.3,-2.71
TASK01470,2025-09-26,MC1007,Bulldozer,7,Good,OP1010,Intermediate,2.4,Demolition,197.8,1.92,382.3,5.19,27.6,,Dry,Clear,31.6,48.3,Good,Morning,172.3,No,None,219.5,27.39
TASK01471,2025-06-10,MC1004,Loader,5,Due Soon,OP1004,Beginner,1.2,Material Loading,358.1,7.89,351.8,9.77,26.5,Muddy,Wet,Hot,29.3,35.6,,Morning,146.1,No,None,333.8,128.47
TASK01472,2025-03-05,MC1004,Loader,5,Good,OP1020,Expert,1.0,Demolition,102.5,1.14,252.3,2.18,23.1,Rocky,Loose,Cloudy,26.0,74.3,Moderate,Morning,97.9,No,None,137.8,40.76
TASK01473,2025-07-06,MC1001,Excavator,1,Good,OP1006,Beginner,3.6,Trenching,141.7,1.04,456.2,3.12,14.7,Rolling,Normal,Rainy,27.4,84.2,Good,Night,111.3,No,None,205.0,84.19
TASK01474,2025-01-11,MC1007,Bulldozer,7,Good,OP1017,Expert,3.9,Earth Excavation,119.7,0.72,295.9,3.04,3.9,Flat,Muddy,Clear,32.4,60.3,Moderate,Afternoon,74.2,No,None,89.7,20.89
TASK01475,2025-12-16,MC1002,Excavator,2,Good,OP1014,Expert,4.3,Grading,354.3,2.54,766.0,7.38,26.2,Rolling,Wet,Rainy,31.8,83.9,Moderate,Morning,173.4,No,None,254.6,46.83
TASK01476,2025-06-14,MC1007,Bulldozer,7,Overdue,OP1004,Beginner,4.5,Grading,878.3,2.38,1786.3,19.55,5.5,Muddy,Wet,Clear,32.7,45.7,Good,Afternoon,409.2,No,None,791.0,93.3
TASK01477,2025-03-30,MC1005,Loader,6,Overdue,OP1017,Expert,1.0,Earth Excavation,388.4,4.78,585.4,8.18,3.6,Muddy,Dry,Windy,27.4,30.6,Good,Morning,213.9,No,None,328.9,53.76
TASK01478,2025-10-11,MC1009,Bulldozer,9,Due Soon,OP1007,Intermediate,1.7,Material Loading,229.6,5.74,,8.38,16.1,Flat,Normal,Clear,29.0,53.7,Moderate,Morning,97.2,No,None,147.0,51.23
TASK01479,2025-05-02,MC1010,Excavator,10,Due Soon,OP1002,Beginner,,Trenching,94.1,0.67,526.9,,1.4,Flat,Wet,Clear,25.1,81.7,Good,Afternoon,79.0,No,Operator Delay,166.3,110.51
TASK01480,2025-12-05,MC1007,Bulldozer,7,Good,OP1005,Beginner,4.0,Grading,577.7,2.75,664.4,11.62,18.2,Steep,Wet,Windy,31.7,59.3,Moderate,Morning,274.0,No,None,494.4,80.44
TASK01481,2025-11-12,MC1002,Excavator,2,Good,OP1003,Beginner,5.0,Demolition,205.4,2.26,210.6,3.97,8.5,Muddy,Normal,Hot,32.4,25.0,Good,Afternoon,178.2,No,Site Condition,299.1,67.85
TASK01482,2025-05-16,MC1008,Bulldozer,8,Due Soon,OP1016,Expert,6.7,Demolition,54.2,0.5,150.3,1.65,6.7,Rocky,Muddy,Clear,22.9,,Good,Afternoon,60.3,No,None,96.4,59.87
TASK01483,2025-11-09,MC1010,Excavator,10,Good,OP1008,Intermediate,7.4,Material Loading,413.0,9.29,386.3,11.59,7.1,Muddy,Normal,Hot,35.3,44.4,Good,Afternoon,166.9,No,None,329.3,97.3
TASK01484,2025-03-02,MC1009,Bulldozer,9,Good,OP1016,Expert,6.6,Grading,448.7,3.38,305.6,8.73,9.1,Rolling,Wet,Clear,23.4,89.6,Moderate,Night,215.9,No,None,283.6,31.36
TASK01485,2025-05-06,MC1008,Bulldozer,8,Overdue,OP1006,Beginner,5.8,Demolition,125.8,0.74,518.1,4.08,5.2,Muddy,Loose,Hot,39.7,52.3,Good,Afternoon,116.1,No,Operator Delay,294.6,153.75
TASK01486,2025-04-30,MC1003,Excavator,4,Good,OP1007,Intermediate,3.4,Trenching,225.9,1.57,921.4,6.15,16.6,Rolling,Normal,Rainy,26.2,81.1,Poor,Afternoon,168.6,No,None,268.2,59.07
TASK01487,2025-06-18,MC1001,Excavator,1,Good,OP1009,Intermediate,5.6,Trenching,90.1,0.5,284.8,1.87,11.1,Rolling,Normal,Clear,25.5,72.2,Moderate,Morning,76.2,No,None,108.0,41.73
TASK01488,2025-02-27,MC1009,Bulldozer,9,Due Soon,OP1017,Expert,5.8,Material Loading,497.1,6.3,219.8,11.3,43.3,Rolling,Loose,Windy,19.7,73.8,Moderate,Afternoon,198.9,No,None,304.5,53.09
TASK01489,2025-12-22,MC1009,Bulldozer,9,Due Soon,OP1020,Expert,2.2,Grading,654.8,6.0,587.7,13.73,2.0,Steep,Wet,Clear,24.7,45.9,Good,Night,308.6,No,None,492.5,59.59
TASK01490,2025-04-06,MC1007,Bulldozer,7,Overdue,OP1005,Beginner,1.0,Earth Excavation,280.1,4.69,,7.6,6.0,Rolling,Normal,Cloudy,27.5,72.2,,Morning,157.6,No,None,257.9,63.64
TASK01491,2025-10-25,MC1008,Bulldozer,8,Good,OP1004,Beginner,1.8,Grading,897.9,5.03,369.8,17.87,5.1,Rocky,Dry,Clear,25.1,64.7,Good,Afternoon,418.1,No,None,640.6,53.22
TASK01492,2025-11-29,MC1009,Bulldozer,9,Due Soon,OP1003,Beginner,4.6,Earth Excavation,192.2,2.27,,7.14,31.2,Muddy,Dry,Rainy,26.0,81.8,Poor,Morning,111.9,Yes,Equipment Fault,361.1,222.7
TASK01493,2025-01-27,MC1009,Bulldozer,9,Due Soon,OP1003,Beginner,4.0,Material Loading,555.8,11.13,839.2,,14.5,Rolling,Muddy,Hot,39.6,64.8,Moderate,Afternoon,221.2,No,None,487.6,120.43
TASK01494,2025-08-07,MC1006,Loader,3,Good,OP1013,Intermediate,,Material Loading,471.2,10.47,223.7,11.41,26.9,Flat,Wet,Cloudy,25.2,58.2,Good,Morning,189.1,No,None,265.0,40.14
TASK01495,2025-07-13,MC1010,Excavator,10,Good,OP1007,Intermediate,4.6,Earth Excavation,97.4,1.37,242.8,2.58,10.2,Flat,Wet,Cloudy,23.1,74.5,Good,Morning,62.6,No,None,59.6,-4.79
TASK01496,2025-10-15,MC1005,Loader,6,Due Soon,OP1009,Intermediate,4.2,Trenching,266.6,0.98,507.8,4.29,4.4,Rolling,Normal,Hot,31.2,65.2,Good,Night,196.3,No,None,263.1,34.03
TASK01497,2025-02-25,MC1008,Bulldozer,8,Good,OP1009,Intermediate,5.8,Grading,255.4,1.7,631.7,6.61,6.3,Rocky,Muddy,Clear,31.8,45.9,,Afternoon,128.9,No,None,216.3,67.8
TASK01498,2025-05-28,MC1004,Loader,5,Good,OP1018,Expert,1.0,Trenching,88.6,0.73,764.3,3.12,7.8,Steep,Loose,Clear,34.7,46.5,Good,Morning,75.3,No,None,107.9,43.29
TASK01499,2025-02-28,MC1009,Bulldozer,9,Good,OP1016,Expert,1.0,Demolition,137.3,0.79,265.6,3.0,4.1,Muddy,Loose,Clear,28.8,77.6,Good,Morning,125.1,No,None,193.8,54.92
TASK01500,2025-08-18,MC1009,Bulldozer,9,Good,OP1011,Intermediate,3.0,Demolition,201.2,2.11,170.2,5.06,42.0,Rolling,Wet,Rainy,22.9,90.2,Good,Morning,174.9,Yes,Equipment Fault,395.7,126.24
TASK01501,2025-11-02,MC1002,Excavator,2,Due Soon,OP1018,Expert,2.0,Demolition,111.6,,414.3,,,Rolling,Wet,Windy,15.6,52.5,,Afternoon,105.1,No,None,181.9,73.07
TASK01502,2025-01-29,MC1008,Bulldozer,8,Good,OP1011,Intermediate,4.6,Earth Excavation,330.3,3.78,547.7,9.13,8.0,Rocky,Wet,Cloudy,28.8,82.9,Good,Afternoon,183.8,No,None,317.7,72.85
TASK01503,2025-01-31,MC1007,Bulldozer,7,Good,OP1016,Expert,3.0,Grading,569.1,1.9,942.2,10.42,3.7,Flat,Dry,Cloudy,25.9,51.0,,Morning,270.1,No,None,260.5,-3.55
TASK01504,2025-04-17,MC1006,Loader,3,Good,OP1016,Expert,6.6,Trenching,93.0,0.5,408.6,1.91,10.8,Flat,,Clear,28.6,56.7,Good,Morning,78.2,No,None,94.4,20.72
TASK01505,2025-05-25,MC1005,Loader,6,Due Soon,OP1016,Expert,3.5,Grading,527.1,3.13,950.2,,31.0,Muddy,,Clear,32.7,48.7,Good,Morning,251.2,No,None,379.6,51.11
TASK01506,2025-11-16,MC1008,Bulldozer,8,Good,OP1020,Expert,4.3,Trenching,137.7,1.49,613.4,4.09,11.8,,Normal,Cloudy,30.0,74.6,Moderate,,108.6,No,None,183.7,69.15
TASK01507,2025-08-30,MC1008,Bulldozer,8,Due Soon,OP1019,Expert,2.1,Material Loading,393.3,4.82,628.4,9.51,7.2,Flat,Normal,Rainy,23.2,81.5,Good,Morning,159.5,No,None,220.3,38.12
TASK01508,2025-02-07,MC1008,Bulldozer,8,Good,OP1016,Expert,1.0,Material Loading,187.9,4.7,256.1,6.58,15.6,Flat,,Clear,33.8,59.1,Moderate,Afternoon,81.4,No,None,107.8,32.43
TASK01509,2025-06-15,MC1009,Bulldozer,9,Good,OP1019,Expert,3.8,Demolition,129.2,1.86,,3.82,25.9,Muddy,Normal,Clear,28.4,67.5,,Afternoon,118.7,No,,181.2,52.65
TASK01510,2025-05-30,MC1007,Bulldozer,7,Due Soon,OP1003,Beginner,2.7,Material Loading,495.4,13.46,498.6,16.85,31.1,Rolling,Wet,Rainy,,90.9,Good,Morning,198.3,No,None,440.2,121.99
TASK01511,2025-06-29,MC1008,Bulldozer,8,Good,OP1005,Beginner,8.0,Earth Excavation,143.1,1.19,639.9,4.29,6.2,Muddy,Wet,Clear,26.4,46.4,Moderate,Night,86.4,No,None,177.9,105.9
TASK01512,2025-12-28,MC1003,Excavator,4,Good,OP1011,Intermediate,3.2,Earth Excavation,415.6,4.81,131.0,7.31,7.9,Flat,Dry,Clear,25.1,68.3,Good,Afternoon,228.1,No,None,262.5,15.08
TASK01513,2025-06-11,MC1001,Excavator,1,Good,OP1016,Expert,8.4,Trenching,209.4,,873.8,4.97,9.8,Flat,Dry,Windy,28.5,42.3,Moderate,Night,157.4,No,None,193.0,22.62
TASK01514,2025-02-24,MC1001,Excavator,1,Good,OP1010,Intermediate,5.8,Material Loading,511.6,9.18,323.1,11.82,16.3,Flat,Wet,Windy,22.6,66.1,Moderate,Afternoon,204.4,No,None,306.3,49.85
TASK01515,2025-10-12,MC1006,Loader,3,Good,OP1006,Beginner,5.5,Demolition,48.5,0.5,316.8,1.25,19.5,Flat,Wet,Hot,37.6,59.0,Good,Night,55.8,No,,105.0,88.17
TASK01516,2025-09-06,MC1001,Excavator,1,Due Soon,OP1002,Beginner,4.5,Grading,679.9,4.59,501.9,11.72,7.7,Rolling,Normal,Clear,26.2,62.3,Good,Afternoon,320.0,No,,431.2,34.75
TASK01517,2025-08-02,MC1008,Bulldozer,8,Good,OP1019,Expert,1.0,Trenching,165.7,1.89,458.1,4.86,4.4,Rolling,Wet,Clear,28.1,51.2,Poor,,127.7,No,None,168.9,32.26
TASK01518,2025-07-20,MC1010,Excavator,10,Good,OP1018,Expert,5.9,Material Loading,543.8,8.4,602.2,12.76,8.8,Rocky,,Clear,26.8,64.7,Good,Morning,216.6,No,None,345.5,59.51
TASK01519,2025-03-09,MC1005,Loader,6,Good,OP1003,Beginner,3.3,Trenching,222.1,1.11,555.0,4.75,8.1,Muddy,Dry,Windy,29.1,82.4,Good,Afternoon,166.1,No,Site Condition,309.5,86.33
TASK01520,2025-10-28,MC1007,Bulldozer,7,Overdue,OP1004,Beginner,1.3,Demolition,143.5,1.79,147.7,3.64,20.3,Muddy,Dry,Rainy,23.3,92.9,Good,Morning,129.9,No,None,246.0,89.38
TASK01521,2025-05-02,MC1005,Loader,6,Good,OP1008,Intermediate,3.2,Grading,719.3,5.43,492.5,12.17,12.7,Flat,Loose,Windy,28.9,46.8,Moderate,Night,337.7,No,Site Condition,549.6,62.75
TASK01522,2025-05-05,MC1003,Excavator,4,Good,OP1001,Beginner,1.0,Material Loading,467.4,8.43,324.6,10.77,2.8,Muddy,Normal,Clear,28.4,76.9,Good,Morning,187.6,No,None,295.2,57.36
TASK01523,2025-08-16,MC1007,Bulldozer,7,Good,OP1014,Expert,1.0,Material Loading,539.9,12.41,280.3,18.13,13.4,Flat,Muddy,Clear,33.6,73.2,Good,Morning,215.2,No,None,249.7,16.03
TASK01524,2025-04-27,MC1010,Excavator,10,Overdue,OP1017,Expert,3.4,Demolition,72.3,0.94,84.6,1.96,4.5,Flat,Normal,Cloudy,23.9,47.9,Good,Morning,74.4,No,None,82.3,10.62
TASK01525,2025-09-27,MC1005,Loader,6,Good,OP1019,Expert,3.4,Material Loading,370.0,9.5,208.7,9.41,19.8,Rolling,Normal,Clear,32.2,67.6,Good,Morning,150.6,No,None,179.6,19.26
TASK01526,2025-09-22,MC1007,Bulldozer,7,Due Soon,OP1013,Intermediate,2.6,Material Loading,146.3,2.31,212.5,4.04,26.2,Steep,Dry,Hot,36.6,53.1,Good,Morning,65.6,No,None,124.3,89.48
TASK01527,2025-05-13,MC1009,Bulldozer,9,Good,OP1005,Beginner,2.3,Earth Excavation,114.6,1.65,,2.96,13.6,Rolling,Muddy,Clear,27.7,42.0,Poor,Morning,71.6,No,,159.5,122.77
TASK01528,2025-04-29,MC1007,Bulldozer,7,Good,OP1001,Beginner,5.5,Grading,584.8,4.57,696.5,12.51,,Flat,Wet,Clear,30.3,64.8,Good,Afternoon,277.2,No,None,446.1,60.93
TASK01529,2025-12-10,MC1004,Loader,5,Good,OP1007,Intermediate,2.0,Earth Excavation,167.8,3.53,409.7,4.6,5.8,Muddy,Muddy,Cloudy,24.7,55.2,Moderate,Morning,99.3,No,None,191.4,92.75
TASK01530,2025-03-10,MC1001,Excavator,1,Good,OP1001,Beginner,5.6,Demolition,206.7,1.4,165.5,3.6,41.8,Rocky,Muddy,Windy,26.4,,Good,Morning,179.2,No,None,372.2,107.7
TASK01531,2025-11-17,MC1007,Bulldozer,7,Overdue,OP1012,Intermediate,1.8,Grading,223.1,0.95,720.6,6.08,38.9,Muddy,Normal,Hot,39.6,36.2,Good,Afternoon,114.4,No,None,231.7,102.53
TASK01532,2025-09-23,MC1007,Bulldozer,7,Good,OP1002,Beginner,1.0,Earth Excavation,388.8,3.38,314.3,8.22,3.0,Steep,Loose,Windy,22.8,69.5,Good,Morning,214.2,No,None,375.4,75.26
TASK01533,2025-08-26,MC1009,Bulldozer,9,Good,OP1013,Intermediate,,Material Loading,380.0,8.83,247.0,11.98,20.6,Flat,Dry,Rainy,25.9,77.2,Good,Morning,154.4,No,None,236.7,53.3
TASK01534,2025-06-19,MC1006,Loader,3,Good,OP1003,Beginner,3.8,Earth Excavation,209.8,2.99,471.0,4.07,9.6,Muddy,Loose,Windy,21.7,31.5,Poor,Afternoon,121.1,No,None,252.1,108.18
TASK01535,2025-04-14,MC1010,Excavator,10,Due Soon,OP1006,Beginner,,Demolition,73.7,0.82,368.3,2.47,9.9,Flat,Dry,Clear,29.4,25.0,Good,Morning,75.5,No,None,100.8,33.51
TASK01536,2025-05-27,MC1004,Loader,5,Good,OP1019,Expert,,Demolition,151.6,2.24,174.4,3.46,12.9,,Dry,Windy,23.8,55.8,Moderate,Morning,136.3,No,Site Condition,232.0,70.21
TASK01537,2025-04-15,MC1001,Excavator,1,Due Soon,OP1010,Intermediate,3.3,Earth Excavation,169.4,2.51,478.1,4.81,6.6,Rocky,Muddy,Cloudy,29.5,57.8,Good,Afternoon,100.1,No,None,186.7,86.51
TASK01538,2025-05-14,MC1002,Excavator,2,Overdue,OP1005,Beginner,4.0,Earth Excavation,302.0,2.68,167.9,4.82,10.2,Muddy,Normal,Clear,28.4,58.3,Good,Afternoon,169.1,No,None,276.5,63.51
TASK01539,2025-02-23,MC1009,Bulldozer,9,Good,OP1004,Beginner,1.0,Earth Excavation,187.5,1.92,251.1,4.77,3.6,Rolling,Muddy,Hot,35.8,34.8,Moderate,Morning,109.5,No,None,207.0,89.04
TASK01540,2025-02-16,MC1001,Excavator,1,Overdue,OP1008,Intermediate,3.8,Earth Excavation,437.5,4.01,299.6,8.08,4.7,Flat,Loose,Clear,28.1,71.9,Good,Morning,239.5,No,None,288.5,20.46
TASK01541,2025-01-14,MC1005,Loader,6,Good,OP1003,Beginner,,Material Loading,552.3,5.96,311.3,8.88,19.1,Flat,,Windy,25.2,61.1,Poor,Morning,219.9,No,None,351.7,59.94
TASK01542,2025-04-16,MC1009,Bulldozer,9,Good,OP1003,Beginner,2.1,Grading,867.9,7.13,398.7,18.05,6.8,Steep,Muddy,Windy,28.1,55.6,Good,Afternoon,404.5,No,Material Availability,904.4,123.58
TASK01543,2025-01-23,MC1009,Bulldozer,9,Good,OP1009,Intermediate,1.8,Grading,216.5,1.61,510.0,4.94,3.7,Rocky,Normal,Hot,38.8,33.6,Good,Morning,111.4,No,None,174.4,56.55
TASK01544,2025-06-22,MC1008,Bulldozer,8,Due Soon,OP1002,Beginner,3.5,Trenching,102.6,0.89,244.4,2.45,5.5,Flat,Wet,Cloudy,21.9,60.5,Moderate,Afternoon,84.8,No,None,123.7,45.87
TASK01545,2025-06-03,MC1002,Excavator,2,Due Soon,OP1012,Intermediate,4.3,Demolition,91.3,0.81,283.7,2.26,59.6,Rolling,Wet,Rainy,24.6,86.0,Good,Morning,89.2,No,None,192.2,115.47
TASK01546,2025-03-31,MC1004,Loader,5,Good,OP1003,Beginner,6.8,Material Loading,270.0,6.48,262.5,6.84,11.4,Muddy,Normal,Rainy,22.8,83.9,Good,,112.6,No,None,224.8,99.64
TASK01547,2025-04-13,MC1003,Excavator,4,Due Soon,OP1013,Intermediate,4.6,Demolition,119.4,2.04,302.1,3.47,18.9,Rolling,Muddy,Rainy,19.1,80.2,Good,Afternoon,111.1,No,None,185.3,66.79
TASK01548,2025-11-02,MC1006,Loader,3,Due Soon,OP1005,Beginner,3.8,Earth Excavation,439.6,6.37,327.0,8.97,5.3,Rocky,Normal,Rainy,15.5,80.4,Good,Morning,240.6,No,None,470.6,95.59
TASK01549,2025-11-22,MC1004,Loader,5,Due Soon,OP1018,Expert,5.0,Material Loading,101.9,1.76,553.9,,5.0,Flat,Muddy,Windy,25.9,59.0,Moderate,Morning,48.7,No,None,76.8,57.7
TASK01550,2025-09-25,MC1004,Loader,5,Good,OP1018,Expert,5.0,Grading,578.6,3.17,389.7,9.74,0.6,Steep,Normal,Cloudy,21.3,79.9,Good,Morning,274.4,No,None,302.1,10.09
TASK01551,2025-09-28,MC1005,Loader,6,Good,OP1013,Intermediate,4.3,Earth Excavation,247.5,2.77,288.1,5.05,4.5,Muddy,Normal,Clear,18.5,72.5,,Afternoon,140.7,No,None,232.0,64.89
TASK01552,2025-06-12,MC1001,Excavator,1,Due Soon,OP1011,Intermediate,6.9,Trenching,282.1,2.66,720.9,6.33,0.8,Muddy,Loose,Rainy,21.8,69.5,Moderate,Night,206.8,No,,484.7,134.38
TASK01553,2025-12-18,MC1006,Loader,3,Good,OP1001,Beginner,6.3,Material Loading,155.2,,457.5,4.43,17.2,Flat,Normal,Hot,,,Good,Night,69.0,No,None,137.6,99.42
TASK01554,2025-04-02,MC1001,Excavator,1,Due Soon,OP1007,Intermediate,1.7,Demolition,177.5,1.58,176.9,3.07,31.0,Flat,Loose,Cloudy,27.5,58.3,Good,Afternoon,156.5,No,None,234.0,49.52
TASK01555,2025-11-25,MC1005,Loader,6,Good,OP1009,Intermediate,4.5,Material Loading,559.1,9.78,405.1,11.91,19.3,Rolling,Normal,Windy,31.1,68.7,Good,Afternoon,222.5,No,None,343.7,54.47
TASK01556,2025-03-01,MC1004,Loader,5,Good,OP1015,Expert,1.0,Demolition,79.8,1.26,149.4,1.72,40.9,Rocky,Muddy,Windy,19.8,48.9,Good,Morning,80.2,No,None,154.9,93.14
TASK01557,2025-03-09,MC1008,Bulldozer,8,Good,OP1020,Expert,4.0,Trenching,219.3,,322.5,4.15,25.0,Rocky,Dry,Windy,24.2,52.1,Moderate,Morning,164.1,No,None,250.0,52.35
TASK01558,2025-08-12,MC1008,Bulldozer,8,Good,OP1019,Expert,2.5,Trenching,223.3,1.13,550.4,5.32,12.8,Flat,Loose,Clear,30.7,61.1,Moderate,Afternoon,166.9,No,None,178.2,6.77
TASK01559,2025-04-22,MC1007,Bulldozer,7,Overdue,OP1006,Beginner,4.5,Grading,213.4,0.88,663.9,5.76,2.1,Rocky,Normal,Clear,26.8,62.4,Good,Morning,110.0,Yes,Equipment Fault,217.8,98.0
TASK01560,2025-11-16,MC1006,Loader,3,Overdue,OP1003,Beginner,3.2,Trenching,136.7,0.58,310.0,2.4,5.4,Rocky,Normal,Cloudy,26.2,71.1,Good,Morning,107.9,No,Weather,227.4,110.75
TASK01561,2025-07-10,MC1008,Bulldozer,8,Good,OP1013,Intermediate,6.9,Material Loading,304.2,5.42,368.7,8.32,27.2,Steep,Loose,Clear,28.3,51.7,Moderate,Morning,125.6,No,Operator Delay,240.1,91.16
TASK01562,2025-06-30,MC1006,Loader,3,Due Soon,OP1013,Intermediate,4.2,Trenching,107.1,1.13,159.7,2.13,4.5,Rolling,Loose,Cloudy,,68.0,Good,Morning,87.8,No,None,109.5,24.72
TASK01563,2025-03-18,MC1005,Loader,6,Good,OP1002,Beginner,1.0,Material Loading,187.4,2.42,329.8,3.42,23.2,Steep,Dry,Clear,23.9,63.5,,Morning,81.2,No,,141.1,73.77
TASK01564,2025-03-31,MC1008,Bulldozer,8,Good,OP1018,Expert,4.0,Grading,378.8,0.88,352.1,6.5,2.9,Flat,Wet,Cloudy,25.1,64.2,Good,Morning,184.4,No,,206.0,11.71
TASK01565,2025-08-30,MC1003,Excavator,4,Due Soon,OP1017,Expert,4.4,Earth Excavation,149.3,1.89,,3.58,11.3,,Loose,Hot,37.9,34.8,Good,Morning,89.7,No,None,117.1,30.55
TASK01566,2025-08-04,MC1008,Bulldozer,8,Good,OP1003,Beginner,1.5,Material Loading,397.5,6.02,434.4,10.53,45.9,Muddy,Wet,Clear,25.0,66.3,Good,Morning,161.0,No,None,325.1,101.93
TASK01567,2025-05-31,MC1001,Excavator,1,Overdue,OP1004,Beginner,6.7,Grading,381.2,2.26,432.9,6.99,,Rocky,Dry,Clear,25.9,59.7,Good,Afternoon,185.5,No,None,353.4,90.51
TASK01568,2025-02-20,MC1001,Excavator,1,Due Soon,OP1009,Intermediate,5.4,Trenching,264.4,0.92,371.3,3.92,0.7,Rolling,Muddy,Clear,31.2,42.3,Good,Afternoon,194.8,No,None,277.7,42.56
TASK01569,2025-12-01,MC1005,Loader,6,Due Soon,OP1008,Intermediate,3.3,Trenching,276.2,2.67,470.0,5.93,5.4,Rocky,Normal,Cloudy,,66.8,Good,Morning,202.8,No,None,278.7,37.43
TASK01570,2025-07-23,MC1003,Excavator,4,Due Soon,OP1011,Intermediate,6.2,Grading,869.3,,1461.9,16.34,17.2,Steep,Normal,Rainy,23.6,87.5,Moderate,Afternoon,405.2,No,None,771.4,90.38
TASK01571,2025-02-02,MC1006,Loader,3,Overdue,OP1011,Intermediate,3.1,Material Loading,410.3,9.1,480.7,10.11,5.0,Rocky,Dry,Clear,29.8,48.0,Good,Morning,165.9,No,None,241.6,45.63
TASK01572,2025-04-13,MC1006,Loader,3,Due Soon,OP1005,Beginner,4.7,Grading,253.1,1.85,859.3,5.01,28.8,Muddy,Loose,Rainy,19.8,86.6,Good,,127.9,No,None,296.0,131.43
TASK01573,2025-12-08,MC1004,Loader,5,Good,OP1020,Expert,7.3,Earth Excavation,203.2,2.89,257.7,4.67,3.5,Flat,Normal,Cloudy,29.4,70.2,Moderate,Night,117.7,No,None,140.0,18.95
TASK01574,2025-08-17,MC1003,Excavator,4,Overdue,OP1015,Expert,4.4,Material Loading,193.5,4.28,353.0,5.62,22.7,Flat,Muddy,Windy,36.0,83.9,Good,Morning,83.5,No,None,140.5,68.26
TASK01575,2025-10-09,MC1003,Excavator,4,Overdue,OP1004,Beginner,1.7,Earth Excavation,331.0,4.71,94.5,6.62,3.4,Steep,Muddy,Clear,36.4,83.0,,Afternoon,184.1,No,None,357.0,93.92
TASK01576,2025-11-13,MC1010,Excavator,10,Good,OP1004,Beginner,3.0,Grading,740.3,2.9,599.0,12.8,2.5,Rolling,Normal,Clear,30.1,40.1,Good,Afternoon,347.1,No,Operator Delay,544.9,56.99
TASK01577,2025-03-25,MC1004,Loader,5,Good,OP1008,Intermediate,4.8,Demolition,217.7,3.05,225.5,4.0,22.8,Flat,Dry,Clear,33.8,,Moderate,Morning,187.8,No,None,252.6,34.5
TASK01578,2025-10-05,MC1002,Excavator,2,Good,OP1008,Intermediate,6.0,Demolition,84.6,1.02,466.9,2.41,21.8,Muddy,Normal,Clear,31.7,50.7,Good,Morning,84.0,No,None,140.7,67.5
TASK01579,2025-01-03,MC1004,Loader,5,Due Soon,OP1013,Intermediate,7.9,Demolition,84.1,1.06,115.2,1.87,,Muddy,Normal,Clear,30.6,75.6,Good,Night,83.6,No,None,146.1,74.76
TASK01580,2025-04-25,MC1009,Bulldozer,9,Due Soon,OP1016,Expert,3.4,Earth Excavation,353.1,4.93,267.0,9.49,7.6,Muddy,Wet,Windy,34.8,53.3,Good,Afternoon,195.6,No,None,360.1,84.1
TASK01581,2025-07-05,MC1004,Loader,5,Good,OP1019,Expert,1.5,Earth Excavation,280.6,3.63,283.9,4.84,11.7,Flat,Normal,Clear,30.0,62.0,Moderate,Afternoon,157.9,No,None,172.6,9.31
TASK01582,2025-01-30,MC1007,Bulldozer,7,Good,OP1005,Beginner,4.9,Trenching,185.5,0.64,510.2,4.31,2.7,Rolling,Normal,Clear,27.2,59.7,Good,Afternoon,141.2,No,None,183.6,30.03
TASK01583,2025-12-18,MC1006,Loader,3,Good,OP1006,Beginner,3.7,Grading,690.1,6.32,734.6,11.69,48.0,,Wet,Rainy,24.0,89.6,Moderate,,324.5,No,None,491.8,51.56
TASK01584,2025-02-03,MC1003,Excavator,4,Due Soon,OP1006,Beginner,3.3,Demolition,60.0,0.74,653.4,3.13,,Muddy,Dry,Windy,24.1,63.6,Moderate,Afternoon,64.8,No,None,189.2,191.98
TASK01585,2025-01-26,MC1006,Loader,3,Good,OP1010,Intermediate,1.9,Demolition,140.9,,,3.17,12.0,Rocky,Wet,Cloudy,25.7,54.8,Good,Morning,127.9,No,None,179.1,40.03
TASK01586,2025-02-22,MC1010,Excavator,10,Good,OP1015,Expert,3.0,Earth Excavation,357.1,5.56,142.4,7.68,4.4,Flat,,Rainy,21.8,84.8,Good,Morning,197.7,No,,213.9,8.19
TASK01587,2025-12-09,MC1007,Bulldozer,7,Good,OP1010,Intermediate,2.1,Grading,684.1,4.26,494.7,,7.1,Flat,Muddy,Hot,40.5,,Poor,Afternoon,321.8,No,None,583.7,81.39
TASK01588,2025-02-11,MC1008,Bulldozer,8,Good,OP1018,Expert,1.9,Trenching,264.7,0.82,,5.96,4.5,Muddy,Wet,Hot,32.3,43.1,Moderate,Morning,195.0,No,None,298.6,53.13
TASK01589,2025-05-30,MC1007,Bulldozer,7,Good,OP1013,Intermediate,3.1,Grading,748.1,5.44,681.6,14.65,58.9,Rolling,Wet,Rainy,24.7,77.2,Good,Afternoon,350.6,No,None,581.9,65.97
TASK01590,2025-12-01,MC1001,Excavator,1,Good,OP1016,Expert,4.4,Earth Excavation,404.0,4.94,133.0,7.24,13.9,Muddy,Normal,Clear,32.0,74.5,Good,Morning,222.1,No,None,280.2,26.16
TASK01591,2025-09-23,MC1010,Excavator,10,Good,OP1006,Beginner,1.3,Demolition,92.8,0.91,389.1,3.37,22.1,Rolling,Wet,Hot,39.6,43.0,Good,Afternoon,90.4,No,Site Condition,208.3,130.42
TASK01592,2025-12-09,MC1010,Excavator,10,Good,OP1001,Beginner,2.0,Trenching,151.7,0.77,415.0,,9.7,Rolling,Normal,Clear,28.3,60.1,Good,Morning,118.2,No,None,153.8,30.12
TASK01593,2025-11-24,MC1006,Loader,3,Overdue,OP1020,Expert,4.4,Earth Excavation,156.1,1.28,471.9,3.59,12.6,Muddy,Normal,Cloudy,25.3,75.6,Moderate,Morning,93.2,No,None,140.3,50.54
TASK01594,2025-06-08,MC1010,Excavator,10,Overdue,OP1013,Intermediate,5.2,Demolition,165.9,,603.9,4.91,,Rocky,Loose,Clear,,84.2,Good,Afternoon,147.4,No,None,244.8,66.08
TASK01595,2025-03-08,MC1010,Excavator,10,Due Soon,OP1002,Beginner,4.0,Grading,671.5,5.29,643.1,14.19,6.3,Rolling,Wet,Cloudy,30.0,64.0,Moderate,Afternoon,316.2,No,None,552.8,74.83
TASK01596,2025-07-30,MC1002,Excavator,2,Good,OP1013,Intermediate,6.0,Material Loading,229.3,5.5,269.5,6.55,3.5,,Normal,Cloudy,25.4,45.4,Good,,97.1,No,None,148.5,52.94
TASK01597,2025-12-06,MC1005,Loader,6,Good,OP1020,Expert,2.3,Trenching,79.5,0.7,702.9,2.88,4.8,Flat,Wet,Hot,34.5,38.1,,Morning,69.0,Yes,,134.7,95.22
TASK01598,2025-04-24,MC1006,Loader,3,Overdue,OP1018,Expert,4.5,Material Loading,301.8,5.0,251.3,6.77,6.3,Rolling,Wet,Clear,28.2,66.0,Good,Night,124.7,No,None,184.5,47.96
TASK01599,2025-08-11,MC1007,Bulldozer,7,Good,OP1009,Intermediate,1.0,Grading,351.7,2.77,862.3,8.96,9.4,Rocky,Loose,Clear,34.5,70.6,Moderate,Afternoon,172.3,No,None,291.9,69.41
TASK01600,2025-07-13,MC1005,Loader,6,Good,OP1010,Intermediate,1.0,Grading,590.3,3.96,1062.7,10.5,26.8,Muddy,Muddy,Rainy,21.0,76.3,Good,Morning,279.6,No,None,573.5,105.11
TASK01601,2025-09-03,MC1008,Bulldozer,8,Good,OP1005,Beginner,,Demolition,141.7,2.09,222.0,3.82,6.4,Flat,Normal,Clear,29.7,78.6,Moderate,Afternoon,128.5,Yes,Equipment Fault,262.1,103.97
TASK01602,2025-08-11,MC1009,Bulldozer,9,Good,OP1013,Intermediate,7.4,Demolition,69.7,0.5,101.5,1.59,17.6,Rocky,Dry,Clear,31.2,,Good,Night,72.3,No,None,132.1,82.71
TASK01603,2025-10-20,MC1003,Excavator,4,Good,OP1012,Intermediate,3.4,Material Loading,175.5,2.19,409.7,4.22,14.2,Rocky,Dry,Hot,34.9,41.8,Good,Morning,76.7,No,None,115.2,50.2
TASK01604,2025-07-29,MC1010,Excavator,10,Due Soon,OP1020,Expert,1.0,Trenching,250.9,0.88,255.1,4.6,12.7,,Loose,Clear,31.2,49.2,Good,Afternoon,185.6,No,None,260.6,40.41
TASK01605,2025-10-14,MC1005,Loader,6,Good,OP1014,Expert,4.0,Earth Excavation,381.6,7.39,214.5,8.02,2.4,Rolling,Normal,Clear,26.0,55.7,Good,Morning,210.4,Yes,Equipment Fault,307.9,46.34
TASK01606,2025-01-17,MC1007,Bulldozer,7,Due Soon,OP1013,Intermediate,3.7,Earth Excavation,429.4,7.77,209.0,11.77,9.2,Flat,Normal,Hot,31.1,56.2,Good,Morning,235.3,No,None,322.6,37.1
TASK01607,2025-12-28,MC1004,Loader,5,Good,OP1013,Intermediate,1.9,Demolition,130.7,1.45,199.0,2.34,11.9,Muddy,Muddy,Clear,30.4,65.6,,Morning,119.9,No,None,187.5,56.38
TASK01608,2025-09-29,MC1009,Bulldozer,9,Good,OP1003,Beginner,4.8,Grading,415.9,2.22,595.5,8.97,19.7,Rolling,Dry,Clear,20.4,61.1,Good,Night,201.2,No,None,300.4,49.3
TASK01609,2025-03-13,MC1009,Bulldozer,9,Good,OP1012,Intermediate,1.0,Trenching,246.7,1.11,605.4,5.45,2.6,Rolling,Dry,Hot,29.3,48.4,Good,Morning,182.8,No,None,243.3,33.1
TASK01610,2025-09-09,MC1010,Excavator,10,Due Soon,OP1016,Expert,5.8,Earth Excavation,122.7,1.37,,3.18,15.8,Rocky,Dry,Clear,,55.2,Good,Afternoon,75.8,No,None,117.6,55.15
TASK01611,2025-03-26,MC1001,Excavator,1,Overdue,OP1011,Intermediate,3.7,Earth Excavation,404.7,5.45,796.9,10.13,1.5,Muddy,Dry,Clear,26.5,59.3,Good,Afternoon,222.5,No,None,340.0,52.81
TASK01612,2025-06-04,MC1003,Excavator,4,Good,OP1019,Expert,6.6,Trenching,159.0,1.33,577.1,,13.0,Rolling,Dry,Cloudy,23.8,83.0,Good,Afternoon,123.1,No,None,164.2,33.39
TASK01613,2025-03-24,MC1001,Excavator,1,Good,OP1002,Beginner,3.6,Demolition,54.4,0.57,272.4,1.49,34.0,Rolling,Muddy,Clear,23.2,60.0,Good,Morning,60.4,No,None,113.0,87.09
TASK01614,2025-05-05,MC1010,Excavator,10,Due Soon,OP1005,Beginner,6.7,Trenching,222.3,2.15,382.8,4.96,10.4,Flat,Dry,Clear,35.1,53.6,Good,Night,166.2,No,None,272.7,64.08
TASK01615,2025-07-09,MC1006,Loader,3,Good,OP1009,Intermediate,1.0,Earth Excavation,363.2,2.54,325.8,5.77,9.0,Rocky,Normal,Clear,37.6,56.6,Good,Morning,200.9,No,None,309.8,54.21
TASK01616,2025-11-02,MC1002,Excavator,2,Good,OP1002,Beginner,3.6,Trenching,270.6,1.24,517.9,4.87,3.1,Muddy,Normal,Cloudy,23.3,57.9,Good,Afternoon,199.0,No,None,270.9,36.13
TASK01617,2025-09-02,MC1003,Excavator,4,Good,OP1020,Expert,4.3,Trenching,148.1,1.22,466.0,3.44,2.9,Rolling,Normal,Hot,35.9,35.0,Moderate,Afternoon,115.7,No,Weather,158.4,36.91
TASK01618,2025-11-10,MC1010,Excavator,10,Good,OP1012,Intermediate,3.2,Trenching,249.7,1.78,881.9,5.82,2.0,Flat,Normal,Clear,28.8,32.1,Good,Afternoon,184.8,Yes,Equipment Fault,344.0,86.15
TASK01619,2025-11-01,MC1010,Excavator,10,Good,OP1010,Intermediate,6.3,Material Loading,204.8,,253.7,6.33,32.7,Steep,Wet,Windy,22.6,63.8,Good,Night,87.8,No,None,239.3,172.55
TASK01620,2025-10-30,MC1006,Loader,3,Good,OP1001,Beginner,2.3,Material Loading,332.6,7.42,567.1,8.58,37.0,Rocky,Normal,Windy,27.1,,Good,Afternoon,136.4,No,None,296.0,117.01
TASK01621,2025-02-11,MC1008,Bulldozer,8,Good,OP1011,Intermediate,4.7,Trenching,161.5,0.82,481.9,3.93,1.6,Rolling,Dry,Cloudy,24.5,54.5,,Morning,124.8,No,None,172.2,37.98
TASK01622,2025-12-18,MC1010,Excavator,10,Good,OP1006,Beginner,3.1,Material Loading,370.1,4.61,372.3,9.13,44.5,Rolling,Dry,Cloudy,31.7,49.9,Moderate,Morning,150.6,No,Material Availability,316.7,110.29
TASK01623,2025-08-05,MC1002,Excavator,2,Good,OP1012,Intermediate,2.5,Earth Excavation,199.1,1.7,211.7,3.91,18.0,Muddy,Normal,Rainy,21.1,80.2,Good,Morning,115.5,No,None,202.5,75.32
TASK01624,2025-02-19,MC1008,Bulldozer,8,Good,OP1019,Expert,5.0,Material Loading,195.7,2.31,275.8,5.13,11.8,,,Clear,29.1,35.4,Good,Afternoon,84.4,No,Material Availability,136.6,61.85
TASK01625,2025-10-20,MC1008,Bulldozer,8,Due Soon,OP1018,Expert,4.5,Demolition,160.6,1.36,487.2,4.43,28.3,Muddy,Dry,Cloudy,30.3,67.2,Moderate,Morning,143.3,No,None,236.7,65.18
TASK01626,2025-07-25,MC1005,Loader,6,Due Soon,OP1001,Beginner,4.1,Earth Excavation,331.4,2.95,177.6,6.34,14.6,Flat,Muddy,Hot,38.6,40.6,Moderate,Morning,184.4,No,None,299.9,62.64
TASK01627,2025-09-22,MC1004,Loader,5,Good,OP1002,Beginner,4.2,Demolition,188.0,1.49,109.9,3.29,16.4,Flat,Muddy,Hot,36.1,39.3,Good,Morning,164.6,No,None,283.6,72.3
TASK01628,2025-11-17,MC1005,Loader,6,Due Soon,OP1009,Intermediate,3.8,Material Loading,269.8,3.19,276.2,5.39,4.9,Rolling,Dry,Cloudy,20.4,56.9,Moderate,Morning,112.5,No,None,128.6,14.31
TASK01629,2025-12-04,MC1002,Excavator,2,Good,OP1011,Intermediate,,Trenching,197.0,1.84,545.6,4.62,,Flat,Dry,Clear,,66.7,Good,Afternoon,149.0,No,None,161.5,8.39
TASK01630,2025-09-07,MC1002,Excavator,2,Good,OP1009,Intermediate,4.4,Grading,300.9,1.76,165.1,4.56,17.5,Flat,Normal,Hot,38.4,43.2,,Morning,149.4,No,None,217.6,45.65
TASK01631,2025-03-25,MC1003,Excavator,4,Due Soon,OP1019,Expert,1.0,Earth Excavation,366.5,2.56,307.8,6.46,2.6,Flat,Loose,Rainy,26.1,79.3,Good,Morning,202.6,No,None,217.1,7.16
TASK01632,2025-02-09,MC1008,Bulldozer,8,Overdue,OP1012,Intermediate,2.6,Grading,255.6,1.38,642.2,6.29,25.8,Rolling,Wet,Rainy,22.6,83.0,Moderate,Afternoon,129.0,No,None,252.8,95.97
TASK01633,2025-08-06,MC1007,Bulldozer,7,Good,OP1001,Beginner,,Trenching,51.6,0.5,343.1,1.85,8.7,Flat,Normal,Cloudy,22.9,60.4,Good,Morning,50.1,No,Site Condition,100.0,99.6
TASK01634,2025-10-08,MC1006,Loader,3,Good,OP1007,Intermediate,6.9,Earth Excavation,340.1,5.87,856.4,9.24,11.8,Flat,Loose,Cloudy,,53.5,Good,Night,188.8,No,None,305.9,62.02
TASK01635,2025-10-23,MC1002,Excavator,2,Overdue,OP1004,Beginner,5.8,Earth Excavation,189.6,1.64,179.3,3.8,,Muddy,Normal,Windy,24.8,68.7,Moderate,Afternoon,110.6,No,None,215.6,94.94
TASK01636,2025-09-24,MC1008,Bulldozer,8,Due Soon,OP1002,Beginner,5.1,Trenching,110.2,0.5,217.9,2.55,,Rolling,Wet,Clear,25.7,69.3,Good,Afternoon,89.9,Yes,Equipment Fault,267.1,197.11
TASK01637,2025-06-10,MC1008,Bulldozer,8,Due Soon,OP1010,Intermediate,2.7,Demolition,205.1,2.78,260.1,5.0,30.2,Rocky,Normal,Cloudy,21.0,57.1,Good,Afternoon,178.0,No,None,276.1,55.11
TASK01638,2025-08-13,MC1008,Bulldozer,8,Good,OP1014,Expert,1.0,Earth Excavation,181.0,3.47,220.4,4.92,27.8,Flat,Wet,Rainy,29.7,81.0,Poor,Morning,106.1,No,None,162.8,53.44
TASK01639,2025-08-01,MC1006,Loader,3,Good,OP1003,Beginner,1.6,Grading,536.2,4.54,694.2,9.14,6.4,Flat,Dry,Rainy,23.1,89.9,Good,,255.3,No,None,385.2,50.88
TASK01640,2025-08-28,MC1004,Loader,5,Good,OP1018,Expert,1.0,Grading,479.1,1.38,798.1,7.33,16.3,Rocky,Muddy,Clear,30.1,54.2,Good,Morning,229.6,No,Operator Delay,267.9,16.68
TASK01641,2025-09-09,MC1002,Excavator,2,Good,OP1005,Beginner,6.0,Earth Excavation,106.9,1.89,121.2,2.67,4.0,Flat,Muddy,Hot,31.3,52.1,Good,Night,67.6,No,,138.8,105.33
TASK01642,2025-03-08,MC1007,Bulldozer,7,Good,OP1002,Beginner,5.8,Grading,709.8,2.36,451.9,10.82,5.9,Flat,Normal,Hot,37.5,33.8,Good,Afternoon,333.4,No,None,498.6,49.55
TASK01643,2025-02-07,MC1007,Bulldozer,7,Good,OP1012,Intermediate,3.2,Demolition,43.5,0.5,256.0,,7.2,Flat,Normal,Clear,25.7,53.9,Poor,Morning,51.9,No,None,80.2,54.53
TASK01644,2025-01-05,MC1001,Excavator,1,Overdue,OP1016,Expert,4.8,Earth Excavation,335.8,4.65,332.5,7.92,23.9,,Wet,Hot,29.9,43.3,Good,Morning,186.6,No,None,253.5,35.85
TASK01645,2025-02-11,MC1007,Bulldozer,7,Good,OP1008,Intermediate,6.3,Earth Excavation,334.9,,261.3,7.64,16.0,Muddy,Normal,Clear,28.0,62.5,Moderate,Afternoon,186.1,Yes,Equipment Fault,461.8,148.15
TASK01646,2025-07-01,MC1008,Bulldozer,8,Good,OP1012,Intermediate,3.6,Trenching,120.1,0.5,252.1,2.51,4.4,Steep,Normal,Cloudy,23.7,62.3,Good,Afternoon,96.7,No,None,137.6,42.3
TASK01647,2025-09-02,MC1005,Loader,6,Good,OP1015,Expert,1.0,Grading,750.2,2.89,675.1,11.57,7.4,Muddy,,Clear,32.0,,Good,Afternoon,351.6,No,None,472.5,34.39
TASK01648,2025-01-19,MC1007,Bulldozer,7,Good,OP1006,Beginner,3.6,Grading,883.5,3.57,624.6,15.3,16.6,Rocky,Dry,Cloudy,33.8,71.7,Moderate,Afternoon,411.6,No,None,771.1,87.34
TASK01649,2025-08-28,MC1008,Bulldozer,8,Good,OP1012,Intermediate,1.0,Earth Excavation,363.7,4.3,394.6,7.2,7.1,Flat,Dry,Clear,33.0,75.6,Good,Morning,201.1,No,None,223.5,11.14
TASK01650,2025-04-25,MC1010,Excavator,10,Good,OP1009,Intermediate,4.5,Demolition,179.6,1.84,294.8,4.34,42.7,Flat,Dry,Windy,,56.1,Moderate,Morning,158.1,No,None,267.8,69.39
TASK01651,2025-01-28,MC1010,Excavator,10,Good,OP1003,Beginner,3.9,Earth Excavation,385.3,2.56,129.0,7.51,25.3,Flat,Muddy,Rainy,21.2,76.0,Good,Afternoon,212.4,Yes,Equipment Fault,613.8,188.98
TASK01652,2025-03-11,MC1005,Loader,6,Good,OP1009,Intermediate,4.5,Earth Excavation,110.3,0.73,399.3,2.23,11.1,Flat,Normal,Cloudy,26.6,62.4,,Afternoon,69.4,No,None,78.3,12.82
TASK01653,2025-08-07,MC1004,Loader,5,Good,OP1016,Expert,1.6,Material Loading,225.9,4.39,307.3,5.89,,Steep,Dry,Rainy,24.7,96.8,Moderate,Morning,95.8,No,None,154.8,61.59
TASK01654,2025-01-29,MC1002,Excavator,2,Good,OP1010,Intermediate,3.8,Trenching,260.1,2.16,572.6,5.23,10.7,Flat,Normal,Rainy,22.9,80.9,Good,Afternoon,191.8,No,None,253.0,31.91
TASK01655,2025-10-24,MC1004,Loader,5,Good,OP1010,Intermediate,2.6,Grading,395.9,2.71,323.1,6.41,11.4,Rocky,Normal,Rainy,27.0,93.5,Moderate,Afternoon,192.2,No,None,301.9,57.08
TASK01656,2025-06-09,MC1005,Loader,6,Good,OP1013,Intermediate,1.0,Trenching,92.6,0.98,900.6,4.0,10.4,Steep,Normal,Hot,39.1,32.7,Moderate,Morning,78.0,No,None,131.5,68.59
TASK01657,2025-06-28,MC1002,Excavator,2,Good,OP1017,Expert,6.9,Trenching,188.7,2.08,280.3,3.69,6.5,Rolling,Normal,Clear,28.1,58.4,Good,Night,143.3,No,Site Condition,184.7,28.89
TASK01658,2025-09-28,MC1001,Excavator,1,Good,OP1002,Beginner,3.7,Trenching,149.0,1.65,600.3,3.88,,Rocky,Normal,Cloudy,24.4,73.8,Moderate,Morning,116.3,No,None,175.9,51.25
TASK01659,2025-08-17,MC1004,Loader,5,Good,OP1002,Beginner,5.4,Earth Excavation,336.6,6.29,337.1,7.2,4.7,Muddy,Normal,Clear,33.8,56.1,Moderate,Morning,187.0,No,None,332.4,77.75
TASK01660,2025-06-20,MC1001,Excavator,1,Good,OP1013,Intermediate,4.5,Demolition,147.1,1.97,208.1,3.22,16.4,Muddy,Normal,Cloudy,21.2,66.6,,Afternoon,132.8,No,None,193.4,45.63
TASK01661,2025-03-08,MC1001,Excavator,1,Good,OP1015,Expert,,Demolition,75.6,0.65,645.9,2.68,4.4,Muddy,Dry,Cloudy,29.1,62.8,Good,Afternoon,76.9,No,None,88.6,15.21
TASK01662,2025-11-20,MC1006,Loader,3,Overdue,OP1004,Beginner,2.2,Demolition,106.5,,564.9,3.05,25.8,Steep,Normal,Cloudy,26.5,62.3,Moderate,Morning,101.0,No,None,191.6,89.7
TASK01663,2025-05-20,MC1008,Bulldozer,8,Good,OP1011,Intermediate,6.9,Demolition,110.2,1.38,518.3,3.65,12.5,Rocky,Normal,Cloudy,25.4,60.5,Moderate,Morning,104.0,No,None,148.6,42.88
TASK01664,2025-06-02,MC1004,Loader,5,Due Soon,OP1008,Intermediate,2.8,Material Loading,291.3,3.35,294.1,5.03,13.8,Flat,Dry,Clear,30.3,55.8,Good,Afternoon,120.7,No,None,138.4,14.66
TASK01665,2025-01-17,MC1004,Loader,5,Due Soon,OP1006,Beginner,4.9,Earth Excavation,321.7,4.53,464.4,7.12,13.8,Rocky,,Rainy,23.8,92.5,,Afternoon,179.3,No,None,420.9,134.75
TASK01666,2025-03-25,MC1007,Bulldozer,7,Due Soon,OP1004,Beginner,3.6,Demolition,73.8,,208.8,2.09,21.5,Steep,Normal,Clear,33.1,25.4,Good,Afternoon,75.5,No,None,145.6,92.85
TASK01667,2025-04-19,MC1003,Excavator,4,Good,OP1013,Intermediate,2.8,Material Loading,542.0,6.6,388.7,10.9,6.9,Steep,,Clear,30.5,45.4,Good,Morning,216.0,No,None,299.9,38.84
TASK01668,2025-01-06,MC1008,Bulldozer,8,Good,OP1003,Beginner,1.0,Material Loading,450.5,5.78,284.2,9.58,20.8,Rolling,Muddy,Clear,25.8,55.2,Good,Morning,181.2,No,None,312.4,72.41
TASK01669,2025-12-24,MC1009,Bulldozer,9,Good,OP1004,Beginner,3.3,Trenching,246.1,1.47,718.1,6.45,13.9,Steep,Wet,Windy,25.1,47.7,Moderate,Morning,182.3,No,None,336.3,84.48
TASK01670,2025-05-13,MC1009,Bulldozer,9,Overdue,OP1001,Beginner,6.3,Earth Excavation,326.2,2.25,439.7,7.07,17.3,Flat,Wet,Cloudy,26.8,83.4,Moderate,Afternoon,181.6,No,None,345.9,90.47
TASK01671,2025-07-20,MC1005,Loader,6,Good,OP1012,Intermediate,4.0,Earth Excavation,150.9,,262.3,3.25,1.8,Muddy,Normal,Clear,33.0,58.0,,Afternoon,90.5,Yes,Equipment Fault,200.8,121.88
TASK01672,2025-09-15,MC1003,Excavator,4,Due Soon,OP1014,Expert,5.1,Earth Excavation,186.7,2.03,335.1,,17.5,Muddy,Dry,Windy,30.8,44.2,Poor,Afternoon,109.1,No,None,171.7,57.38
TASK01673,2025-06-24,MC1007,Bulldozer,7,Good,OP1001,Beginner,4.0,Demolition,167.8,1.55,204.9,3.73,9.8,Rolling,Normal,Hot,31.8,58.2,Moderate,Afternoon,148.9,No,None,231.5,55.47
TASK01674,2025-04-30,MC1001,Excavator,1,Good,OP1010,Intermediate,2.6,Earth Excavation,362.8,3.52,232.5,5.68,10.9,Flat,Loose,Cloudy,28.8,,Moderate,Morning,200.7,No,None,268.7,33.88
TASK01675,2025-05-17,MC1006,Loader,3,Good,OP1009,Intermediate,3.3,Demolition,91.7,1.35,166.0,1.86,3.6,Rolling,Normal,Clear,31.5,57.8,Good,Afternoon,89.5,No,,105.8,18.21
TASK01676,2025-11-22,MC1010,Excavator,10,Overdue,OP1011,Intermediate,2.8,Demolition,57.0,,490.2,2.69,27.2,Muddy,Dry,Hot,36.3,51.5,Good,Morning,62.5,No,None,131.0,109.6
TASK01677,2025-08-21,MC1005,Loader,6,Good,OP1003,Beginner,3.8,Material Loading,150.8,2.77,451.4,4.09,17.2,Rolling,Wet,Cloudy,28.8,74.9,Good,Morning,67.3,No,None,111.2,65.23
TASK01678,2025-01-12,MC1009,Bulldozer,9,Good,OP1011,Intermediate,5.6,Demolition,132.5,2.16,291.6,4.07,12.1,Rolling,Dry,Clear,27.8,55.6,Good,Afternoon,121.4,No,None,174.0,43.33
TASK01679,2025-09-09,MC1003,Excavator,4,Overdue,OP1008,Intermediate,2.8,Material Loading,193.3,3.73,373.4,5.51,24.2,Flat,Normal,Clear,30.8,,Good,Morning,83.5,No,None,125.1,49.82
TASK01680,2025-12-16,MC1003,Excavator,4,Good,OP1016,Expert,2.4,Trenching,189.4,1.6,338.7,4.27,4.0,Muddy,Normal,Hot,34.9,39.3,Good,Morning,143.8,No,None,182.5,26.91
TASK01681,2025-11-22,MC1004,Loader,5,Good,OP1019,Expert,,Trenching,253.9,2.49,299.6,3.77,6.6,Muddy,Wet,Clear,28.2,68.8,,Afternoon,187.6,No,,261.3,39.29
TASK01682,2025-08-28,MC1009,Bulldozer,9,Good,OP1016,Expert,3.7,Earth Excavation,127.7,2.31,186.8,3.64,13.0,Rocky,Wet,Hot,33.2,51.1,Moderate,Morning,78.4,No,None,136.4,73.98
TASK01683,2025-07-06,MC1002,Excavator,2,Due Soon,OP1010,Intermediate,3.9,Grading,505.5,1.19,444.3,7.54,0.6,Muddy,Wet,Clear,35.2,62.3,Good,Afternoon,241.5,No,None,371.1,53.66
TASK01684,2025-10-19,MC1008,Bulldozer,8,Overdue,OP1015,Expert,1.0,Material Loading,221.1,2.35,333.4,5.69,33.7,Rolling,Normal,Rainy,24.9,86.1,Good,Morning,94.0,No,None,276.2,193.83
TASK01685,2025-03-29,MC1005,Loader,6,Good,OP1005,Beginner,3.3,Earth Excavation,197.1,1.74,330.1,3.59,10.6,Rolling,Wet,Clear,29.2,41.4,Good,Morning,114.5,No,None,162.8,42.18
TASK01686,2025-05-01,MC1002,Excavator,2,Good,OP1002,Beginner,3.5,Earth Excavation,183.8,1.59,362.3,4.29,17.0,Muddy,Dry,Windy,24.4,53.7,Good,Morning,107.6,No,None,186.9,73.7
TASK01687,2025-11-04,MC1001,Excavator,1,Good,OP1005,Beginner,3.8,Earth Excavation,198.4,2.75,262.6,4.1,17.1,Rolling,Wet,Clear,29.2,54.0,Good,Morning,115.2,No,None,167.6,45.49
TASK01688,2025-01-11,MC1006,Loader,3,Good,OP1008,Intermediate,3.4,Earth Excavation,435.1,4.79,382.1,8.52,4.3,Rocky,,Windy,36.7,65.5,Good,Afternoon,238.2,No,None,415.1,74.27
TASK01689,2025-05-17,MC1006,Loader,3,Good,OP1012,Intermediate,2.8,Material Loading,513.9,8.89,297.5,11.9,16.7,Flat,Dry,Clear,33.3,46.4,Good,Morning,205.3,No,None,229.6,11.84
TASK01690,2025-01-23,MC1008,Bulldozer,8,Good,OP1015,Expert,2.5,Material Loading,100.5,,474.3,3.88,11.2,,Dry,Clear,31.5,54.0,Good,Morning,48.2,No,None,62.5,29.67
TASK01691,2025-04-04,MC1009,Bulldozer,9,Overdue,OP1018,Expert,4.4,Demolition,128.5,1.63,405.2,4.87,,Rocky,Dry,Rainy,19.4,84.6,Poor,Morning,118.2,Yes,Equipment Fault,323.6,173.77
TASK01692,2025-04-10,MC1001,Excavator,1,Due Soon,OP1013,Intermediate,,Material Loading,294.5,4.54,264.4,6.51,12.0,Rolling,,Clear,32.9,62.2,Good,Morning,121.9,No,None,165.8,36.01
TASK01693,2025-08-31,MC1005,Loader,6,Good,OP1020,Expert,2.9,Earth Excavation,209.9,2.36,245.0,4.77,5.3,Flat,Dry,Windy,29.6,59.3,Good,Morning,121.2,No,None,147.5,21.7
TASK01694,2025-08-07,MC1007,Bulldozer,7,Good,OP1014,Expert,4.2,Material Loading,343.3,3.61,278.2,7.84,17.3,Flat,Wet,Windy,28.1,59.8,Moderate,Morning,140.5,No,None,184.3,31.17
TASK01695,2025-09-09,MC1001,Excavator,1,Good,OP1020,Expert,1.5,Demolition,194.7,1.25,229.6,3.32,34.4,Flat,Muddy,Rainy,26.0,,Good,Morning,169.9,No,None,219.4,29.13
TASK01696,2025-03-03,MC1010,Excavator,10,Good,OP1007,Intermediate,5.3,Material Loading,477.3,5.79,316.1,11.27,20.4,Rolling,Wet,Hot,32.3,,Good,Afternoon,191.4,No,,347.8,81.71
TASK01697,2025-10-07,MC1002,Excavator,2,Good,OP1009,Intermediate,5.9,Demolition,169.9,1.27,260.8,3.15,,Rocky,,Clear,,79.3,Poor,Morning,150.5,No,None,263.8,75.28
TASK01698,2025-03-02,MC1005,Loader,6,Good,OP1006,Beginner,,Demolition,87.0,0.52,331.4,1.88,35.2,,Normal,Rainy,22.4,86.2,Poor,Morning,85.9,No,None,168.1,95.69
TASK01699,2025-05-12,MC1008,Bulldozer,8,Good,OP1001,Beginner,2.1,Demolition,206.4,2.63,515.3,5.89,15.6,Rocky,Dry,Hot,37.8,,Good,Morning,179.0,No,None,297.1,65.98
TASK01700,2025-10-02,MC1006,Loader,3,Good,OP1015,Expert,1.1,Grading,205.9,1.7,1284.0,5.2,28.0,Rocky,,Rainy,24.2,74.6,Good,Morning,106.6,No,Site Condition,209.0,96.06
TASK01701,2025-10-12,MC1006,Loader,3,Good,OP1012,Intermediate,2.3,Trenching,124.0,0.5,336.1,2.35,9.1,Flat,Normal,Windy,,83.4,Good,Morning,99.3,No,None,128.6,29.51
TASK01702,2025-03-24,MC1005,Loader,6,Good,OP1006,Beginner,1.4,Trenching,149.6,1.04,178.0,2.38,1.4,Flat,Muddy,Clear,34.8,70.7,Good,Morning,116.7,No,None,176.5,51.24
TASK01703,2025-11-21,MC1005,Loader,6,Due Soon,OP1013,Intermediate,6.7,Earth Excavation,329.9,3.58,172.7,6.85,16.4,Muddy,Muddy,Rainy,23.0,,Good,,183.6,No,None,292.1,59.1
TASK01704,2025-12-04,MC1004,Loader,5,Good,OP1016,Expert,3.0,Demolition,147.9,1.91,262.6,3.31,4.9,Muddy,,Clear,28.7,66.8,Moderate,Morning,133.4,No,None,174.8,31.03
TASK01705,2025-09-10,MC1009,Bulldozer,9,Due Soon,OP1013,Intermediate,,Grading,565.2,2.45,434.6,11.84,3.4,,Muddy,Rainy,21.6,64.9,Moderate,Afternoon,268.4,No,None,536.8,100.0
TASK01706,2025-01-03,MC1001,Excavator,1,Good,OP1018,Expert,3.6,Demolition,78.9,0.86,289.2,1.99,42.5,Steep,Muddy,Clear,26.9,56.9,Poor,Morning,79.5,Yes,Equipment Fault,275.5,246.54
TASK01707,2025-09-16,MC1003,Excavator,4,Good,OP1016,Expert,1.9,Trenching,238.9,0.98,529.7,4.57,24.0,Flat,Wet,Clear,25.3,49.4,Good,Afternoon,177.4,No,None,202.8,14.32
TASK01708,2025-03-11,MC1009,Bulldozer,9,Good,OP1013,Intermediate,9.4,Trenching,277.3,,1053.9,,5.6,Flat,Normal,Windy,23.8,,Good,Night,203.5,No,None,329.6,61.97
TASK01709,2025-08-21,MC1005,Loader,6,Good,OP1001,Beginner,3.7,Grading,832.3,6.1,672.5,13.46,5.1,Rolling,Dry,Rainy,18.2,82.5,Good,Morning,388.5,No,None,582.5,49.94
TASK01710,2025-06-23,MC1008,Bulldozer,8,Good,OP1014,Expert,1.7,Material Loading,545.6,8.71,196.3,14.62,48.3,Rolling,Wet,Windy,23.4,50.1,Good,Morning,217.3,No,None,305.4,40.54
TASK01711,2025-11-30,MC1002,Excavator,2,Good,OP1007,Intermediate,4.4,Material Loading,480.4,9.65,307.2,10.81,15.3,Muddy,Wet,Clear,26.9,72.0,,Afternoon,192.6,No,None,382.9,98.81
TASK01712,2025-06-10,MC1003,Excavator,4,Due Soon,OP1008,Intermediate,1.0,Trenching,143.4,0.88,,3.73,9.3,Steep,Normal,Rainy,21.5,86.8,Moderate,Morning,112.5,No,None,191.6,70.31
TASK01713,2025-05-16,MC1005,Loader,6,Good,OP1011,Intermediate,2.3,Material Loading,278.6,6.24,359.7,6.94,4.8,Muddy,Loose,Cloudy,25.0,75.1,Good,Morning,115.9,No,None,189.8,63.76
TASK01714,2025-01-22,MC1007,Bulldozer,7,Good,OP1009,Intermediate,5.6,Material Loading,446.8,11.06,402.1,14.36,23.9,Flat,Dry,Clear,33.0,57.2,Good,Afternoon,179.8,No,None,237.2,31.92
TASK01715,2025-06-13,MC1006,Loader,3,Good,OP1001,Beginner,5.4,Trenching,121.1,1.09,582.2,3.17,9.4,Flat,Wet,Rainy,24.9,83.4,Good,Morning,97.3,No,None,158.2,62.59
TASK01716,2025-06-30,MC1007,Bulldozer,7,Good,OP1006,Beginner,6.0,Earth Excavation,166.7,2.07,473.6,4.7,9.5,Flat,Dry,Clear,28.8,70.8,Good,Morning,98.7,No,None,119.2,20.77
TASK01717,2025-11-15,MC1005,Loader,6,Due Soon,OP1017,Expert,6.1,Demolition,185.0,1.14,,3.27,22.0,Flat,Normal,Cloudy,25.3,49.3,,Afternoon,162.3,No,None,198.3,22.18
TASK01718,2025-12-21,MC1007,Bulldozer,7,Overdue,OP1002,Beginner,5.1,Material Loading,448.9,8.78,362.6,14.23,4.4,Rolling,Muddy,Clear,30.3,62.9,Good,Afternoon,180.6,Yes,Equipment Fault,471.0,160.8
TASK01719,2025-01-18,MC1004,Loader,5,Good,OP1011,Intermediate,5.6,Earth Excavation,360.1,2.52,102.5,5.76,5.6,Rolling,,Clear,26.6,55.2,Good,Afternoon,199.3,No,None,253.4,27.15
TASK01720,2025-08-19,MC1005,Loader,6,Good,OP1015,Expert,3.4,Demolition,178.2,1.54,219.3,3.04,10.1,Steep,Muddy,Hot,33.5,35.2,Moderate,Morning,157.0,No,None,243.4,55.03
TASK01721,2025-09-08,MC1002,Excavator,2,Good,OP1012,Intermediate,3.2,Grading,238.9,0.68,994.3,5.68,19.1,Flat,Loose,Rainy,25.3,79.8,Moderate,Afternoon,121.5,No,None,174.5,43.62
TASK01722,2025-11-20,MC1004,Loader,5,Good,OP1010,Intermediate,4.3,Material Loading,462.7,11.87,654.1,14.46,42.9,Muddy,Normal,Hot,38.1,41.4,Good,Morning,185.8,No,,403.2,117.01
TASK01723,2025-06-10,MC1010,Excavator,10,Good,OP1016,Expert,,Earth Excavation,202.2,2.35,306.4,4.94,37.3,Flat,Wet,Windy,28.1,53.8,Good,Afternoon,117.2,No,None,186.9,59.47
TASK01724,2025-10-09,MC1010,Excavator,10,Good,OP1010,Intermediate,3.7,Earth Excavation,249.5,2.02,162.5,4.69,2.1,Muddy,Normal,Clear,29.3,55.5,Good,Night,141.8,No,None,205.9,45.2
TASK01725,2025-08-02,MC1002,Excavator,2,Good,OP1019,Expert,,Trenching,77.5,0.5,349.1,2.03,6.4,Flat,Loose,Clear,,75.1,Moderate,Night,67.7,No,None,82.3,21.57
TASK01726,2025-02-14,MC1007,Bulldozer,7,Due Soon,OP1005,Beginner,1.5,Grading,481.1,1.04,826.9,9.41,8.6,Flat,Muddy,Cloudy,23.4,87.4,Good,Morning,230.5,Yes,Equipment Fault,462.7,100.74
TASK01727,2025-06-29,MC1010,Excavator,10,Good,OP1013,Intermediate,3.8,Trenching,384.1,2.28,284.7,,5.7,Flat,Normal,Cloudy,26.4,60.3,Good,Night,276.2,No,None,417.1,51.01
TASK01728,2025-11-24,MC1005,Loader,6,Due Soon,OP1019,Expert,6.9,Material Loading,460.6,12.75,222.4,12.86,13.0,Flat,,Hot,30.6,25.0,Poor,Night,185.0,No,None,345.5,86.76
TASK01729,2025-02-03,MC1005,Loader,6,Good,OP1002,Beginner,4.2,Earth Excavation,216.2,2.49,257.5,3.91,9.4,Rolling,Normal,Clear,25.7,53.6,Good,Afternoon,124.4,No,None,174.1,39.95
TASK01730,2025-01-09,MC1009,Bulldozer,9,Good,OP1010,Intermediate,2.0,Trenching,298.5,3.97,289.7,7.37,4.9,Steep,Dry,Cloudy,25.4,58.5,Good,Afternoon,218.0,No,None,319.4,46.51
TASK01731,2025-07-18,MC1005,Loader,6,Overdue,OP1017,Expert,1.0,Grading,441.2,4.05,655.9,9.27,22.3,Flat,Normal,Cloudy,26.1,83.5,Good,Afternoon,212.6,Yes,Equipment Fault,363.0,70.74
TASK01732,2025-04-21,MC1003,Excavator,4,Due Soon,OP1006,Beginner,3.3,Material Loading,303.8,,262.5,,74.5,Rocky,Wet,Rainy,21.4,86.3,Good,Morning,125.4,No,None,312.7,149.36
TASK01733,2025-11-17,MC1007,Bulldozer,7,Good,OP1010,Intermediate,6.0,Material Loading,104.1,1.02,448.1,2.74,13.9,Flat,Wet,Clear,23.4,49.9,Good,Night,49.6,No,None,79.0,59.27
TASK01734,2025-10-17,MC1004,Loader,5,Good,OP1008,Intermediate,3.1,Earth Excavation,312.3,4.34,279.3,5.31,7.9,Flat,Normal,Windy,25.6,50.8,Good,Afternoon,174.4,No,None,204.7,17.37
TASK01735,2025-12-17,MC1003,Excavator,4,Good,OP1018,Expert,5.0,Earth Excavation,296.1,2.1,259.4,5.19,10.6,Muddy,Normal,Clear,36.0,51.1,Good,Afternoon,166.0,No,None,209.3,26.08
TASK01736,2025-01-22,MC1006,Loader,3,Good,OP1014,Expert,2.5,Material Loading,459.5,5.15,373.8,9.21,31.1,Muddy,Dry,Rainy,21.7,93.6,Good,Night,184.6,No,None,298.6,61.76
TASK01737,2025-04-23,MC1006,Loader,3,Good,OP1008,Intermediate,4.6,Earth Excavation,180.7,1.3,189.6,2.88,22.9,Flat,Dry,Rainy,23.1,82.0,Poor,Night,106.0,No,None,189.3,78.58
TASK01738,2025-04-30,MC1004,Loader,5,Good,OP1019,Expert,8.3,Material Loading,334.5,3.7,222.5,5.59,10.2,Flat,,Clear,26.8,,Good,Night,137.1,No,None,158.5,15.61
TASK01739,2025-09-12,MC1002,Excavator,2,Good,OP1019,Expert,5.0,Material Loading,169.4,3.93,359.9,4.68,36.2,Rocky,Dry,Clear,,56.2,Moderate,Morning,74.4,No,None,128.1,72.18
TASK01740,2025-05-23,MC1005,Loader,6,Good,OP1011,Intermediate,5.3,Grading,291.9,1.84,754.0,5.93,17.5,Flat,Normal,Clear,29.1,52.3,Good,Afternoon,145.3,No,None,188.0,29.39
TASK01741,2025-09-08,MC1005,Loader,6,Good,OP1020,Expert,2.5,Demolition,200.2,3.04,273.4,4.29,3.1,Flat,Wet,Hot,35.8,60.3,Moderate,Afternoon,174.2,No,None,221.1,26.92
TASK01742,2025-01-19,MC1004,Loader,5,Due Soon,OP1001,Beginner,6.7,Material Loading,517.8,12.25,557.8,11.85,24.4,,Normal,Clear,25.7,40.2,Good,Afternoon,206.8,No,None,341.3,65.04
TASK01743,2025-01-28,MC1006,Loader,3,Due Soon,OP1004,Beginner,1.0,Earth Excavation,152.7,1.07,373.9,3.41,3.1,Muddy,Wet,Cloudy,27.4,78.4,Good,Morning,91.4,No,None,174.3,90.7
TASK01744,2025-09-11,MC1001,Excavator,1,Good,OP1017,Expert,1.0,Trenching,191.0,1.18,275.9,3.55,10.8,Rolling,Dry,Windy,30.8,80.6,Good,Morning,144.9,No,None,178.0,22.84
TASK01745,2025-01-01,MC1005,Loader,6,Good,OP1016,Expert,5.0,Grading,700.8,3.67,981.6,11.55,8.1,Flat,Normal,Cloudy,,,Good,Night,329.4,No,None,363.2,10.26
TASK01746,2025-12-06,MC1005,Loader,6,Due Soon,OP1013,Intermediate,5.8,Earth Excavation,283.2,4.1,153.0,5.21,,Muddy,Normal,Clear,31.5,46.3,Good,Night,159.2,No,None,263.4,65.45
TASK01747,2025-12-20,MC1007,Bulldozer,7,Good,OP1020,Expert,4.3,Earth Excavation,100.7,0.7,314.0,2.29,4.4,Flat,Dry,Clear,,58.8,Good,Morning,64.4,No,None,65.8,2.17
TASK01748,2025-04-25,MC1004,Loader,5,Due Soon,OP1013,Intermediate,1.0,Grading,731.5,5.0,753.0,12.68,6.2,Muddy,Normal,Rainy,20.4,67.1,Good,Afternoon,343.2,No,Material Availability,1009.0,194.0
TASK01749,2025-01-07,MC1008,Bulldozer,8,Good,OP1018,Expert,1.5,Demolition,160.5,1.47,299.0,3.89,50.8,Rolling,Normal,Hot,32.9,36.2,Good,Morning,143.2,No,None,232.9,62.64
TASK01750,2025-11-14,MC1008,Bulldozer,8,Good,OP1017,Expert,5.8,Earth Excavation,398.7,5.19,290.8,8.6,1.0,Muddy,Muddy,Clear,27.6,68.9,Good,Afternoon,219.3,No,None,349.1,59.19
TASK01751,2025-08-16,MC1005,Loader,6,Good,OP1001,Beginner,3.0,Grading,771.3,3.86,1628.8,13.27,7.0,Steep,Wet,Hot,29.8,27.3,Good,Morning,361.1,No,None,659.4,82.61
TASK01752,2025-05-27,MC1008,Bulldozer,8,Due Soon,OP1002,Beginner,3.9,Earth Excavation,344.0,6.42,109.7,9.65,1.2,Flat,Muddy,Rainy,24.1,82.1,Good,Afternoon,190.9,No,None,355.7,86.33
TASK01753,2025-11-12,MC1008,Bulldozer,8,Overdue,OP1001,Beginner,5.7,Demolition,53.4,0.5,337.0,1.86,27.6,Muddy,Normal,Clear,25.2,62.0,Poor,Afternoon,59.7,No,None,161.0,169.68
TASK01754,2025-01-17,MC1003,Excavator,4,Good,OP1010,Intermediate,1.6,Demolition,123.0,1.69,219.1,2.63,9.9,Rolling,Dry,Cloudy,22.2,82.1,Good,Morning,113.9,No,Material Availability,151.8,33.27
TASK01755,2025-03-29,MC1002,Excavator,2,Due Soon,OP1001,Beginner,5.2,Grading,646.6,4.02,695.5,12.39,13.4,Muddy,Normal,Hot,32.6,40.4,Good,Afternoon,305.0,No,,548.8,79.93
TASK01756,2025-06-19,MC1008,Bulldozer,8,Good,OP1008,Intermediate,3.8,Grading,326.0,2.72,781.0,7.84,8.3,Flat,Muddy,Clear,29.6,36.6,Moderate,Morning,160.7,No,None,162.5,1.12
TASK01757,2025-06-16,MC1007,Bulldozer,7,Good,OP1006,Beginner,,Trenching,99.6,0.5,699.6,4.01,8.7,Flat,Dry,Clear,30.2,76.5,Good,Night,82.7,No,,131.8,59.37
TASK01758,2025-04-05,MC1002,Excavator,2,Good,OP1017,Expert,4.2,Earth Excavation,261.5,3.08,224.1,4.72,5.1,Rolling,Wet,Clear,20.8,61.3,Good,,148.0,No,None,292.0,97.3
TASK01759,2025-01-18,MC1004,Loader,5,Good,OP1009,Intermediate,2.4,Material Loading,591.9,6.22,232.9,12.21,15.0,Steep,Normal,Hot,,48.0,Poor,Morning,234.9,No,None,340.8,45.08
TASK01760,2025-10-04,MC1002,Excavator,2,Due Soon,OP1014,Expert,,Material Loading,242.3,4.16,267.0,6.06,46.0,Rolling,Loose,Windy,28.4,60.6,Good,Morning,102.1,No,None,170.1,66.6
TASK01761,2025-05-16,MC1010,Excavator,10,Good,OP1002,Beginner,1.9,Trenching,190.0,,641.9,4.35,7.2,Rocky,Wet,Cloudy,25.0,82.9,Good,Morning,144.2,No,None,286.2,98.47
TASK01762,2025-06-21,MC1006,Loader,3,Good,OP1001,Beginner,1.0,Earth Excavation,172.2,1.88,384.5,3.52,10.9,Rolling,Loose,Clear,28.7,39.4,Moderate,Morning,101.6,No,None,156.2,53.74
TASK01763,2025-02-13,MC1003,Excavator,4,Good,OP1009,Intermediate,4.1,Grading,281.8,2.07,533.4,5.46,27.0,Steep,Normal,Clear,30.2,44.9,,Morning,140.8,No,None,204.1,44.96
TASK01764,2025-06-02,MC1004,Loader,5,Good,OP1012,Intermediate,3.3,Earth Excavation,293.8,2.39,170.2,4.75,8.6,Flat,Normal,Windy,24.5,66.1,Good,,164.8,No,None,225.3,36.71
TASK01765,2025-01-05,MC1008,Bulldozer,8,Good,OP1001,Beginner,4.3,Trenching,253.8,1.62,327.4,5.3,9.0,Flat,,Cloudy,26.4,62.2,Good,Afternoon,187.6,No,Weather,274.2,46.16
TASK01766,2025-12-30,MC1009,Bulldozer,9,Good,OP1015,Expert,1.1,Earth Excavation,344.1,3.18,404.4,7.67,10.8,Steep,Muddy,Hot,36.2,54.2,Good,Morning,190.9,No,None,321.4,68.36
TASK01767,2025-07-25,MC1009,Bulldozer,9,Overdue,OP1005,Beginner,6.3,Material Loading,150.3,3.3,158.5,5.51,14.1,Rocky,Wet,Rainy,22.5,77.5,Good,Night,67.1,No,None,191.4,185.25
TASK01768,2025-09-22,MC1009,Bulldozer,9,Good,OP1009,Intermediate,3.6,Earth Excavation,96.3,1.55,122.1,2.64,18.5,Flat,Muddy,Clear,32.9,51.4,Good,Afternoon,62.1,No,None,104.0,67.47
TASK01769,2025-12-13,MC1001,Excavator,1,Good,OP1010,Intermediate,4.3,Earth Excavation,299.4,4.5,226.1,6.58,11.7,Rolling,Wet,Clear,28.0,50.1,Good,Afternoon,167.7,No,None,219.8,31.07
TASK01770,2025-01-14,MC1004,Loader,5,Due Soon,OP1020,Expert,3.8,Trenching,204.0,0.71,238.8,,10.1,Muddy,Muddy,Windy,24.8,,,Morning,153.7,No,None,250.2,62.78
TASK01771,2025-01-25,MC1008,Bulldozer,8,Good,OP1016,Expert,1.5,Material Loading,345.3,4.48,199.9,7.89,13.8,Steep,Normal,Clear,30.6,46.5,Good,Afternoon,141.2,No,None,182.4,29.18
TASK01772,2025-09-28,MC1005,Loader,6,Overdue,OP1007,Intermediate,4.1,Grading,597.9,,476.8,10.98,21.0,Rocky,Normal,Windy,29.8,74.2,Good,Night,283.1,No,None,548.1,93.61
TASK01773,2025-06-05,MC1004,Loader,5,Good,OP1012,Intermediate,6.4,Trenching,271.0,2.88,281.2,4.99,5.6,,Loose,Rainy,23.0,67.8,Moderate,Afternoon,199.3,No,None,375.2,88.26
TASK01774,2025-06-17,MC1005,Loader,6,Overdue,OP1003,Beginner,5.9,Grading,420.6,1.31,660.3,6.59,5.5,Flat,Normal,Cloudy,28.3,62.6,Poor,Afternoon,203.3,No,None,372.2,83.08
TASK01775,2025-05-26,MC1004,Loader,5,Good,OP1013,Intermediate,5.3,Grading,352.6,1.84,1028.7,7.81,8.3,Muddy,Normal,Rainy,21.4,74.0,Moderate,Morning,172.6,No,None,300.3,73.99
TASK01776,2025-04-18,MC1005,Loader,6,Due Soon,OP1018,Expert,5.7,Material Loading,442.8,7.97,312.5,9.03,17.7,Rolling,Dry,Clear,32.5,56.4,Good,Afternoon,178.3,No,None,232.7,30.51
TASK01777,2025-06-02,MC1005,Loader,6,Good,OP1017,Expert,2.8,Material Loading,441.4,10.74,420.7,12.27,9.7,Rolling,Muddy,Clear,28.0,57.8,Good,Morning,177.7,No,None,229.4,29.09
TASK01778,2025-10-22,MC1002,Excavator,2,Good,OP1010,Intermediate,3.4,Earth Excavation,369.4,3.79,349.1,,,Muddy,Loose,Hot,35.7,53.2,Moderate,Night,204.1,No,None,352.8,72.86
TASK01779,2025-03-18,MC1006,Loader,3,Due Soon,OP1018,Expert,3.5,Demolition,188.0,2.77,391.4,4.54,34.4,Rolling,Wet,Cloudy,22.7,58.7,Good,Morning,164.6,No,None,237.5,44.29
TASK01780,2025-12-10,MC1006,Loader,3,Good,OP1010,Intermediate,3.2,Demolition,75.9,0.67,,2.5,27.7,Muddy,Normal,Rainy,21.1,73.6,Poor,,77.2,No,None,173.7,125.0
TASK01781,2025-04-28,MC1009,Bulldozer,9,Good,OP1016,Expert,4.0,Material Loading,342.1,,300.2,7.72,25.9,Muddy,Wet,Clear,33.7,77.9,Good,Night,140.0,Yes,Equipment Fault,324.3,131.64
TASK01782,2025-02-15,MC1008,Bulldozer,8,Good,OP1011,Intermediate,4.2,Demolition,155.4,2.48,169.6,4.58,30.4,Rolling,Dry,Rainy,17.5,80.1,Good,Afternoon,139.2,No,None,233.1,67.46
TASK01783,2025-04-22,MC1010,Excavator,10,Good,OP1019,Expert,3.7,Earth Excavation,433.5,6.14,113.3,9.83,8.3,Rolling,Dry,Hot,,43.4,,Morning,237.4,No,None,293.1,23.46
TASK01784,2025-04-24,MC1005,Loader,6,Due Soon,OP1006,Beginner,2.6,Earth Excavation,448.2,6.07,236.8,8.99,4.9,Rolling,Dry,Rainy,22.3,82.7,Moderate,Morning,245.1,No,None,415.9,69.69
TASK01785,2025-10-17,MC1002,Excavator,2,Good,OP1001,Beginner,1.1,Earth Excavation,282.5,4.53,293.2,7.78,22.0,Steep,Dry,Rainy,25.1,82.9,Good,Morning,158.9,No,None,275.3,73.25
TASK01786,2025-01-18,MC1006,Loader,3,Good,OP1006,Beginner,5.6,Trenching,113.0,0.67,589.9,2.84,5.5,Flat,Dry,Cloudy,29.2,73.6,Moderate,Morning,91.8,No,None,129.7,41.29
TASK01787,2025-06-25,MC1007,Bulldozer,7,Good,OP1002,Beginner,1.0,Grading,371.5,1.99,874.7,9.3,33.7,Flat,Normal,Hot,37.2,41.7,,Afternoon,181.2,No,None,298.3,64.62
TASK01788,2025-02-21,MC1010,Excavator,10,Good,OP1012,Intermediate,3.3,Grading,633.5,3.33,444.3,10.85,4.4,Flat,Muddy,Clear,33.7,50.0,Moderate,Afternoon,299.1,No,None,444.3,48.55
TASK01789,2025-11-28,MC1010,Excavator,10,Good,OP1020,Expert,1.0,Material Loading,547.9,12.86,228.0,16.98,9.4,Muddy,,Clear,,68.7,Good,Afternoon,218.2,No,None,403.5,84.92
TASK01790,2025-10-11,MC1007,Bulldozer,7,Good,OP1016,Expert,1.0,Grading,708.3,5.17,597.5,13.46,9.4,Rocky,Normal,Clear,,36.4,Good,Afternoon,332.7,No,None,416.4,25.16
TASK01791,2025-03-09,MC1007,Bulldozer,7,Overdue,OP1009,Intermediate,2.7,Trenching,275.6,2.39,286.7,6.26,16.9,Flat,Dry,Windy,25.4,58.2,Poor,Afternoon,202.4,Yes,Equipment Fault,380.3,87.9
TASK01792,2025-06-08,MC1007,Bulldozer,7,Due Soon,OP1005,Beginner,3.2,Demolition,112.1,1.79,230.8,3.56,29.0,,Wet,Windy,,57.5,Good,Afternoon,105.4,No,None,195.4,85.39
TASK01793,2025-11-07,MC1007,Bulldozer,7,Due Soon,OP1002,Beginner,2.9,Trenching,122.8,0.61,534.7,2.98,4.2,Rolling,Muddy,Clear,35.8,32.2,Good,Morning,98.5,No,None,166.8,69.34
TASK01794,2025-05-27,MC1004,Loader,5,Good,OP1005,Beginner,4.6,Material Loading,520.5,7.05,222.6,9.28,18.6,Rolling,Loose,Cloudy,21.8,67.6,Good,Afternoon,207.8,No,None,325.4,56.59
TASK01795,2025-12-09,MC1002,Excavator,2,Good,OP1019,Expert,7.9,Demolition,160.3,1.95,,3.31,24.2,Rolling,Wet,Cloudy,26.7,66.3,Moderate,Night,143.0,No,None,202.4,41.54
TASK01796,2025-04-19,MC1009,Bulldozer,9,Good,OP1009,Intermediate,2.0,Grading,797.0,2.94,937.4,15.43,9.6,Steep,Wet,Clear,27.5,57.9,Poor,Morning,372.7,No,None,557.9,49.69
TASK01797,2025-03-19,MC1001,Excavator,1,Due Soon,OP1009,Intermediate,5.1,Trenching,284.2,2.31,206.9,4.83,1.6,Flat,Wet,Hot,35.5,44.0,Good,Morning,208.3,No,None,268.2,28.76
TASK01798,2025-09-24,MC1001,Excavator,1,Good,OP1015,Expert,1.6,Trenching,215.3,1.51,398.3,3.82,,Rolling,Dry,Clear,25.6,64.8,Good,Morning,161.4,No,None,165.4,2.48
TASK01799,2025-12-22,MC1007,Bulldozer,7,Good,OP1006,Beginner,1.4,Demolition,77.0,0.63,612.0,2.95,,Flat,Normal,Clear,33.6,49.6,Moderate,Afternoon,78.1,No,None,147.4,88.73
TASK01800,2025-11-25,MC1007,Bulldozer,7,Due Soon,OP1006,Beginner,4.9,Trenching,185.5,1.39,319.3,4.7,14.1,Rolling,Wet,Hot,35.6,44.4,Moderate,Afternoon,141.1,No,None,245.6,74.06
TASK01801,2025-09-27,MC1008,Bulldozer,8,Due Soon,OP1011,Intermediate,,Earth Excavation,104.7,1.96,323.0,3.36,5.2,Rolling,,Clear,28.4,71.7,Moderate,Afternoon,66.4,No,None,109.8,65.36
TASK01802,2025-01-29,MC1005,Loader,6,Good,OP1006,Beginner,3.0,Demolition,187.5,2.69,217.6,4.07,51.1,Flat,Muddy,Windy,25.0,49.0,Good,Afternoon,164.2,No,None,332.9,102.74
TASK01803,2025-06-27,MC1003,Excavator,4,Good,OP1003,Beginner,2.7,Grading,415.5,1.42,1142.8,8.79,16.6,Rocky,Dry,Clear,25.6,53.5,Good,Afternoon,201.0,No,None,302.4,50.45
TASK01804,2025-03-31,MC1007,Bulldozer,7,Good,OP1007,Intermediate,6.0,Material Loading,113.7,2.93,172.0,4.14,30.7,Muddy,Wet,Clear,28.5,61.4,Good,Afternoon,53.2,No,None,118.6,122.93
TASK01805,2025-01-13,MC1005,Loader,6,Good,OP1015,Expert,1.0,Earth Excavation,183.0,1.23,540.9,3.63,3.7,Rocky,Normal,Clear,,53.9,Good,Morning,107.2,No,None,126.2,17.72
TASK01806,2025-10-23,MC1007,Bulldozer,7,Good,OP1014,Expert,9.0,Earth Excavation,144.0,1.38,328.9,3.93,14.8,Rolling,Loose,Hot,38.0,37.1,Good,Night,86.9,No,None,136.8,57.42
TASK01807,2025-10-31,MC1001,Excavator,1,Due Soon,OP1015,Expert,3.6,Trenching,145.5,1.13,174.6,2.99,3.6,,Loose,Cloudy,27.7,65.1,Moderate,Morning,113.9,No,None,284.7,149.96
TASK01808,2025-12-08,MC1004,Loader,5,Good,OP1002,Beginner,,Grading,379.2,2.73,447.6,5.89,0.5,Rolling,Normal,Cloudy,23.9,64.9,Poor,Morning,184.6,No,None,232.6,26.0
TASK01809,2025-03-07,MC1004,Loader,5,Due Soon,OP1008,Intermediate,3.3,Trenching,209.1,0.98,322.3,3.61,4.6,,Normal,Rainy,28.3,81.8,Good,Afternoon,157.2,No,None,213.4,35.75
TASK01810,2025-04-07,MC1004,Loader,5,Overdue,OP1003,Beginner,1.0,Material Loading,254.3,5.56,,7.41,22.3,Rocky,Dry,Rainy,19.9,81.9,Good,Morning,106.6,No,None,217.4,103.94
TASK01811,2025-10-05,MC1009,Bulldozer,9,Due Soon,OP1012,Intermediate,1.0,Material Loading,324.3,7.67,440.2,13.01,14.3,Muddy,Loose,Windy,28.1,68.2,Good,Morning,133.2,No,Weather,321.9,141.67
TASK01812,2025-03-12,MC1004,Loader,5,Good,OP1008,Intermediate,2.2,Trenching,115.8,1.13,730.4,3.67,15.8,Rocky,Muddy,Windy,,64.5,Moderate,Morning,93.7,No,None,190.1,102.88
TASK01813,2025-10-18,MC1009,Bulldozer,9,Good,OP1012,Intermediate,3.2,Earth Excavation,437.8,,382.0,8.76,8.2,Muddy,Muddy,Clear,31.5,43.7,,Afternoon,239.6,No,None,441.7,84.35
TASK01814,2025-05-15,MC1008,Bulldozer,8,Good,OP1012,Intermediate,2.5,Material Loading,105.2,1.56,432.6,3.74,24.4,Rolling,Normal,Clear,25.2,52.9,Good,Morning,50.0,No,None,88.4,76.8
TASK01815,2025-10-27,MC1002,Excavator,2,Overdue,OP1001,Beginner,,Earth Excavation,136.9,2.53,280.1,,3.8,Rolling,Normal,Clear,35.4,57.9,Good,Morning,83.2,No,None,118.4,42.31
TASK01816,2025-05-24,MC1007,Bulldozer,7,Good,OP1003,Beginner,2.1,Trenching,293.9,3.41,497.1,7.59,7.5,Rolling,Wet,Cloudy,22.7,53.7,Good,Afternoon,214.9,No,None,334.7,55.75
TASK01817,2025-11-24,MC1005,Loader,6,Good,OP1008,Intermediate,3.2,Material Loading,455.2,9.18,392.6,10.13,10.8,Flat,Dry,Cloudy,32.0,78.1,Good,Afternoon,183.0,No,None,221.5,21.04
TASK01818,2025-03-27,MC1007,Bulldozer,7,Good,OP1007,Intermediate,6.5,Demolition,40.0,0.5,278.5,1.7,43.4,Flat,Normal,Hot,34.9,29.7,Good,Night,49.2,No,None,107.2,117.89
TASK01819,2025-04-13,MC1007,Bulldozer,7,Due Soon,OP1004,Beginner,,Earth Excavation,118.9,0.8,201.8,2.84,1.9,Flat,Muddy,Clear,24.4,53.1,Good,Night,73.8,No,None,144.3,95.53
TASK01820,2025-03-31,MC1008,Bulldozer,8,Good,OP1006,Beginner,,Earth Excavation,363.9,2.89,268.3,8.56,4.6,Rolling,Normal,Clear,32.7,57.6,Good,Afternoon,201.2,No,Material Availability,364.0,80.91
TASK01821,2025-08-30,MC1002,Excavator,2,Due Soon,OP1016,Expert,6.4,Trenching,189.2,1.34,507.5,,6.0,,Normal,Windy,29.8,61.4,Good,Night,143.6,No,None,228.7,59.26
TASK01822,2025-06-10,MC1007,Bulldozer,7,Good,OP1002,Beginner,2.6,Material Loading,591.3,16.62,169.6,16.72,21.0,Flat,Muddy,Clear,29.6,40.3,Good,Afternoon,234.7,No,None,375.9,60.16
TASK01823,2025-08-21,MC1007,Bulldozer,7,Good,OP1003,Beginner,1.0,Earth Excavation,133.9,0.97,271.8,3.0,10.3,Flat,Loose,Hot,33.7,39.7,Good,Morning,81.6,No,None,123.6,51.47
TASK01824,2025-03-23,MC1008,Bulldozer,8,Good,OP1017,Expert,5.2,Trenching,136.2,0.71,543.2,4.14,4.4,Flat,Normal,Clear,30.9,60.0,Good,Afternoon,107.6,No,None,110.9,3.07
TASK01825,2025-11-27,MC1008,Bulldozer,8,Due Soon,OP1019,Expert,3.2,Material Loading,371.8,5.81,286.5,8.54,45.3,Muddy,Normal,Windy,29.8,61.2,Good,Morning,151.3,No,None,258.8,71.05
TASK01826,2025-06-20,MC1009,Bulldozer,9,Good,OP1016,Expert,3.0,Earth Excavation,104.8,1.01,188.6,2.74,3.2,Rocky,Normal,Rainy,25.3,74.8,Moderate,Afternoon,66.5,No,None,105.1,58.05
TASK01827,2025-04-29,MC1006,Loader,3,Overdue,OP1002,Beginner,1.7,Grading,460.3,1.39,649.7,7.55,19.5,Rocky,Normal,Rainy,27.1,84.8,Good,Afternoon,221.1,No,None,374.4,69.34
TASK01828,2025-09-04,MC1001,Excavator,1,Good,OP1005,Beginner,1.0,Earth Excavation,176.6,2.78,260.1,3.93,18.0,Flat,Loose,Clear,31.1,25.0,Good,Morning,103.9,No,None,149.1,43.5
TASK01829,2025-03-27,MC1010,Excavator,10,Overdue,OP1006,Beginner,3.5,Demolition,73.2,0.7,326.2,2.63,44.7,,Dry,Rainy,19.0,83.9,Good,Morning,75.1,No,None,193.8,158.06
TASK01830,2025-07-31,MC1007,Bulldozer,7,Good,OP1010,Intermediate,4.3,Earth Excavation,100.4,0.97,227.0,,22.2,Flat,Loose,Windy,24.0,74.0,Good,Morning,64.2,No,None,107.1,66.82
TASK01831,2025-09-03,MC1004,Loader,5,Good,OP1005,Beginner,3.7,Demolition,210.3,1.36,164.8,3.36,15.0,Rolling,Dry,Clear,33.5,60.5,Moderate,Morning,182.0,No,None,238.9,31.26
TASK01832,2025-07-03,MC1005,Loader,6,Good,OP1005,Beginner,2.9,Earth Excavation,203.7,3.03,363.0,4.64,2.8,Rocky,Normal,Cloudy,25.8,64.3,Good,Morning,117.9,No,,156.9,33.08
TASK01833,2025-06-16,MC1007,Bulldozer,7,Good,OP1008,Intermediate,4.2,Earth Excavation,321.5,3.3,324.4,6.72,2.8,Flat,Normal,Clear,,62.7,,Afternoon,179.2,No,None,222.2,24.0
TASK01834,2025-03-15,MC1010,Excavator,10,Due Soon,OP1010,Intermediate,3.5,Demolition,43.1,,,1.59,38.5,Flat,Wet,Cloudy,25.1,75.4,Moderate,Morning,51.6,No,None,85.9,66.47
TASK01835,2025-05-19,MC1009,Bulldozer,9,Due Soon,OP1013,Intermediate,,Earth Excavation,127.6,1.52,294.0,3.94,5.7,,Wet,Rainy,18.7,90.6,Good,,78.4,No,None,126.4,61.22
TASK01836,2025-05-01,MC1007,Bulldozer,7,Overdue,OP1001,Beginner,3.2,Trenching,164.3,1.9,477.9,4.57,3.8,,Dry,Clear,32.6,60.8,Moderate,Morning,126.8,No,,199.8,57.57
TASK01837,2025-07-16,MC1005,Loader,6,Good,OP1011,Intermediate,5.1,Demolition,162.8,2.45,422.6,4.19,33.8,Rocky,,Hot,34.6,75.7,Good,Morning,145.0,No,None,222.2,53.24
TASK01838,2025-07-31,MC1006,Loader,3,Due Soon,OP1017,Expert,3.2,Grading,640.1,5.55,,10.85,10.4,Flat,Dry,Windy,26.5,65.2,Moderate,Morning,302.0,No,None,296.8,-1.72
TASK01839,2025-07-11,MC1007,Bulldozer,7,Good,OP1009,Intermediate,5.2,Grading,310.7,,506.3,,3.3,Steep,Muddy,Clear,30.8,55.2,Poor,Afternoon,153.8,No,None,281.6,83.09
TASK01840,2025-10-25,MC1010,Excavator,10,Good,OP1018,Expert,1.5,Earth Excavation,404.0,5.53,256.8,9.43,16.1,Steep,Dry,Clear,25.0,78.0,Moderate,Morning,222.1,Yes,,388.9,75.1
TASK01841,2025-11-14,MC1006,Loader,3,Good,OP1011,Intermediate,3.7,Grading,416.8,1.62,1263.1,8.38,13.3,Rolling,Muddy,Clear,31.7,48.2,Good,Afternoon,201.5,No,None,312.8,55.24
TASK01842,2025-07-02,MC1009,Bulldozer,9,Good,OP1011,Intermediate,2.0,Grading,421.3,1.18,616.6,8.23,5.8,Rolling,,Clear,29.0,,Moderate,Morning,203.6,No,None,278.1,36.59
TASK01843,2025-10-03,MC1010,Excavator,10,Good,OP1016,Expert,2.1,Earth Excavation,329.0,3.96,183.4,6.7,38.8,Rolling,Muddy,Rainy,23.3,87.7,Moderate,Morning,183.1,No,None,285.3,55.82
TASK01844,2025-12-18,MC1004,Loader,5,Good,OP1003,Beginner,1.4,Material Loading,215.9,3.78,242.0,5.44,26.4,Rolling,Dry,Rainy,24.8,80.0,Moderate,Morning,92.1,No,None,170.5,85.12
TASK01845,2025-09-15,MC1009,Bulldozer,9,Good,OP1004,Beginner,7.9,Demolition,103.8,0.68,287.1,3.14,18.6,Rolling,Normal,Hot,35.3,60.4,Moderate,Night,99.0,No,None,202.3,104.34
TASK01846,2025-04-01,MC1001,Excavator,1,Good,OP1015,Expert,3.1,Material Loading,243.5,5.52,291.5,6.55,43.9,Muddy,Wet,Clear,31.4,48.9,Good,Afternoon,102.5,No,None,195.2,90.44
TASK01847,2025-03-28,MC1009,Bulldozer,9,Good,OP1012,Intermediate,1.0,Material Loading,283.6,6.71,246.6,9.24,18.5,Rolling,Dry,Clear,24.6,70.6,Good,Afternoon,117.8,No,None,172.1,46.1
TASK01848,2025-07-16,MC1003,Excavator,4,Good,OP1009,Intermediate,2.2,Grading,205.7,1.79,1287.3,5.62,11.4,Rocky,Muddy,Clear,31.4,69.6,Poor,Morning,106.6,No,None,228.9,114.73
TASK01849,2025-07-10,MC1007,Bulldozer,7,Good,OP1002,Beginner,3.0,Demolition,152.2,1.22,307.5,4.24,17.9,Flat,Loose,Rainy,,86.4,,Morning,136.7,No,None,205.6,50.4
TASK01850,2025-05-14,MC1005,Loader,6,Good,OP1018,Expert,4.2,Demolition,87.2,1.11,261.9,2.05,21.2,Muddy,Normal,Cloudy,29.9,74.9,Poor,Morning,86.0,No,None,135.2,57.21
TASK01851,2025-01-20,MC1005,Loader,6,Good,OP1005,Beginner,,Grading,401.7,2.3,1439.8,8.94,4.5,Rolling,Dry,Clear,27.6,57.3,Good,Night,194.8,No,None,312.7,60.52
TASK01852,2025-12-02,MC1001,Excavator,1,Good,OP1013,Intermediate,1.7,Earth Excavation,88.2,0.91,510.2,2.37,10.4,Flat,Dry,Clear,30.2,,Good,Morning,57.9,No,None,78.2,35.06
TASK01853,2025-11-26,MC1006,Loader,3,Good,OP1001,Beginner,3.9,Material Loading,533.9,12.31,364.5,13.74,42.9,Rolling,Dry,Rainy,29.4,84.1,Good,Afternoon,212.9,No,None,409.0,92.11
TASK01854,2025-02-12,MC1010,Excavator,10,Due Soon,OP1004,Beginner,5.5,Demolition,125.1,1.39,151.8,3.04,8.7,Muddy,Wet,Cloudy,26.3,54.9,Good,,115.5,No,None,231.4,100.35
TASK01855,2025-02-25,MC1004,Loader,5,Good,OP1014,Expert,4.6,Grading,337.3,2.04,578.9,6.23,32.8,Muddy,Dry,Rainy,23.2,85.4,Moderate,Afternoon,165.8,No,None,289.6,74.67
TASK01856,2025-10-30,MC1009,Bulldozer,9,Due Soon,OP1020,Expert,6.5,Earth Excavation,323.7,3.76,221.2,7.48,21.8,Rocky,Dry,Clear,29.7,59.0,Good,Night,180.3,No,None,283.2,57.07
TASK01857,2025-11-12,MC1001,Excavator,1,Good,OP1017,Expert,4.2,Earth Excavation,211.4,,316.6,4.61,14.3,Rolling,Normal,Clear,29.8,58.4,Good,Afternoon,121.9,No,None,146.3,20.02
TASK01858,2025-06-19,MC1003,Excavator,4,Due Soon,OP1004,Beginner,1.3,Trenching,278.5,2.76,685.1,7.44,3.0,Muddy,Normal,Hot,31.6,33.2,Good,Morning,204.4,No,Weather,362.0,77.1
TASK01859,2025-06-27,MC1005,Loader,6,Due Soon,OP1011,Intermediate,3.8,Grading,560.7,1.23,479.3,8.94,0.5,Rocky,Loose,Hot,34.5,,Good,Afternoon,266.3,No,None,388.5,45.89
TASK01860,2025-07-01,MC1005,Loader,6,Good,OP1016,Expert,2.3,Material Loading,216.2,2.87,324.0,3.89,,,Dry,Clear,25.9,59.5,Good,Morning,92.2,No,None,118.7,28.74
TASK01861,2025-06-11,MC1004,Loader,5,Due Soon,OP1003,Beginner,4.6,Material Loading,537.1,7.89,379.4,11.0,23.0,Flat,Muddy,Clear,36.7,64.6,Good,Night,214.1,No,None,482.2,125.22
TASK01862,2025-02-27,MC1001,Excavator,1,Due Soon,OP1014,Expert,2.7,Demolition,203.7,,353.3,4.28,12.9,Rolling,Normal,Cloudy,27.0,60.6,,Afternoon,176.9,No,None,209.6,18.49
TASK01863,2025-01-09,MC1003,Excavator,4,Good,OP1011,Intermediate,4.8,Demolition,56.9,0.5,304.0,1.63,9.6,Muddy,Muddy,Clear,30.4,58.4,,Morning,62.4,No,,111.7,79.01
TASK01864,2025-03-11,MC1003,Excavator,4,Good,OP1004,Beginner,3.9,Demolition,206.3,2.78,154.6,3.73,23.8,Rocky,Wet,Clear,33.1,27.2,Good,Morning,178.9,No,None,315.6,76.41
TASK01865,2025-03-16,MC1008,Bulldozer,8,Due Soon,OP1018,Expert,3.9,Grading,550.5,1.48,544.1,10.18,,Flat,Normal,Hot,34.7,27.2,Good,Afternoon,261.7,No,None,574.5,119.53
TASK01866,2025-12-29,MC1001,Excavator,1,Good,OP1007,Intermediate,5.3,Grading,345.8,1.0,959.2,,7.1,Rolling,Loose,Rainy,23.2,82.2,Good,Morning,169.6,No,None,274.8,62.03
TASK01867,2025-10-31,MC1006,Loader,3,Good,OP1018,Expert,2.3,Grading,268.5,1.19,759.0,4.9,6.5,Muddy,Muddy,Clear,30.2,69.5,Good,Morning,134.8,No,Operator Delay,216.1,60.31
TASK01868,2025-05-15,MC1007,Bulldozer,7,Good,OP1018,Expert,4.2,Material Loading,217.4,2.35,272.4,4.96,50.3,Rolling,,Windy,33.4,61.5,Good,Night,92.6,No,None,164.4,77.54
TASK01869,2025-06-18,MC1004,Loader,5,Good,OP1017,Expert,,Trenching,244.1,1.5,248.4,3.85,6.7,Muddy,Normal,Rainy,24.7,92.7,Good,Afternoon,181.0,No,None,251.7,39.06
TASK01870,2025-08-17,MC1010,Excavator,10,Good,OP1007,Intermediate,4.3,Grading,750.0,4.08,872.9,13.61,16.5,Flat,Dry,Clear,31.8,45.3,Poor,Afternoon,351.5,No,None,526.8,49.87
TASK01871,2025-02-25,MC1007,Bulldozer,7,Good,OP1001,Beginner,1.0,Grading,717.9,6.04,395.3,14.76,16.1,Flat,Normal,Cloudy,22.8,77.8,Good,Morning,337.1,No,None,444.0,31.71
TASK01872,2025-03-29,MC1004,Loader,5,Good,OP1017,Expert,3.1,Material Loading,313.0,4.46,586.1,6.78,26.4,Rolling,Muddy,Rainy,23.9,90.0,Moderate,Morning,128.9,No,None,210.8,63.54
TASK01873,2025-01-04,MC1001,Excavator,1,Due Soon,OP1020,Expert,7.0,Demolition,158.1,,654.1,4.88,11.1,,Normal,Clear,34.2,58.2,Moderate,Night,141.3,No,None,231.1,63.55
TASK01874,2025-01-04,MC1010,Excavator,10,Overdue,OP1020,Expert,1.0,Trenching,181.1,1.88,366.0,4.61,31.7,Flat,Normal,Rainy,20.4,81.5,,Morning,138.2,No,None,205.9,48.99
TASK01875,2025-08-12,MC1003,Excavator,4,Good,OP1008,Intermediate,4.6,Trenching,90.2,0.5,464.0,2.33,5.9,Flat,Normal,Cloudy,24.1,77.9,Good,Afternoon,76.3,No,None,110.0,44.17
TASK01876,2025-06-11,MC1008,Bulldozer,8,Good,OP1018,Expert,2.0,Trenching,253.9,2.29,439.9,6.98,11.0,Muddy,Normal,Cloudy,26.6,65.6,Good,Afternoon,187.6,Yes,Equipment Fault,365.0,94.56
TASK01877,2025-12-04,MC1006,Loader,3,Due Soon,OP1013,Intermediate,5.1,Trenching,184.2,0.62,265.6,2.87,8.1,Rolling,Wet,Clear,30.7,49.3,Good,Morning,140.2,No,Weather,193.7,38.16
TASK01878,2025-05-12,MC1010,Excavator,10,Good,OP1019,Expert,1.0,Earth Excavation,268.6,1.92,264.3,6.06,9.9,Rolling,Normal,Hot,,46.7,Good,,151.7,No,None,191.9,26.5
TASK01879,2025-09-04,MC1005,Loader,6,Due Soon,OP1001,Beginner,1.6,Trenching,61.7,0.5,590.1,2.15,14.9,Rocky,Normal,Clear,27.0,67.5,Good,Morning,56.9,No,None,95.8,68.37
TASK01880,2025-05-12,MC1006,Loader,3,Good,OP1013,Intermediate,4.7,Trenching,268.4,,464.2,4.62,0.5,Muddy,Muddy,Cloudy,,53.4,Good,Afternoon,197.5,No,None,312.2,58.08
TASK01881,2025-02-03,MC1006,Loader,3,Overdue,OP1014,Expert,3.6,Earth Excavation,396.3,5.77,92.2,8.11,16.4,Steep,Wet,Cloudy,27.2,85.7,Moderate,Morning,218.1,No,Site Condition,553.0,153.55
TASK01882,2025-09-20,MC1004,Loader,5,Good,OP1002,Beginner,5.7,Demolition,96.6,1.15,455.2,2.84,22.4,Rolling,Wet,Clear,29.0,62.7,Poor,Night,93.3,No,None,182.5,95.61
TASK01883,2025-04-09,MC1002,Excavator,2,Good,OP1001,Beginner,3.6,Trenching,83.2,1.11,300.6,1.85,,Flat,Normal,Cloudy,20.8,77.7,Good,Morning,71.6,No,None,104.3,45.67
TASK01884,2025-11-22,MC1001,Excavator,1,Good,OP1006,Beginner,,Material Loading,342.4,5.12,398.8,7.22,4.2,Rolling,Loose,Clear,28.3,67.9,Good,Morning,140.1,No,None,201.5,43.83
TASK01885,2025-07-21,MC1005,Loader,6,Due Soon,OP1018,Expert,1.0,Trenching,153.9,1.37,410.5,3.34,4.3,Muddy,Dry,Clear,28.6,86.1,Moderate,Morning,119.6,No,None,158.5,32.53
TASK01886,2025-03-08,MC1003,Excavator,4,Good,OP1005,Beginner,3.6,Trenching,69.6,0.55,459.9,,4.1,Rocky,Normal,Windy,24.9,,Good,Morning,62.3,No,None,111.6,79.13
TASK01887,2025-10-02,MC1003,Excavator,4,Good,OP1016,Expert,1.3,Trenching,256.8,2.46,726.2,6.08,1.6,Rocky,Normal,Cloudy,25.2,73.5,Good,Morning,189.6,No,None,247.1,30.33
TASK01888,2025-09-01,MC1006,Loader,3,Good,OP1008,Intermediate,1.7,Demolition,83.0,,562.5,2.74,60.0,Rolling,Normal,Hot,33.0,49.9,Good,Morning,82.8,No,None,146.1,76.45
TASK01889,2025-12-14,MC1005,Loader,6,Good,OP1020,Expert,9.2,Grading,565.9,2.93,650.8,9.74,23.4,,Wet,Windy,,74.6,Poor,Night,268.7,No,None,533.9,98.7
TASK01890,2025-09-20,MC1001,Excavator,1,Overdue,OP1007,Intermediate,6.9,Demolition,132.9,,389.2,3.15,58.4,Muddy,Wet,Windy,25.9,63.2,Good,Night,121.7,No,None,303.7,149.55
TASK01891,2025-12-17,MC1010,Excavator,10,Good,OP1015,Expert,5.8,Trenching,171.7,0.69,497.9,,10.3,Rocky,Dry,Cloudy,25.1,81.2,Moderate,Afternoon,131.7,No,Material Availability,236.5,79.57
TASK01892,2025-08-16,MC1008,Bulldozer,8,Good,OP1020,Expert,1.0,Material Loading,228.4,4.24,220.5,5.53,17.4,Flat,Loose,Cloudy,27.0,68.8,Good,Morning,96.8,No,Operator Delay,158.8,64.05
TASK01893,2025-03-27,MC1004,Loader,5,Good,OP1013,Intermediate,3.8,Earth Excavation,141.5,2.08,416.8,3.5,2.7,Rocky,Normal,Clear,25.4,59.0,Good,Afternoon,85.6,No,None,114.7,34.0
TASK01894,2025-03-16,MC1004,Loader,5,Good,OP1004,Beginner,4.9,Material Loading,513.0,8.14,429.6,11.54,18.9,Steep,Normal,Cloudy,25.0,54.4,Good,Afternoon,205.0,No,None,323.7,57.9
TASK01895,2025-06-12,MC1002,Excavator,2,Good,OP1007,Intermediate,2.9,Grading,952.9,3.8,630.2,13.57,6.7,Muddy,Dry,Rainy,23.5,83.2,Moderate,Morning,442.8,No,None,824.4,86.18
TASK01896,2025-03-28,MC1002,Excavator,2,Good,OP1009,Intermediate,6.7,Material Loading,73.6,1.14,332.8,2.42,44.6,Muddy,Dry,Rainy,27.6,78.7,Good,Night,38.0,No,None,112.9,197.11
TASK01897,2025-07-21,MC1005,Loader,6,Overdue,OP1010,Intermediate,,Demolition,105.3,1.35,217.0,2.45,,Rocky,Normal,Clear,29.4,49.6,Good,Afternoon,100.1,No,None,155.0,54.85
TASK01898,2025-07-26,MC1006,Loader,3,Good,OP1020,Expert,1.6,Material Loading,568.3,10.28,168.6,10.87,24.5,Muddy,Normal,Clear,32.2,54.0,Good,Morning,226.0,No,,295.6,30.8
TASK01899,2025-02-23,MC1007,Bulldozer,7,Due Soon,OP1015,Expert,6.4,Trenching,273.2,0.84,,5.27,8.6,Flat,Normal,Rainy,25.2,75.6,Poor,Morning,200.8,No,None,291.1,44.97
TASK01900,2025-12-10,MC1008,Bulldozer,8,Good,OP1001,Beginner,1.6,Material Loading,532.4,7.07,798.1,13.59,10.3,Muddy,Dry,Cloudy,29.2,60.7,Moderate,Morning,212.3,No,None,365.4,72.11
TASK01901,2025-11-02,MC1001,Excavator,1,Good,OP1012,Intermediate,5.0,Grading,227.5,1.44,773.0,4.74,5.6,Steep,Dry,Clear,30.0,68.3,,Morning,116.4,No,None,178.8,53.61
TASK01902,2025-09-20,MC1005,Loader,6,Good,OP1018,Expert,3.5,Earth Excavation,283.6,4.6,256.2,6.11,16.7,Rolling,Muddy,Cloudy,26.6,53.9,Good,Afternoon,159.5,No,None,201.4,26.27
TASK01903,2025-04-26,MC1010,Excavator,10,Good,OP1009,Intermediate,6.7,Demolition,66.8,0.65,328.4,2.25,16.5,Flat,Normal,Clear,26.8,64.7,Moderate,Night,70.1,No,,111.6,59.2
TASK01904,2025-06-14,MC1010,Excavator,10,Good,OP1002,Beginner,5.0,Material Loading,298.8,3.26,238.3,6.31,13.1,Rolling,Dry,Rainy,21.0,67.7,Poor,Morning,123.5,No,None,250.6,102.91
TASK01905,2025-02-24,MC1004,Loader,5,Overdue,OP1001,Beginner,7.0,Material Loading,172.3,2.58,310.0,3.89,32.2,Rolling,Wet,Clear,31.8,64.1,Moderate,Night,75.5,No,None,182.9,142.25
TASK01906,2025-10-17,MC1009,Bulldozer,9,Due Soon,OP1003,Beginner,1.6,Earth Excavation,317.6,,291.6,7.42,14.2,Flat,Muddy,Cloudy,31.9,54.0,Good,Morning,177.2,No,None,301.5,70.15
TASK01907,2025-01-28,MC1009,Bulldozer,9,Overdue,OP1010,Intermediate,1.0,Demolition,194.3,,311.9,6.05,,Flat,Wet,Clear,33.6,46.0,Good,Morning,169.6,Yes,Equipment Fault,295.3,74.12
TASK01908,2025-05-16,MC1001,Excavator,1,Good,OP1002,Beginner,4.3,Grading,815.7,6.92,460.4,14.71,13.7,Muddy,Dry,Cloudy,19.9,60.2,Good,Afternoon,381.1,No,None,575.6,51.04
TASK01909,2025-02-10,MC1010,Excavator,10,Good,OP1008,Intermediate,3.0,Earth Excavation,445.6,7.79,,12.87,3.6,Rocky,Dry,Rainy,25.2,79.3,Poor,Morning,243.7,No,None,489.5,100.86
TASK01910,2025-08-15,MC1007,Bulldozer,7,Good,OP1008,Intermediate,2.7,Material Loading,153.8,3.0,369.4,,10.9,Muddy,Normal,Cloudy,24.6,60.0,,Morning,68.4,No,None,134.9,97.22
TASK01911,2025-12-19,MC1007,Bulldozer,7,Due Soon,OP1007,Intermediate,4.8,Material Loading,394.8,,245.8,9.57,41.4,Steep,Wet,Rainy,22.7,88.2,Poor,Morning,160.0,Yes,Equipment Fault,464.3,190.19
TASK01912,2025-04-16,MC1009,Bulldozer,9,Good,OP1011,Intermediate,5.3,Earth Excavation,278.8,2.36,256.0,6.35,5.1,Rocky,Wet,Hot,31.3,51.0,Good,Afternoon,157.0,No,None,320.1,103.89
TASK01913,2025-05-01,MC1003,Excavator,4,Overdue,OP1016,Expert,5.5,Material Loading,312.1,6.86,173.1,9.08,4.4,Flat,Normal,Clear,29.3,51.1,Moderate,Night,128.6,No,None,152.6,18.66
TASK01914,2025-12-29,MC1001,Excavator,1,Good,OP1015,Expert,2.3,Demolition,40.7,0.5,192.5,,57.9,Rocky,Wet,Rainy,26.2,74.3,Moderate,Afternoon,49.7,No,None,124.0,149.5
TASK01915,2025-07-12,MC1007,Bulldozer,7,Good,OP1008,Intermediate,2.8,Earth Excavation,190.6,3.93,209.4,6.44,12.6,Rolling,Wet,Rainy,21.2,81.1,Moderate,Afternoon,111.1,No,None,170.4,53.38
TASK01916,2025-04-05,MC1002,Excavator,2,Good,OP1017,Expert,5.5,Material Loading,372.3,5.51,209.3,7.9,8.0,Rolling,Normal,Windy,22.8,65.1,Poor,Morning,151.5,No,None,229.8,51.68
TASK01917,2025-03-15,MC1003,Excavator,4,Overdue,OP1017,Expert,4.8,Demolition,53.2,0.5,245.4,1.67,4.6,Muddy,Dry,Cloudy,31.8,69.2,Moderate,Night,59.5,No,,81.3,36.64
TASK01918,2025-02-03,MC1003,Excavator,4,Due Soon,OP1019,Expert,5.8,Grading,846.3,3.87,1018.6,13.18,20.4,Muddy,Normal,Clear,26.2,52.9,Poor,Afternoon,394.8,No,None,610.9,54.74
TASK01919,2025-11-02,MC1009,Bulldozer,9,Good,OP1011,Intermediate,8.4,Grading,156.8,0.91,566.4,5.03,19.7,Rolling,Normal,Hot,31.1,34.3,Good,Night,84.6,No,None,167.2,97.64
TASK01920,2025-05-01,MC1004,Loader,5,Good,OP1005,Beginner,3.2,Earth Excavation,159.5,1.03,430.3,3.16,8.3,Rolling,,Clear,34.9,46.7,Good,Afternoon,94.9,No,None,142.7,50.37
TASK01921,2025-03-01,MC1007,Bulldozer,7,Good,OP1017,Expert,1.7,Material Loading,232.2,2.95,556.3,6.39,38.2,Muddy,Dry,Clear,21.2,42.7,Good,Afternoon,98.2,No,None,154.8,57.64
TASK01922,2025-12-07,MC1002,Excavator,2,Overdue,OP1006,Beginner,2.4,Trenching,230.0,2.03,499.2,4.81,5.1,Rolling,Muddy,Clear,26.6,37.4,Moderate,Afternoon,171.4,No,None,273.3,59.45
TASK01923,2025-04-19,MC1004,Loader,5,Good,OP1019,Expert,2.8,Demolition,198.4,,303.9,3.9,23.3,Muddy,Wet,Rainy,25.0,71.7,Moderate,Morning,172.8,No,None,308.4,78.47
TASK01924,2025-06-23,MC1002,Excavator,2,Overdue,OP1006,Beginner,1.8,Grading,340.8,1.25,999.8,7.57,4.2,Rocky,Normal,Cloudy,29.8,77.7,Good,Morning,167.4,No,None,326.0,94.74
TASK01925,2025-08-04,MC1009,Bulldozer,9,Good,OP1018,Expert,1.8,Trenching,231.0,,530.3,4.94,7.2,Flat,Normal,Cloudy,25.9,71.8,,Afternoon,172.1,No,None,217.2,26.21
TASK01926,2025-10-19,MC1010,Excavator,10,Due Soon,OP1007,Intermediate,,Material Loading,170.1,2.15,535.2,4.74,8.2,Rocky,Muddy,Clear,28.2,48.9,Good,Morning,74.7,No,None,92.7,24.1
TASK01927,2025-12-07,MC1004,Loader,5,Good,OP1001,Beginner,2.6,Earth Excavation,321.1,2.69,351.4,5.64,10.5,Muddy,Wet,Clear,31.8,37.6,Good,Night,179.0,No,None,330.8,84.8
TASK01928,2025-07-09,MC1009,Bulldozer,9,Due Soon,OP1006,Beginner,4.9,Demolition,144.6,0.77,210.8,2.86,10.2,Rolling,Normal,Clear,34.7,65.5,Good,Afternoon,130.8,No,None,201.6,54.13
TASK01929,2025-12-03,MC1010,Excavator,10,Due Soon,OP1004,Beginner,5.6,Trenching,197.2,1.94,603.5,6.12,12.2,,Wet,Hot,35.9,51.1,Moderate,Afternoon,149.1,No,None,311.3,108.79
TASK01930,2025-09-15,MC1004,Loader,5,Due Soon,OP1018,Expert,4.3,Demolition,110.0,1.03,252.9,,49.9,Rocky,Loose,Clear,33.2,63.4,Moderate,Morning,103.8,No,None,178.0,71.48
TASK01931,2025-05-30,MC1004,Loader,5,Due Soon,OP1006,Beginner,5.3,Grading,856.3,1.72,900.1,12.26,58.6,Muddy,Normal,Rainy,20.6,73.3,Good,Night,399.3,No,None,868.6,117.53
TASK01932,2025-11-17,MC1008,Bulldozer,8,Good,OP1006,Beginner,6.7,Material Loading,423.1,,239.1,12.25,23.0,Rolling,Wet,Windy,26.5,67.2,Poor,Night,170.8,No,Site Condition,456.0,166.98
TASK01933,2025-08-11,MC1008,Bulldozer,8,Good,OP1003,Beginner,5.7,Material Loading,249.1,3.91,625.5,,20.4,Rolling,Loose,Hot,33.5,26.8,Moderate,Night,104.6,No,None,213.8,104.4
TASK01934,2025-11-16,MC1010,Excavator,10,Good,OP1005,Beginner,1.0,Trenching,158.5,1.16,422.4,4.02,8.1,Rocky,Normal,Cloudy,25.9,68.2,Moderate,Morning,122.8,No,None,224.9,83.14
TASK01935,2025-12-26,MC1009,Bulldozer,9,Good,OP1002,Beginner,5.3,Material Loading,494.4,11.27,420.3,16.19,2.2,,Normal,Cloudy,24.8,51.6,Good,Morning,197.9,No,None,272.5,37.7
TASK01936,2025-12-06,MC1003,Excavator,4,Due Soon,OP1019,Expert,4.8,Material Loading,321.2,5.73,137.8,7.45,30.3,Muddy,Loose,Cloudy,24.3,64.2,Good,,132.0,No,None,244.2,85.0
TASK01937,2025-05-10,MC1007,Bulldozer,7,Good,OP1014,Expert,1.2,Grading,353.7,2.49,836.8,8.2,11.3,Rocky,Dry,Clear,30.1,78.3,Moderate,Morning,173.1,Yes,Equipment Fault,296.0,71.0
TASK01938,2025-01-09,MC1005,Loader,6,Good,OP1013,Intermediate,4.5,Trenching,292.2,1.6,303.2,4.12,,Flat,Muddy,Clear,30.3,55.4,Good,Afternoon,213.7,No,Site Condition,324.5,51.85
TASK01939,2025-04-14,MC1007,Bulldozer,7,Good,OP1019,Expert,3.3,Earth Excavation,249.4,2.19,243.1,5.39,9.8,Flat,Loose,Windy,26.3,72.0,,Afternoon,141.7,No,None,184.8,30.42
TASK01940,2025-09-27,MC1001,Excavator,1,Due Soon,OP1003,Beginner,3.1,Earth Excavation,211.2,1.44,518.4,4.54,10.2,Flat,Muddy,Windy,25.3,49.9,Poor,Morning,121.8,No,None,233.5,91.71
TASK01941,2025-03-03,MC1003,Excavator,4,Overdue,OP1006,Beginner,1.4,Demolition,161.9,2.06,253.7,3.56,46.8,Muddy,Normal,Clear,25.0,65.2,Good,,144.3,No,None,289.6,100.69
TASK01942,2025-12-21,MC1005,Loader,6,Overdue,OP1005,Beginner,1.2,Demolition,215.8,1.89,218.1,4.43,36.1,Flat,Normal,Clear,32.8,53.1,Moderate,Morning,186.3,No,None,304.6,63.5
TASK01943,2025-12-14,MC1004,Loader,5,Due Soon,OP1019,Expert,1.6,Earth Excavation,378.3,5.86,516.9,8.51,4.9,Rocky,Wet,Clear,26.1,55.8,Moderate,Morning,208.7,No,None,276.5,32.49
TASK01944,2025-04-19,MC1006,Loader,3,Overdue,OP1019,Expert,3.2,Earth Excavation,397.0,4.05,,8.46,12.2,Flat,Loose,Windy,28.9,66.3,Good,Morning,218.4,No,None,273.1,25.05
TASK01945,2025-12-08,MC1008,Bulldozer,8,Good,OP1017,Expert,4.2,Grading,365.4,2.52,764.3,7.9,17.5,Rocky,Wet,Clear,27.9,70.6,Good,Morning,178.4,No,None,281.5,57.79
TASK01946,2025-03-23,MC1001,Excavator,1,Good,OP1006,Beginner,1.9,Earth Excavation,139.6,2.32,208.2,3.64,12.2,Steep,Dry,Rainy,18.8,79.9,Good,Morning,84.6,No,None,174.7,106.5
TASK01947,2025-08-23,MC1002,Excavator,2,Due Soon,OP1001,Beginner,7.7,Earth Excavation,431.7,3.72,267.8,6.31,8.8,Rocky,Loose,Cloudy,24.4,74.6,Good,,236.5,No,None,485.2,105.16
TASK01948,2025-04-26,MC1003,Excavator,4,Good,OP1004,Beginner,1.0,Grading,235.9,1.04,2228.3,8.38,26.1,Flat,Wet,Cloudy,27.7,74.4,Good,Morning,120.1,No,None,225.4,87.68
TASK01949,2025-01-07,MC1009,Bulldozer,9,Good,OP1019,Expert,6.7,Material Loading,465.4,7.86,513.6,13.79,19.5,Flat,,Rainy,22.8,67.1,Moderate,Afternoon,186.8,No,None,242.7,29.93
TASK01950,2025-04-20,MC1009,Bulldozer,9,Good,OP1009,Intermediate,4.6,Demolition,116.0,1.57,212.0,3.41,4.9,Rocky,Dry,Clear,31.5,53.2,Good,Night,108.5,No,None,177.3,63.41
TASK01951,2025-12-17,MC1003,Excavator,4,Due Soon,OP1007,Intermediate,2.2,Demolition,73.3,0.99,290.1,2.39,60.2,Flat,Normal,Windy,28.6,55.4,Moderate,Morning,75.2,No,None,154.2,105.05
TASK01952,2025-05-07,MC1004,Loader,5,Good,OP1006,Beginner,6.9,Grading,247.5,1.35,752.2,5.03,8.8,Rocky,Muddy,Cloudy,29.2,81.3,Good,Night,125.4,No,,260.3,107.58
TASK01953,2025-06-24,MC1002,Excavator,2,Good,OP1012,Intermediate,5.9,Trenching,261.8,2.7,476.6,5.15,,Rolling,Normal,Clear,35.5,,Moderate,Night,193.0,No,None,313.2,62.28
TASK01954,2025-02-11,MC1003,Excavator,4,Overdue,OP1001,Beginner,1.0,Earth Excavation,303.9,2.65,224.0,,9.4,Rocky,Normal,Clear,28.1,44.5,Good,Afternoon,170.0,No,None,296.8,74.59
TASK01955,2025-11-10,MC1002,Excavator,2,Good,OP1009,Intermediate,5.7,Grading,741.5,4.61,705.3,13.43,3.5,Flat,Dry,Rainy,24.3,77.7,Moderate,Night,347.7,No,None,509.7,46.59
TASK01956,2025-08-31,MC1005,Loader,6,Good,OP1018,Expert,1.3,Material Loading,557.2,10.93,325.5,11.13,10.9,Rocky,Loose,Cloudy,27.4,57.0,Moderate,Morning,221.7,No,None,299.0,34.87
TASK01957,2025-01-06,MC1007,Bulldozer,7,Good,OP1020,Expert,1.0,Trenching,267.3,2.59,525.3,6.99,4.9,Flat,Normal,Cloudy,25.9,73.1,,Morning,196.8,No,None,196.8,0.0
TASK01958,2025-10-10,MC1003,Excavator,4,Good,OP1002,Beginner,1.4,Demolition,155.8,1.92,165.3,3.33,20.3,Flat,Normal,Clear,28.9,43.9,Good,,139.5,No,None,173.5,24.37
TASK01959,2025-12-28,MC1001,Excavator,1,Good,OP1016,Expert,4.5,Grading,433.0,2.58,1018.8,8.32,6.6,Steep,Muddy,Windy,28.9,76.1,Moderate,Afternoon,208.8,No,None,296.0,41.76
TASK01960,2025-06-17,MC1010,Excavator,10,Due Soon,OP1002,Beginner,1.0,Demolition,170.2,,242.5,4.27,33.8,Rolling,Loose,Windy,27.8,,Good,Morning,150.8,No,None,281.6,86.74
TASK01961,2025-09-29,MC1003,Excavator,4,Good,OP1010,Intermediate,3.3,Trenching,176.4,0.84,188.7,2.64,5.5,Rolling,Dry,Clear,33.0,67.2,,,135.0,No,None,155.0,14.81
TASK01962,2025-09-21,MC1002,Excavator,2,Good,OP1011,Intermediate,6.2,Demolition,176.7,1.36,179.0,2.99,27.1,Rocky,Wet,Clear,31.9,65.1,Good,Night,155.8,Yes,Equipment Fault,367.8,136.07
TASK01963,2025-05-19,MC1004,Loader,5,Good,OP1016,Expert,1.0,Trenching,135.1,1.37,365.7,3.45,2.5,,Loose,Hot,35.3,38.7,Good,Afternoon,106.9,No,Weather,164.2,53.6
TASK01964,2025-11-08,MC1008,Bulldozer,8,Good,OP1018,Expert,5.2,Material Loading,419.0,7.71,,13.3,5.7,Muddy,Normal,Hot,40.6,25.9,Good,Afternoon,169.2,No,None,310.0,83.22
TASK01965,2025-08-11,MC1008,Bulldozer,8,Due Soon,OP1015,Expert,4.1,Material Loading,368.4,5.27,277.8,9.62,35.1,Rocky,Wet,Clear,,56.6,Good,Morning,150.0,No,None,249.3,66.2
TASK01966,2025-02-03,MC1005,Loader,6,Good,OP1004,Beginner,6.2,Material Loading,390.2,8.76,592.8,10.24,18.2,Rolling,Wet,Windy,28.0,60.4,Moderate,Afternoon,158.3,No,None,299.4,89.13
TASK01967,2025-05-11,MC1010,Excavator,10,Good,OP1002,Beginner,1.5,Trenching,167.6,0.72,555.0,3.96,1.7,Steep,Loose,Cloudy,27.9,69.4,Good,Afternoon,129.0,No,None,232.0,79.84
TASK01968,2025-02-28,MC1005,Loader,6,Overdue,OP1019,Expert,1.0,Earth Excavation,352.1,2.73,353.4,6.93,10.6,Steep,Dry,Cloudy,27.6,67.9,Good,Morning,195.1,No,None,257.3,31.88
TASK01969,2025-02-08,MC1007,Bulldozer,7,Good,OP1008,Intermediate,2.5,Material Loading,482.2,,,,9.3,Flat,Wet,Cloudy,23.1,55.5,Moderate,Morning,193.2,No,None,286.5,48.29
TASK01970,2025-10-01,MC1002,Excavator,2,Good,OP1005,Beginner,1.5,Demolition,157.8,1.26,420.4,3.88,15.6,Muddy,Wet,Hot,39.3,39.0,Good,Morning,141.1,No,Site Condition,265.6,88.24
TASK01971,2025-01-14,MC1009,Bulldozer,9,Good,OP1001,Beginner,1.4,Earth Excavation,204.9,1.29,236.0,4.07,9.0,Rolling,Dry,Clear,24.6,55.4,Good,Morning,118.5,No,None,179.2,51.22
TASK01972,2025-04-25,MC1010,Excavator,10,Good,OP1004,Beginner,2.0,Trenching,245.2,2.38,569.0,6.33,3.6,Flat,,Clear,29.6,54.0,,Morning,181.7,No,None,256.7,41.28
TASK01973,2025-04-05,MC1009,Bulldozer,9,Overdue,OP1007,Intermediate,4.6,Material Loading,136.6,2.03,246.9,4.4,10.5,Flat,Dry,Cloudy,26.6,37.0,Poor,Afternoon,61.9,No,None,114.2,84.49
TASK01974,2025-10-09,MC1009,Bulldozer,9,Overdue,OP1011,Intermediate,6.4,Earth Excavation,260.3,4.49,131.5,8.21,2.0,Rolling,Dry,Clear,34.3,70.7,Moderate,Night,147.4,No,None,247.9,68.18
TASK01975,2025-12-27,MC1002,Excavator,2,Good,OP1006,Beginner,1.8,Material Loading,581.5,9.16,,12.92,20.9,Rolling,Wet,Clear,27.2,48.7,Good,Morning,231.0,No,None,351.8,52.29
TASK01976,2025-07-21,MC1005,Loader,6,Good,OP1013,Intermediate,3.4,Earth Excavation,81.8,1.17,479.6,2.67,4.2,Rolling,Muddy,Cloudy,26.3,69.2,,Afternoon,54.5,No,None,91.8,68.44
TASK01977,2025-02-21,MC1008,Bulldozer,8,Due Soon,OP1019,Expert,4.3,Earth Excavation,254.6,1.79,255.9,5.76,5.8,Rocky,Normal,Rainy,21.0,83.6,Good,Morning,144.4,No,None,197.2,36.57
TASK01978,2025-11-02,MC1006,Loader,3,Good,OP1013,Intermediate,2.1,Trenching,174.4,1.57,363.6,3.73,10.7,Flat,Muddy,Rainy,22.9,78.4,,Morning,133.6,No,None,198.9,48.88
TASK01979,2025-10-20,MC1007,Bulldozer,7,Good,OP1011,Intermediate,,Demolition,103.2,1.09,203.5,2.46,18.4,,Dry,Clear,29.5,74.4,Moderate,Night,98.5,No,None,142.6,44.77
TASK01980,2025-01-18,MC1009,Bulldozer,9,Overdue,OP1007,Intermediate,3.3,Trenching,288.5,2.99,488.7,8.32,2.9,Flat,,Clear,27.4,57.5,Good,Morning,211.2,No,None,282.6,33.81
TASK01981,2025-03-06,MC1001,Excavator,1,Good,OP1005,Beginner,5.2,Material Loading,255.2,5.7,337.7,6.87,25.7,Flat,Wet,Clear,15.2,68.7,Good,Morning,107.0,No,None,177.9,66.26
TASK01982,2025-02-07,MC1001,Excavator,1,Good,OP1015,Expert,6.2,Trenching,177.3,0.59,919.1,,1.0,Muddy,Dry,Cloudy,27.9,77.9,Moderate,Afternoon,135.6,No,None,200.2,47.64
TASK01983,2025-03-23,MC1010,Excavator,10,Due Soon,OP1007,Intermediate,7.0,Material Loading,350.5,5.0,417.4,10.0,59.3,Muddy,Normal,Rainy,,81.2,Good,,143.2,No,None,371.8,159.64
TASK01984,2025-08-04,MC1004,Loader,5,Good,OP1001,Beginner,4.8,Trenching,237.9,2.34,291.4,4.19,0.6,Flat,Normal,Clear,29.1,56.9,Moderate,Morning,176.7,No,,235.4,33.22
TASK01985,2025-04-03,MC1007,Bulldozer,7,Good,OP1008,Intermediate,4.2,Demolition,125.1,1.1,130.2,2.45,31.7,Rocky,Muddy,Clear,27.0,52.3,Good,Afternoon,115.6,No,None,201.6,74.39
TASK01986,2025-01-05,MC1010,Excavator,10,Due Soon,OP1016,Expert,1.0,Demolition,208.6,2.62,139.7,,37.8,,Loose,Clear,28.3,33.1,Moderate,Morning,180.7,No,None,232.4,28.61
TASK01987,2025-09-25,MC1007,Bulldozer,7,Good,OP1011,Intermediate,2.2,Demolition,125.8,2.13,98.0,3.57,58.0,Flat,Dry,Clear,33.6,62.3,Good,Afternoon,116.1,No,None,186.8,60.9
TASK01988,2025-02-27,MC1005,Loader,6,Good,OP1012,Intermediate,3.0,Demolition,52.8,0.5,195.9,1.5,27.9,Muddy,Dry,Hot,39.2,49.2,Good,Night,59.2,No,None,115.7,95.44
TASK01989,2025-10-02,MC1002,Excavator,2,Overdue,OP1004,Beginner,,Demolition,133.5,1.52,169.6,2.83,,Muddy,Wet,Rainy,26.3,68.6,Good,Night,122.1,Yes,,428.2,250.7
TASK01990,2025-01-13,MC1007,Bulldozer,7,Good,OP1011,Intermediate,4.5,Trenching,135.2,,645.5,4.83,,Rocky,Muddy,Hot,35.5,60.9,Moderate,Morning,106.9,No,None,200.5,87.56
TASK01991,2025-12-30,MC1002,Excavator,2,Good,OP1018,Expert,3.7,Trenching,277.3,2.26,315.3,5.03,16.3,Rolling,Muddy,Hot,36.6,61.1,Good,Morning,203.6,No,None,243.3,19.5
TASK01992,2025-10-23,MC1007,Bulldozer,7,Good,OP1010,Intermediate,,Demolition,180.7,1.72,523.7,4.51,12.2,Muddy,Muddy,Clear,,43.9,Good,Afternoon,158.9,No,None,238.5,50.09
TASK01993,2025-05-31,MC1008,Bulldozer,8,Good,OP1006,Beginner,3.2,Material Loading,396.1,9.22,438.2,12.41,40.8,Steep,Wet,Clear,28.2,63.7,Good,Morning,160.5,No,Material Availability,352.0,119.31
TASK01994,2025-03-11,MC1008,Bulldozer,8,Good,OP1001,Beginner,6.1,Earth Excavation,338.8,4.72,294.3,7.34,3.8,Rolling,Dry,Clear,29.9,71.2,Good,Night,188.2,No,Weather,330.5,75.61
TASK01995,2025-09-02,MC1007,Bulldozer,7,Good,OP1011,Intermediate,,Trenching,162.6,,837.1,4.68,,Muddy,Normal,Windy,29.9,33.5,Good,Afternoon,125.6,No,None,214.9,71.1
TASK01996,2025-05-04,MC1005,Loader,6,Good,OP1004,Beginner,4.1,Grading,316.3,2.45,1276.6,8.0,11.2,Rolling,Wet,Cloudy,27.5,98.0,Good,Afternoon,156.3,No,None,271.9,73.96
TASK01997,2025-09-07,MC1005,Loader,6,Due Soon,OP1012,Intermediate,4.9,Grading,698.0,3.07,357.0,10.21,11.7,Muddy,Loose,Clear,31.6,59.5,Good,Afternoon,328.1,No,None,527.1,60.65
TASK01998,2025-09-09,MC1009,Bulldozer,9,Overdue,OP1007,Intermediate,3.8,Trenching,263.1,2.15,447.3,8.04,4.0,Rolling,Muddy,Clear,26.3,81.1,Good,Afternoon,193.9,No,None,298.9,54.15
TASK01999,2025-06-06,MC1007,Bulldozer,7,Good,OP1008,Intermediate,1.0,Trenching,94.3,0.77,846.5,3.89,12.1,Rocky,Normal,Windy,24.1,58.0,Good,Morning,79.1,No,None,133.5,68.77
TASK02000,2025-05-09,MC1004,Loader,5,Good,OP1002,Beginner,4.9,Trenching,228.1,0.87,329.2,3.81,2.6,Rolling,Muddy,Hot,35.6,38.3,Good,Afternoon,170.1,No,None,275.4,61.9
